<gpx xmlns:ns3="http://www.garmin.com/xmlschemas/TrackPointExtension/v1" xmlns="http://www.topografix.com/GPX/1/1" xmlns:xsi="http://www.w3.org/2001/XMLSchema-instance" xmlns:ns2="http://www.garmin.com/xmlschemas/GpxExtensions/v3" creator="Garmin Connect" version="1.1" xsi:schemaLocation="http://www.topografix.com/GPX/1/1 http://www.topografix.com/GPX/11.xsd">
  <extensions>
<distance>5878.99</distance>
<average_hr>138.0</average_hr>
<average_speed>2.614000082015991</average_speed>
<start_time>2026-05-28T22:47:25+00:00</start_time>
<end_time>2026-05-28T23:24:54.169000+00:00</end_time>
<moving_time>2249.169</moving_time>
<elapsed_time>2738.491</elapsed_time>
</extensions>
<metadata>
    <link href="connect.garmin.com">
      <text>Garmin Connect</text>
    </link>
    <time>2026-05-28T22:47:25.000Z</time>
  </metadata>
  <trk>
    <name>常州市 跑步</name>
    <type>running</type>
    <trkseg>
      <trkpt lat="31.40759509988129138946533203125" lon="119.49586671777069568634033203125">
        <ele>3.2000000476837158203125</ele>
        <time>2026-05-28T22:47:25.000Z</time>
        <extensions>
          <ns3:TrackPointExtension/>
        </extensions>
      </trkpt>
      <trkpt lat="31.407586298882961273193359375" lon="119.49587367475032806396484375">
        <ele>3.2000000476837158203125</ele>
        <time>2026-05-28T22:47:26.000Z</time>
        <extensions>
          <ns3:TrackPointExtension/>
        </extensions>
      </trkpt>
      <trkpt lat="31.4075764082372188568115234375" lon="119.49588046409189701080322265625">
        <ele>3</ele>
        <time>2026-05-28T22:47:28.000Z</time>
        <extensions>
          <ns3:TrackPointExtension>
            <ns3:hr>81</ns3:hr>
          </ns3:TrackPointExtension>
        </extensions>
      </trkpt>
      <trkpt lat="31.40756391920149326324462890625" lon="119.495885074138641357421875">
        <ele>3</ele>
        <time>2026-05-28T22:47:29.000Z</time>
        <extensions>
          <ns3:TrackPointExtension>
            <ns3:hr>81</ns3:hr>
          </ns3:TrackPointExtension>
        </extensions>
      </trkpt>
      <trkpt lat="31.4075495861470699310302734375" lon="119.49588775634765625">
        <ele>2.7999999523162841796875</ele>
        <time>2026-05-28T22:47:30.000Z</time>
        <extensions>
          <ns3:TrackPointExtension/>
        </extensions>
      </trkpt>
      <trkpt lat="31.407534666359424591064453125" lon="119.49588918127119541168212890625">
        <ele>2.7999999523162841796875</ele>
        <time>2026-05-28T22:47:31.000Z</time>
        <extensions>
          <ns3:TrackPointExtension/>
        </extensions>
      </trkpt>
      <trkpt lat="31.4075194112956523895263671875" lon="119.4958892650902271270751953125">
        <ele>2.7999999523162841796875</ele>
        <time>2026-05-28T22:47:32.000Z</time>
        <extensions>
          <ns3:TrackPointExtension/>
        </extensions>
      </trkpt>
      <trkpt lat="31.407503820955753326416015625" lon="119.49588817544281482696533203125">
        <ele>2.7999999523162841796875</ele>
        <time>2026-05-28T22:47:33.000Z</time>
        <extensions>
          <ns3:TrackPointExtension>
            <ns3:hr>83</ns3:hr>
          </ns3:TrackPointExtension>
        </extensions>
      </trkpt>
      <trkpt lat="31.40748806297779083251953125" lon="119.49588716961443424224853515625">
        <ele>2.7999999523162841796875</ele>
        <time>2026-05-28T22:47:34.000Z</time>
        <extensions>
          <ns3:TrackPointExtension>
            <ns3:hr>83</ns3:hr>
          </ns3:TrackPointExtension>
        </extensions>
      </trkpt>
      <trkpt lat="31.40747020952403545379638671875" lon="119.495888091623783111572265625">
        <ele>2.7999999523162841796875</ele>
        <time>2026-05-28T22:47:35.000Z</time>
        <extensions>
          <ns3:TrackPointExtension/>
        </extensions>
      </trkpt>
      <trkpt lat="31.407450847327709197998046875" lon="119.49588951654732227325439453125">
        <ele>2.7999999523162841796875</ele>
        <time>2026-05-28T22:47:36.000Z</time>
        <extensions>
          <ns3:TrackPointExtension/>
        </extensions>
      </trkpt>
      <trkpt lat="31.40743198804557323455810546875" lon="119.49588985182344913482666015625">
        <ele>2.7999999523162841796875</ele>
        <time>2026-05-28T22:47:37.000Z</time>
        <extensions>
          <ns3:TrackPointExtension/>
        </extensions>
      </trkpt>
      <trkpt lat="31.407413296401500701904296875" lon="119.4958899356424808502197265625">
        <ele>2.7999999523162841796875</ele>
        <time>2026-05-28T22:47:38.000Z</time>
        <extensions>
          <ns3:TrackPointExtension>
            <ns3:hr>90</ns3:hr>
          </ns3:TrackPointExtension>
        </extensions>
      </trkpt>
      <trkpt lat="31.40739376656711101531982421875" lon="119.4958912767469882965087890625">
        <ele>2.7999999523162841796875</ele>
        <time>2026-05-28T22:47:39.000Z</time>
        <extensions>
          <ns3:TrackPointExtension>
            <ns3:hr>90</ns3:hr>
          </ns3:TrackPointExtension>
        </extensions>
      </trkpt>
      <trkpt lat="31.40737314708530902862548828125" lon="119.495892114937305450439453125">
        <ele>2.7999999523162841796875</ele>
        <time>2026-05-28T22:47:40.000Z</time>
        <extensions>
          <ns3:TrackPointExtension/>
        </extensions>
      </trkpt>
      <trkpt lat="31.40735202468931674957275390625" lon="119.495892785489559173583984375">
        <ele>2.7999999523162841796875</ele>
        <time>2026-05-28T22:47:41.000Z</time>
        <extensions>
          <ns3:TrackPointExtension/>
        </extensions>
      </trkpt>
      <trkpt lat="31.407330818474292755126953125" lon="119.4958944618701934814453125">
        <ele>2.7999999523162841796875</ele>
        <time>2026-05-28T22:47:42.000Z</time>
        <extensions>
          <ns3:TrackPointExtension/>
        </extensions>
      </trkpt>
      <trkpt lat="31.4073095284402370452880859375" lon="119.4958971440792083740234375">
        <ele>2.7999999523162841796875</ele>
        <time>2026-05-28T22:47:43.000Z</time>
        <extensions>
          <ns3:TrackPointExtension/>
        </extensions>
      </trkpt>
      <trkpt lat="31.407287903130054473876953125" lon="119.4958999939262866973876953125">
        <ele>2.7999999523162841796875</ele>
        <time>2026-05-28T22:47:44.000Z</time>
        <extensions>
          <ns3:TrackPointExtension/>
        </extensions>
      </trkpt>
      <trkpt lat="31.40726585872471332550048828125" lon="119.495902843773365020751953125">
        <ele>2.7999999523162841796875</ele>
        <time>2026-05-28T22:47:45.000Z</time>
        <extensions>
          <ns3:TrackPointExtension/>
        </extensions>
      </trkpt>
      <trkpt lat="31.407243646681308746337890625" lon="119.49590477161109447479248046875">
        <ele>3</ele>
        <time>2026-05-28T22:47:46.000Z</time>
        <extensions>
          <ns3:TrackPointExtension/>
        </extensions>
      </trkpt>
      <trkpt lat="31.407221853733062744140625" lon="119.4959046877920627593994140625">
        <ele>3</ele>
        <time>2026-05-28T22:47:47.000Z</time>
        <extensions>
          <ns3:TrackPointExtension/>
        </extensions>
      </trkpt>
      <trkpt lat="31.4071972109377384185791015625" lon="119.49590628035366535186767578125">
        <ele>3.2000000476837158203125</ele>
        <time>2026-05-28T22:47:48.000Z</time>
        <extensions>
          <ns3:TrackPointExtension/>
        </extensions>
      </trkpt>
      <trkpt lat="31.40717499889433383941650390625" lon="119.49590745382010936737060546875">
        <ele>3.400000095367431640625</ele>
        <time>2026-05-28T22:47:49.000Z</time>
        <extensions>
          <ns3:TrackPointExtension/>
        </extensions>
      </trkpt>
      <trkpt lat="31.4071532897651195526123046875" lon="119.4959083758294582366943359375">
        <ele>3.400000095367431640625</ele>
        <time>2026-05-28T22:47:50.000Z</time>
        <extensions>
          <ns3:TrackPointExtension/>
        </extensions>
      </trkpt>
      <trkpt lat="31.407131664454936981201171875" lon="119.4959100522100925445556640625">
        <ele>3.599999904632568359375</ele>
        <time>2026-05-28T22:47:51.000Z</time>
        <extensions>
          <ns3:TrackPointExtension/>
        </extensions>
      </trkpt>
      <trkpt lat="31.40711045823991298675537109375" lon="119.49591164477169513702392578125">
        <ele>3.599999904632568359375</ele>
        <time>2026-05-28T22:47:52.000Z</time>
        <extensions>
          <ns3:TrackPointExtension/>
        </extensions>
      </trkpt>
      <trkpt lat="31.4070892520248889923095703125" lon="119.49591298587620258331298828125">
        <ele>3.599999904632568359375</ele>
        <time>2026-05-28T22:47:53.000Z</time>
        <extensions>
          <ns3:TrackPointExtension/>
        </extensions>
      </trkpt>
      <trkpt lat="31.40706804580986499786376953125" lon="119.49591482989490032196044921875">
        <ele>3.7999999523162841796875</ele>
        <time>2026-05-28T22:47:54.000Z</time>
        <extensions>
          <ns3:TrackPointExtension/>
        </extensions>
      </trkpt>
      <trkpt lat="31.4070470072329044342041015625" lon="119.49591650627553462982177734375">
        <ele>3.7999999523162841796875</ele>
        <time>2026-05-28T22:47:55.000Z</time>
        <extensions>
          <ns3:TrackPointExtension/>
        </extensions>
      </trkpt>
      <trkpt lat="31.40702596865594387054443359375" lon="119.49591818265616893768310546875">
        <ele>4</ele>
        <time>2026-05-28T22:47:56.000Z</time>
        <extensions>
          <ns3:TrackPointExtension/>
        </extensions>
      </trkpt>
      <trkpt lat="31.40700501389801502227783203125" lon="119.49592069722712039947509765625">
        <ele>4</ele>
        <time>2026-05-28T22:47:57.000Z</time>
        <extensions>
          <ns3:TrackPointExtension/>
        </extensions>
      </trkpt>
      <trkpt lat="31.40698137693107128143310546875" lon="119.49592539109289646148681640625">
        <ele>4.19999980926513671875</ele>
        <time>2026-05-28T22:47:58.000Z</time>
        <extensions>
          <ns3:TrackPointExtension>
            <ns3:hr>106</ns3:hr>
          </ns3:TrackPointExtension>
        </extensions>
      </trkpt>
      <trkpt lat="31.40695539303123950958251953125" lon="119.49593142606317996978759765625">
        <ele>4.19999980926513671875</ele>
        <time>2026-05-28T22:47:59.000Z</time>
        <extensions>
          <ns3:TrackPointExtension>
            <ns3:hr>106</ns3:hr>
          </ns3:TrackPointExtension>
        </extensions>
      </trkpt>
      <trkpt lat="31.40693007968366146087646484375" lon="119.49593679048120975494384765625">
        <ele>4.400000095367431640625</ele>
        <time>2026-05-28T22:48:00.000Z</time>
        <extensions>
          <ns3:TrackPointExtension/>
        </extensions>
      </trkpt>
      <trkpt lat="31.406906358897686004638671875" lon="119.49594131670892238616943359375">
        <ele>4.400000095367431640625</ele>
        <time>2026-05-28T22:48:01.000Z</time>
        <extensions>
          <ns3:TrackPointExtension/>
        </extensions>
      </trkpt>
      <trkpt lat="31.40688464976847171783447265625" lon="119.4959442503750324249267578125">
        <ele>4.599999904632568359375</ele>
        <time>2026-05-28T22:48:02.000Z</time>
        <extensions>
          <ns3:TrackPointExtension/>
        </extensions>
      </trkpt>
      <trkpt lat="31.40686369501054286956787109375" lon="119.495944418013095855712890625">
        <ele>4.80000019073486328125</ele>
        <time>2026-05-28T22:48:03.000Z</time>
        <extensions>
          <ns3:TrackPointExtension/>
        </extensions>
      </trkpt>
      <trkpt lat="31.4068423211574554443359375" lon="119.49594249017536640167236328125">
        <ele>5</ele>
        <time>2026-05-28T22:48:04.000Z</time>
        <extensions>
          <ns3:TrackPointExtension/>
        </extensions>
      </trkpt>
      <trkpt lat="31.40682061202824115753173828125" lon="119.495940394699573516845703125">
        <ele>5</ele>
        <time>2026-05-28T22:48:05.000Z</time>
        <extensions>
          <ns3:TrackPointExtension/>
        </extensions>
      </trkpt>
      <trkpt lat="31.40679848380386829376220703125" lon="119.4959392212331295013427734375">
        <ele>5.19999980926513671875</ele>
        <time>2026-05-28T22:48:06.000Z</time>
        <extensions>
          <ns3:TrackPointExtension/>
        </extensions>
      </trkpt>
      <trkpt lat="31.40677602030336856842041015625" lon="119.49593930505216121673583984375">
        <ele>5.400000095367431640625</ele>
        <time>2026-05-28T22:48:07.000Z</time>
        <extensions>
          <ns3:TrackPointExtension/>
        </extensions>
      </trkpt>
      <trkpt lat="31.406754143536090850830078125" lon="119.49594014324247837066650390625">
        <ele>5.599999904632568359375</ele>
        <time>2026-05-28T22:48:08.000Z</time>
        <extensions>
          <ns3:TrackPointExtension/>
        </extensions>
      </trkpt>
      <trkpt lat="31.40673276968300342559814453125" lon="119.4959408976137638092041015625">
        <ele>5.599999904632568359375</ele>
        <time>2026-05-28T22:48:09.000Z</time>
        <extensions>
          <ns3:TrackPointExtension/>
        </extensions>
      </trkpt>
      <trkpt lat="31.4067113958299160003662109375" lon="119.49594131670892238616943359375">
        <ele>5.599999904632568359375</ele>
        <time>2026-05-28T22:48:10.000Z</time>
        <extensions>
          <ns3:TrackPointExtension/>
        </extensions>
      </trkpt>
      <trkpt lat="31.4066906087100505828857421875" lon="119.4959419034421443939208984375">
        <ele>5.599999904632568359375</ele>
        <time>2026-05-28T22:48:11.000Z</time>
        <extensions>
          <ns3:TrackPointExtension/>
        </extensions>
      </trkpt>
      <trkpt lat="31.40666957013309001922607421875" lon="119.49594332836568355560302734375">
        <ele>5.599999904632568359375</ele>
        <time>2026-05-28T22:48:12.000Z</time>
        <extensions>
          <ns3:TrackPointExtension/>
        </extensions>
      </trkpt>
      <trkpt lat="31.40664794482290744781494140625" lon="119.49594500474631786346435546875">
        <ele>5.599999904632568359375</ele>
        <time>2026-05-28T22:48:13.000Z</time>
        <extensions>
          <ns3:TrackPointExtension/>
        </extensions>
      </trkpt>
      <trkpt lat="31.4066250622272491455078125" lon="119.495946429669857025146484375">
        <ele>5.599999904632568359375</ele>
        <time>2026-05-28T22:48:14.000Z</time>
        <extensions>
          <ns3:TrackPointExtension/>
        </extensions>
      </trkpt>
      <trkpt lat="31.40660184435546398162841796875" lon="119.4959482736885547637939453125">
        <ele>5.599999904632568359375</ele>
        <time>2026-05-28T22:48:15.000Z</time>
        <extensions>
          <ns3:TrackPointExtension/>
        </extensions>
      </trkpt>
      <trkpt lat="31.4065796323120594024658203125" lon="119.495952129364013671875">
        <ele>5.599999904632568359375</ele>
        <time>2026-05-28T22:48:16.000Z</time>
        <extensions>
          <ns3:TrackPointExtension/>
        </extensions>
      </trkpt>
      <trkpt lat="31.40655809082090854644775390625" lon="119.49595690704882144927978515625">
        <ele>5.599999904632568359375</ele>
        <time>2026-05-28T22:48:17.000Z</time>
        <extensions>
          <ns3:TrackPointExtension/>
        </extensions>
      </trkpt>
      <trkpt lat="31.40653562732040882110595703125" lon="119.4959610141813755035400390625">
        <ele>5.599999904632568359375</ele>
        <time>2026-05-28T22:48:18.000Z</time>
        <extensions>
          <ns3:TrackPointExtension/>
        </extensions>
      </trkpt>
      <trkpt lat="31.406513415277004241943359375" lon="119.49596445076167583465576171875">
        <ele>5.599999904632568359375</ele>
        <time>2026-05-28T22:48:19.000Z</time>
        <extensions>
          <ns3:TrackPointExtension/>
        </extensions>
      </trkpt>
      <trkpt lat="31.4064924605190753936767578125" lon="119.49596847407519817352294921875">
        <ele>5.400000095367431640625</ele>
        <time>2026-05-28T22:48:20.000Z</time>
        <extensions>
          <ns3:TrackPointExtension/>
        </extensions>
      </trkpt>
      <trkpt lat="31.4064723439514636993408203125" lon="119.4959730841219425201416015625">
        <ele>5.400000095367431640625</ele>
        <time>2026-05-28T22:48:21.000Z</time>
        <extensions>
          <ns3:TrackPointExtension/>
        </extensions>
      </trkpt>
      <trkpt lat="31.40645180828869342803955078125" lon="119.49597685597836971282958984375">
        <ele>5.19999980926513671875</ele>
        <time>2026-05-28T22:48:22.000Z</time>
        <extensions>
          <ns3:TrackPointExtension/>
        </extensions>
      </trkpt>
      <trkpt lat="31.4064304344356060028076171875" lon="119.49597987346351146697998046875">
        <ele>5.19999980926513671875</ele>
        <time>2026-05-28T22:48:23.000Z</time>
        <extensions>
          <ns3:TrackPointExtension/>
        </extensions>
      </trkpt>
      <trkpt lat="31.40640847384929656982421875" lon="119.49598272331058979034423828125">
        <ele>5</ele>
        <time>2026-05-28T22:48:24.000Z</time>
        <extensions>
          <ns3:TrackPointExtension/>
        </extensions>
      </trkpt>
      <trkpt lat="31.40638659708201885223388671875" lon="119.495985321700572967529296875">
        <ele>5</ele>
        <time>2026-05-28T22:48:25.000Z</time>
        <extensions>
          <ns3:TrackPointExtension/>
        </extensions>
      </trkpt>
      <trkpt lat="31.406365893781185150146484375" lon="119.495988003909587860107421875">
        <ele>4.80000019073486328125</ele>
        <time>2026-05-28T22:48:26.000Z</time>
        <extensions>
          <ns3:TrackPointExtension/>
        </extensions>
      </trkpt>
      <trkpt lat="31.406345777213573455810546875" lon="119.4959911890327930450439453125">
        <ele>4.80000019073486328125</ele>
        <time>2026-05-28T22:48:27.000Z</time>
        <extensions>
          <ns3:TrackPointExtension/>
        </extensions>
      </trkpt>
      <trkpt lat="31.4063251577317714691162109375" lon="119.4959942065179347991943359375">
        <ele>4.599999904632568359375</ele>
        <time>2026-05-28T22:48:28.000Z</time>
        <extensions>
          <ns3:TrackPointExtension/>
        </extensions>
      </trkpt>
      <trkpt lat="31.406302861869335174560546875" lon="119.49599680490791797637939453125">
        <ele>4.599999904632568359375</ele>
        <time>2026-05-28T22:48:29.000Z</time>
        <extensions>
          <ns3:TrackPointExtension/>
        </extensions>
      </trkpt>
      <trkpt lat="31.4062790572643280029296875" lon="119.4959985651075839996337890625">
        <ele>4.599999904632568359375</ele>
        <time>2026-05-28T22:48:30.000Z</time>
        <extensions>
          <ns3:TrackPointExtension/>
        </extensions>
      </trkpt>
      <trkpt lat="31.40625433064997196197509765625" lon="119.4959992356598377227783203125">
        <ele>4.400000095367431640625</ele>
        <time>2026-05-28T22:48:31.000Z</time>
        <extensions>
          <ns3:TrackPointExtension/>
        </extensions>
      </trkpt>
      <trkpt lat="31.40623002313077449798583984375" lon="119.49599931947886943817138671875">
        <ele>4.400000095367431640625</ele>
        <time>2026-05-28T22:48:32.000Z</time>
        <extensions>
          <ns3:TrackPointExtension/>
        </extensions>
      </trkpt>
      <trkpt lat="31.40620705671608448028564453125" lon="119.49599999003112316131591796875">
        <ele>4.19999980926513671875</ele>
        <time>2026-05-28T22:48:33.000Z</time>
        <extensions>
          <ns3:TrackPointExtension/>
        </extensions>
      </trkpt>
      <trkpt lat="31.40618610195815563201904296875" lon="119.49600166641175746917724609375">
        <ele>4.19999980926513671875</ele>
        <time>2026-05-28T22:48:34.000Z</time>
        <extensions>
          <ns3:TrackPointExtension/>
        </extensions>
      </trkpt>
      <trkpt lat="31.40616632066667079925537109375" lon="119.4960044324398040771484375">
        <ele>4</ele>
        <time>2026-05-28T22:48:35.000Z</time>
        <extensions>
          <ns3:TrackPointExtension/>
        </extensions>
      </trkpt>
      <trkpt lat="31.40614771284162998199462890625" lon="119.49600770138204097747802734375">
        <ele>4</ele>
        <time>2026-05-28T22:48:36.000Z</time>
        <extensions>
          <ns3:TrackPointExtension/>
        </extensions>
      </trkpt>
      <trkpt lat="31.4061288535594940185546875" lon="119.49601088650524616241455078125">
        <ele>3.7999999523162841796875</ele>
        <time>2026-05-28T22:48:37.000Z</time>
        <extensions>
          <ns3:TrackPointExtension/>
        </extensions>
      </trkpt>
      <trkpt lat="31.40610831789672374725341796875" lon="119.49601407162845134735107421875">
        <ele>3.7999999523162841796875</ele>
        <time>2026-05-28T22:48:38.000Z</time>
        <extensions>
          <ns3:TrackPointExtension/>
        </extensions>
      </trkpt>
      <trkpt lat="31.4060871116816997528076171875" lon="119.49601792730391025543212890625">
        <ele>3.599999904632568359375</ele>
        <time>2026-05-28T22:48:39.000Z</time>
        <extensions>
          <ns3:TrackPointExtension/>
        </extensions>
      </trkpt>
      <trkpt lat="31.4060666598379611968994140625" lon="119.49602262116968631744384765625">
        <ele>3.599999904632568359375</ele>
        <time>2026-05-28T22:48:40.000Z</time>
        <extensions>
          <ns3:TrackPointExtension/>
        </extensions>
      </trkpt>
      <trkpt lat="31.406046710908412933349609375" lon="119.49602731503546237945556640625">
        <ele>3.400000095367431640625</ele>
        <time>2026-05-28T22:48:41.000Z</time>
        <extensions>
          <ns3:TrackPointExtension/>
        </extensions>
      </trkpt>
      <trkpt lat="31.4060269296169281005859375" lon="119.49603066779673099517822265625">
        <ele>3.400000095367431640625</ele>
        <time>2026-05-28T22:48:42.000Z</time>
        <extensions>
          <ns3:TrackPointExtension/>
        </extensions>
      </trkpt>
      <trkpt lat="31.4060073159635066986083984375" lon="119.49603234417736530303955078125">
        <ele>3.2000000476837158203125</ele>
        <time>2026-05-28T22:48:43.000Z</time>
        <extensions>
          <ns3:TrackPointExtension/>
        </extensions>
      </trkpt>
      <trkpt lat="31.405988372862339019775390625" lon="119.49603284709155559539794921875">
        <ele>3.2000000476837158203125</ele>
        <time>2026-05-28T22:48:44.000Z</time>
        <extensions>
          <ns3:TrackPointExtension/>
        </extensions>
      </trkpt>
      <trkpt lat="31.4059603773057460784912109375" lon="119.49606218375265598297119140625">
        <ele>3.2000000476837158203125</ele>
        <time>2026-05-28T22:49:08.000Z</time>
        <extensions>
          <ns3:TrackPointExtension>
            <ns3:hr>116</ns3:hr>
          </ns3:TrackPointExtension>
        </extensions>
      </trkpt>
      <trkpt lat="31.4059590362012386322021484375" lon="119.4960634410381317138671875">
        <ele>3.2000000476837158203125</ele>
        <time>2026-05-28T22:49:09.000Z</time>
        <extensions>
          <ns3:TrackPointExtension>
            <ns3:hr>115</ns3:hr>
          </ns3:TrackPointExtension>
        </extensions>
      </trkpt>
      <trkpt lat="31.4059503190219402313232421875" lon="119.49606545269489288330078125">
        <ele>3.2000000476837158203125</ele>
        <time>2026-05-28T22:49:10.000Z</time>
        <extensions>
          <ns3:TrackPointExtension>
            <ns3:hr>115</ns3:hr>
          </ns3:TrackPointExtension>
        </extensions>
      </trkpt>
      <trkpt lat="31.40593313612043857574462890625" lon="119.49606821872293949127197265625">
        <ele>3.2000000476837158203125</ele>
        <time>2026-05-28T22:49:11.000Z</time>
        <extensions>
          <ns3:TrackPointExtension/>
        </extensions>
      </trkpt>
      <trkpt lat="31.40591469593346118927001953125" lon="119.49607056565582752227783203125">
        <ele>3.2000000476837158203125</ele>
        <time>2026-05-28T22:49:12.000Z</time>
        <extensions>
          <ns3:TrackPointExtension/>
        </extensions>
      </trkpt>
      <trkpt lat="31.40589575283229351043701171875" lon="119.4960729964077472686767578125">
        <ele>3.2000000476837158203125</ele>
        <time>2026-05-28T22:49:13.000Z</time>
        <extensions>
          <ns3:TrackPointExtension>
            <ns3:hr>112</ns3:hr>
          </ns3:TrackPointExtension>
        </extensions>
      </trkpt>
      <trkpt lat="31.40587605535984039306640625" lon="119.4960763491690158843994140625">
        <ele>3.2000000476837158203125</ele>
        <time>2026-05-28T22:49:14.000Z</time>
        <extensions>
          <ns3:TrackPointExtension>
            <ns3:hr>112</ns3:hr>
          </ns3:TrackPointExtension>
        </extensions>
      </trkpt>
      <trkpt lat="31.4058554358780384063720703125" lon="119.49607961811125278472900390625">
        <ele>3.2000000476837158203125</ele>
        <time>2026-05-28T22:49:15.000Z</time>
        <extensions>
          <ns3:TrackPointExtension/>
        </extensions>
      </trkpt>
      <trkpt lat="31.4058343134820461273193359375" lon="119.49608196504414081573486328125">
        <ele>3.2000000476837158203125</ele>
        <time>2026-05-28T22:49:16.000Z</time>
        <extensions>
          <ns3:TrackPointExtension/>
        </extensions>
      </trkpt>
      <trkpt lat="31.40581327490508556365966796875" lon="119.49608313851058483123779296875">
        <ele>3</ele>
        <time>2026-05-28T22:49:17.000Z</time>
        <extensions>
          <ns3:TrackPointExtension/>
        </extensions>
      </trkpt>
      <trkpt lat="31.40579232014715671539306640625" lon="119.496083222329616546630859375">
        <ele>3.2000000476837158203125</ele>
        <time>2026-05-28T22:49:18.000Z</time>
        <extensions>
          <ns3:TrackPointExtension/>
        </extensions>
      </trkpt>
      <trkpt lat="31.405771113932132720947265625" lon="119.49608347378671169281005859375">
        <ele>3.400000095367431640625</ele>
        <time>2026-05-28T22:49:19.000Z</time>
        <extensions>
          <ns3:TrackPointExtension/>
        </extensions>
      </trkpt>
      <trkpt lat="31.40574940480291843414306640625" lon="119.49608380906283855438232421875">
        <ele>3.400000095367431640625</ele>
        <time>2026-05-28T22:49:20.000Z</time>
        <extensions>
          <ns3:TrackPointExtension>
            <ns3:hr>106</ns3:hr>
          </ns3:TrackPointExtension>
        </extensions>
      </trkpt>
      <trkpt lat="31.40572794713079929351806640625" lon="119.49608515016734600067138671875">
        <ele>3.400000095367431640625</ele>
        <time>2026-05-28T22:49:21.000Z</time>
        <extensions>
          <ns3:TrackPointExtension>
            <ns3:hr>106</ns3:hr>
          </ns3:TrackPointExtension>
        </extensions>
      </trkpt>
      <trkpt lat="31.4057065732777118682861328125" lon="119.496086575090885162353515625">
        <ele>3.599999904632568359375</ele>
        <time>2026-05-28T22:49:22.000Z</time>
        <extensions>
          <ns3:TrackPointExtension/>
        </extensions>
      </trkpt>
      <trkpt lat="31.40568570233881473541259765625" lon="119.4960880838334560394287109375">
        <ele>3.599999904632568359375</ele>
        <time>2026-05-28T22:49:23.000Z</time>
        <extensions>
          <ns3:TrackPointExtension/>
        </extensions>
      </trkpt>
      <trkpt lat="31.40566541813313961029052734375" lon="119.4960902631282806396484375">
        <ele>3.599999904632568359375</ele>
        <time>2026-05-28T22:49:24.000Z</time>
        <extensions>
          <ns3:TrackPointExtension>
            <ns3:hr>105</ns3:hr>
          </ns3:TrackPointExtension>
        </extensions>
      </trkpt>
      <trkpt lat="31.405645050108432769775390625" lon="119.496091939508914947509765625">
        <ele>3.7999999523162841796875</ele>
        <time>2026-05-28T22:49:25.000Z</time>
        <extensions>
          <ns3:TrackPointExtension>
            <ns3:hr>105</ns3:hr>
          </ns3:TrackPointExtension>
        </extensions>
      </trkpt>
      <trkpt lat="31.4056245982646942138671875" lon="119.49609269388020038604736328125">
        <ele>3.7999999523162841796875</ele>
        <time>2026-05-28T22:49:26.000Z</time>
        <extensions>
          <ns3:TrackPointExtension/>
        </extensions>
      </trkpt>
      <trkpt lat="31.4056039787828922271728515625" lon="119.49609336443245410919189453125">
        <ele>3.7999999523162841796875</ele>
        <time>2026-05-28T22:49:27.000Z</time>
        <extensions>
          <ns3:TrackPointExtension/>
        </extensions>
      </trkpt>
      <trkpt lat="31.40558302402496337890625" lon="119.49609504081308841705322265625">
        <ele>4</ele>
        <time>2026-05-28T22:49:28.000Z</time>
        <extensions>
          <ns3:TrackPointExtension/>
        </extensions>
      </trkpt>
      <trkpt lat="31.40556223690509796142578125" lon="119.4960978068411350250244140625">
        <ele>4</ele>
        <time>2026-05-28T22:49:29.000Z</time>
        <extensions>
          <ns3:TrackPointExtension/>
        </extensions>
      </trkpt>
      <trkpt lat="31.4055412821471691131591796875" lon="119.49610107578337192535400390625">
        <ele>4</ele>
        <time>2026-05-28T22:49:30.000Z</time>
        <extensions>
          <ns3:TrackPointExtension/>
        </extensions>
      </trkpt>
      <trkpt lat="31.4055199921131134033203125" lon="119.49610325507819652557373046875">
        <ele>4.19999980926513671875</ele>
        <time>2026-05-28T22:49:31.000Z</time>
        <extensions>
          <ns3:TrackPointExtension>
            <ns3:hr>106</ns3:hr>
          </ns3:TrackPointExtension>
        </extensions>
      </trkpt>
      <trkpt lat="31.4054983668029308319091796875" lon="119.49610442854464054107666015625">
        <ele>4.400000095367431640625</ele>
        <time>2026-05-28T22:49:32.000Z</time>
        <extensions>
          <ns3:TrackPointExtension>
            <ns3:hr>106</ns3:hr>
          </ns3:TrackPointExtension>
        </extensions>
      </trkpt>
      <trkpt lat="31.40547682531177997589111328125" lon="119.49610392563045024871826171875">
        <ele>4.599999904632568359375</ele>
        <time>2026-05-28T22:49:33.000Z</time>
        <extensions>
          <ns3:TrackPointExtension/>
        </extensions>
      </trkpt>
      <trkpt lat="31.4054554514586925506591796875" lon="119.49610233306884765625">
        <ele>4.80000019073486328125</ele>
        <time>2026-05-28T22:49:34.000Z</time>
        <extensions>
          <ns3:TrackPointExtension/>
        </extensions>
      </trkpt>
      <trkpt lat="31.4054343290627002716064453125" lon="119.496099986135959625244140625">
        <ele>5</ele>
        <time>2026-05-28T22:49:35.000Z</time>
        <extensions>
          <ns3:TrackPointExtension/>
        </extensions>
      </trkpt>
      <trkpt lat="31.40541329048573970794677734375" lon="119.49609696865081787109375">
        <ele>5.19999980926513671875</ele>
        <time>2026-05-28T22:49:36.000Z</time>
        <extensions>
          <ns3:TrackPointExtension/>
        </extensions>
      </trkpt>
      <trkpt lat="31.405392587184906005859375" lon="119.49609386734664440155029296875">
        <ele>5.599999904632568359375</ele>
        <time>2026-05-28T22:49:37.000Z</time>
        <extensions>
          <ns3:TrackPointExtension>
            <ns3:hr>110</ns3:hr>
          </ns3:TrackPointExtension>
        </extensions>
      </trkpt>
      <trkpt lat="31.40537255443632602691650390625" lon="119.49609093368053436279296875">
        <ele>5.80000019073486328125</ele>
        <time>2026-05-28T22:49:38.000Z</time>
        <extensions>
          <ns3:TrackPointExtension>
            <ns3:hr>110</ns3:hr>
          </ns3:TrackPointExtension>
        </extensions>
      </trkpt>
      <trkpt lat="31.40535294078290462493896484375" lon="119.496088586747646331787109375">
        <ele>6</ele>
        <time>2026-05-28T22:49:39.000Z</time>
        <extensions>
          <ns3:TrackPointExtension/>
        </extensions>
      </trkpt>
      <trkpt lat="31.40533383004367351531982421875" lon="119.49608598835766315460205078125">
        <ele>6.19999980926513671875</ele>
        <time>2026-05-28T22:49:40.000Z</time>
        <extensions>
          <ns3:TrackPointExtension/>
        </extensions>
      </trkpt>
      <trkpt lat="31.4053156413137912750244140625" lon="119.49608162976801395416259765625">
        <ele>6.400000095367431640625</ele>
        <time>2026-05-28T22:49:41.000Z</time>
        <extensions>
          <ns3:TrackPointExtension/>
        </extensions>
      </trkpt>
      <trkpt lat="31.40529812313616275787353515625" lon="119.49607341550290584564208984375">
        <ele>6.599999904632568359375</ele>
        <time>2026-05-28T22:49:42.000Z</time>
        <extensions>
          <ns3:TrackPointExtension>
            <ns3:hr>112</ns3:hr>
          </ns3:TrackPointExtension>
        </extensions>
      </trkpt>
      <trkpt lat="31.40528169460594654083251953125" lon="119.4960602559149265289306640625">
        <ele>6.80000019073486328125</ele>
        <time>2026-05-28T22:49:43.000Z</time>
        <extensions>
          <ns3:TrackPointExtension>
            <ns3:hr>112</ns3:hr>
          </ns3:TrackPointExtension>
        </extensions>
      </trkpt>
      <trkpt lat="31.4052690379321575164794921875" lon="119.49604206718504428863525390625">
        <ele>7</ele>
        <time>2026-05-28T22:49:44.000Z</time>
        <extensions>
          <ns3:TrackPointExtension/>
        </extensions>
      </trkpt>
      <trkpt lat="31.4052616618573665618896484375" lon="119.496020860970020294189453125">
        <ele>7.19999980926513671875</ele>
        <time>2026-05-28T22:49:45.000Z</time>
        <extensions>
          <ns3:TrackPointExtension>
            <ns3:hr>112</ns3:hr>
          </ns3:TrackPointExtension>
        </extensions>
      </trkpt>
      <trkpt lat="31.40525822527706623077392578125" lon="119.49599999003112316131591796875">
        <ele>7.400000095367431640625</ele>
        <time>2026-05-28T22:49:46.000Z</time>
        <extensions>
          <ns3:TrackPointExtension>
            <ns3:hr>112</ns3:hr>
          </ns3:TrackPointExtension>
        </extensions>
      </trkpt>
      <trkpt lat="31.40525688417255878448486328125" lon="119.4959841482341289520263671875">
        <ele>7.400000095367431640625</ele>
        <time>2026-05-28T22:49:47.000Z</time>
        <extensions>
          <ns3:TrackPointExtension/>
        </extensions>
      </trkpt>
      <trkpt lat="31.40525638125836849212646484375" lon="119.495976604521274566650390625">
        <ele>7.400000095367431640625</ele>
        <time>2026-05-28T22:49:48.000Z</time>
        <extensions>
          <ns3:TrackPointExtension>
            <ns3:hr>110</ns3:hr>
          </ns3:TrackPointExtension>
        </extensions>
      </trkpt>
      <trkpt lat="31.4052569679915904998779296875" lon="119.4959767721593379974365234375">
        <ele>7.400000095367431640625</ele>
        <time>2026-05-28T22:49:49.000Z</time>
        <extensions>
          <ns3:TrackPointExtension>
            <ns3:hr>110</ns3:hr>
          </ns3:TrackPointExtension>
        </extensions>
      </trkpt>
      <trkpt lat="31.40525805763900279998779296875" lon="119.4959807954728603363037109375">
        <ele>7.400000095367431640625</ele>
        <time>2026-05-28T22:49:50.000Z</time>
        <extensions>
          <ns3:TrackPointExtension/>
        </extensions>
      </trkpt>
      <trkpt lat="31.40525914728641510009765625" lon="119.49598456732928752899169921875">
        <ele>7.400000095367431640625</ele>
        <time>2026-05-28T22:49:51.000Z</time>
        <extensions>
          <ns3:TrackPointExtension/>
        </extensions>
      </trkpt>
      <trkpt lat="31.4052598178386688232421875" lon="119.49598691426217555999755859375">
        <ele>7.400000095367431640625</ele>
        <time>2026-05-28T22:49:52.000Z</time>
        <extensions>
          <ns3:TrackPointExtension/>
        </extensions>
      </trkpt>
      <trkpt lat="31.40525990165770053863525390625" lon="119.49598825536668300628662109375">
        <ele>7.400000095367431640625</ele>
        <time>2026-05-28T22:49:53.000Z</time>
        <extensions>
          <ns3:TrackPointExtension/>
        </extensions>
      </trkpt>
      <trkpt lat="31.4052596502006053924560546875" lon="119.49598892591893672943115234375">
        <ele>7.400000095367431640625</ele>
        <time>2026-05-28T22:49:54.000Z</time>
        <extensions>
          <ns3:TrackPointExtension/>
        </extensions>
      </trkpt>
      <trkpt lat="31.40525914728641510009765625" lon="119.49598926119506359100341796875">
        <ele>7.400000095367431640625</ele>
        <time>2026-05-28T22:49:55.000Z</time>
        <extensions>
          <ns3:TrackPointExtension>
            <ns3:hr>109</ns3:hr>
          </ns3:TrackPointExtension>
        </extensions>
      </trkpt>
      <trkpt lat="31.405258476734161376953125" lon="119.49598942883312702178955078125">
        <ele>7.400000095367431640625</ele>
        <time>2026-05-28T22:49:56.000Z</time>
        <extensions>
          <ns3:TrackPointExtension>
            <ns3:hr>109</ns3:hr>
          </ns3:TrackPointExtension>
        </extensions>
      </trkpt>
      <trkpt lat="31.4052576385438442230224609375" lon="119.49598968029022216796875">
        <ele>7.400000095367431640625</ele>
        <time>2026-05-28T22:49:57.000Z</time>
        <extensions>
          <ns3:TrackPointExtension/>
        </extensions>
      </trkpt>
      <trkpt lat="31.40525688417255878448486328125" lon="119.49598993174731731414794921875">
        <ele>7.400000095367431640625</ele>
        <time>2026-05-28T22:49:58.000Z</time>
        <extensions>
          <ns3:TrackPointExtension/>
        </extensions>
      </trkpt>
      <trkpt lat="31.40525646507740020751953125" lon="119.495990015566349029541015625">
        <ele>7.400000095367431640625</ele>
        <time>2026-05-28T22:49:59.000Z</time>
        <extensions>
          <ns3:TrackPointExtension/>
        </extensions>
      </trkpt>
      <trkpt lat="31.40525621362030506134033203125" lon="119.4959898479282855987548828125">
        <ele>7.400000095367431640625</ele>
        <time>2026-05-28T22:50:00.000Z</time>
        <extensions>
          <ns3:TrackPointExtension/>
        </extensions>
      </trkpt>
      <trkpt lat="31.4052559621632099151611328125" lon="119.49598959647119045257568359375">
        <ele>7.400000095367431640625</ele>
        <time>2026-05-28T22:50:01.000Z</time>
        <extensions>
          <ns3:TrackPointExtension/>
        </extensions>
      </trkpt>
      <trkpt lat="31.40525554306805133819580078125" lon="119.49598942883312702178955078125">
        <ele>7.400000095367431640625</ele>
        <time>2026-05-28T22:50:02.000Z</time>
        <extensions>
          <ns3:TrackPointExtension>
            <ns3:hr>107</ns3:hr>
          </ns3:TrackPointExtension>
        </extensions>
      </trkpt>
      <trkpt lat="31.40525512397289276123046875" lon="119.4959891773760318756103515625">
        <ele>7.400000095367431640625</ele>
        <time>2026-05-28T22:50:03.000Z</time>
        <extensions>
          <ns3:TrackPointExtension>
            <ns3:hr>107</ns3:hr>
          </ns3:TrackPointExtension>
        </extensions>
      </trkpt>
      <trkpt lat="31.4052546210587024688720703125" lon="119.49598909355700016021728515625">
        <ele>7.400000095367431640625</ele>
        <time>2026-05-28T22:50:04.000Z</time>
        <extensions>
          <ns3:TrackPointExtension/>
        </extensions>
      </trkpt>
      <trkpt lat="31.40525436960160732269287109375" lon="119.4959891773760318756103515625">
        <ele>7.400000095367431640625</ele>
        <time>2026-05-28T22:50:05.000Z</time>
        <extensions>
          <ns3:TrackPointExtension/>
        </extensions>
      </trkpt>
      <trkpt lat="31.4052544534206390380859375" lon="119.49598942883312702178955078125">
        <ele>7.400000095367431640625</ele>
        <time>2026-05-28T22:50:06.000Z</time>
        <extensions>
          <ns3:TrackPointExtension/>
        </extensions>
      </trkpt>
      <trkpt lat="31.40525487251579761505126953125" lon="119.4959898479282855987548828125">
        <ele>7.400000095367431640625</ele>
        <time>2026-05-28T22:50:07.000Z</time>
        <extensions>
          <ns3:TrackPointExtension>
            <ns3:hr>101</ns3:hr>
          </ns3:TrackPointExtension>
        </extensions>
      </trkpt>
      <trkpt lat="31.4052556268870830535888671875" lon="119.495990686118602752685546875">
        <ele>7.400000095367431640625</ele>
        <time>2026-05-28T22:50:08.000Z</time>
        <extensions>
          <ns3:TrackPointExtension>
            <ns3:hr>101</ns3:hr>
          </ns3:TrackPointExtension>
        </extensions>
      </trkpt>
      <trkpt lat="31.40525646507740020751953125" lon="119.49599194340407848358154296875">
        <ele>7.400000095367431640625</ele>
        <time>2026-05-28T22:50:09.000Z</time>
        <extensions>
          <ns3:TrackPointExtension>
            <ns3:hr>100</ns3:hr>
          </ns3:TrackPointExtension>
        </extensions>
      </trkpt>
      <trkpt lat="31.4052573032677173614501953125" lon="119.49599311687052249908447265625">
        <ele>7.400000095367431640625</ele>
        <time>2026-05-28T22:50:10.000Z</time>
        <extensions>
          <ns3:TrackPointExtension/>
        </extensions>
      </trkpt>
      <trkpt lat="31.40525822527706623077392578125" lon="119.4959942065179347991943359375">
        <ele>7.400000095367431640625</ele>
        <time>2026-05-28T22:50:11.000Z</time>
        <extensions>
          <ns3:TrackPointExtension/>
        </extensions>
      </trkpt>
      <trkpt lat="31.4052589796483516693115234375" lon="119.49599512852728366851806640625">
        <ele>7.400000095367431640625</ele>
        <time>2026-05-28T22:50:12.000Z</time>
        <extensions>
          <ns3:TrackPointExtension/>
        </extensions>
      </trkpt>
      <trkpt lat="31.4052598178386688232421875" lon="119.49599613435566425323486328125">
        <ele>7.400000095367431640625</ele>
        <time>2026-05-28T22:50:13.000Z</time>
        <extensions>
          <ns3:TrackPointExtension>
            <ns3:hr>96</ns3:hr>
          </ns3:TrackPointExtension>
        </extensions>
      </trkpt>
      <trkpt lat="31.40526048839092254638671875" lon="119.4959972240030765533447265625">
        <ele>7.400000095367431640625</ele>
        <time>2026-05-28T22:50:14.000Z</time>
        <extensions>
          <ns3:TrackPointExtension>
            <ns3:hr>96</ns3:hr>
          </ns3:TrackPointExtension>
        </extensions>
      </trkpt>
      <trkpt lat="31.4052609913051128387451171875" lon="119.49599848128855228424072265625">
        <ele>7.19999980926513671875</ele>
        <time>2026-05-28T22:50:15.000Z</time>
        <extensions>
          <ns3:TrackPointExtension/>
        </extensions>
      </trkpt>
      <trkpt lat="31.40526141040027141571044921875" lon="119.49599965475499629974365234375">
        <ele>7.19999980926513671875</ele>
        <time>2026-05-28T22:50:16.000Z</time>
        <extensions>
          <ns3:TrackPointExtension/>
        </extensions>
      </trkpt>
      <trkpt lat="31.4052616618573665618896484375" lon="119.496000744402408599853515625">
        <ele>7.19999980926513671875</ele>
        <time>2026-05-28T22:50:17.000Z</time>
        <extensions>
          <ns3:TrackPointExtension/>
        </extensions>
      </trkpt>
      <trkpt lat="31.40526174567639827728271484375" lon="119.49600166641175746917724609375">
        <ele>7.19999980926513671875</ele>
        <time>2026-05-28T22:50:18.000Z</time>
        <extensions>
          <ns3:TrackPointExtension/>
        </extensions>
      </trkpt>
      <trkpt lat="31.4052619971334934234619140625" lon="119.49600233696401119232177734375">
        <ele>7.19999980926513671875</ele>
        <time>2026-05-28T22:50:19.000Z</time>
        <extensions>
          <ns3:TrackPointExtension/>
        </extensions>
      </trkpt>
      <trkpt lat="31.40526208095252513885498046875" lon="119.4960029236972332000732421875">
        <ele>7.19999980926513671875</ele>
        <time>2026-05-28T22:50:20.000Z</time>
        <extensions>
          <ns3:TrackPointExtension/>
        </extensions>
      </trkpt>
      <trkpt lat="31.4052619971334934234619140625" lon="119.4960035942494869232177734375">
        <ele>7.19999980926513671875</ele>
        <time>2026-05-28T22:50:21.000Z</time>
        <extensions>
          <ns3:TrackPointExtension/>
        </extensions>
      </trkpt>
      <trkpt lat="31.40526182949542999267578125" lon="119.49600418098270893096923828125">
        <ele>7.19999980926513671875</ele>
        <time>2026-05-28T22:50:22.000Z</time>
        <extensions>
          <ns3:TrackPointExtension>
            <ns3:hr>82</ns3:hr>
          </ns3:TrackPointExtension>
        </extensions>
      </trkpt>
      <trkpt lat="31.40526191331446170806884765625" lon="119.49600451625883579254150390625">
        <ele>7.19999980926513671875</ele>
        <time>2026-05-28T22:50:23.000Z</time>
        <extensions>
          <ns3:TrackPointExtension>
            <ns3:hr>82</ns3:hr>
          </ns3:TrackPointExtension>
        </extensions>
      </trkpt>
      <trkpt lat="31.40526191331446170806884765625" lon="119.49600468389689922332763671875">
        <ele>7.19999980926513671875</ele>
        <time>2026-05-28T22:50:24.000Z</time>
        <extensions>
          <ns3:TrackPointExtension/>
        </extensions>
      </trkpt>
      <trkpt lat="31.4052619971334934234619140625" lon="119.496004767715930938720703125">
        <ele>7.19999980926513671875</ele>
        <time>2026-05-28T22:50:25.000Z</time>
        <extensions>
          <ns3:TrackPointExtension/>
        </extensions>
      </trkpt>
      <trkpt lat="31.40526208095252513885498046875" lon="119.49600485153496265411376953125">
        <ele>7.19999980926513671875</ele>
        <time>2026-05-28T22:50:26.000Z</time>
        <extensions>
          <ns3:TrackPointExtension/>
        </extensions>
      </trkpt>
      <trkpt lat="31.40526208095252513885498046875" lon="119.49600485153496265411376953125">
        <ele>7.19999980926513671875</ele>
        <time>2026-05-28T22:50:27.000Z</time>
        <extensions>
          <ns3:TrackPointExtension>
            <ns3:hr>80</ns3:hr>
          </ns3:TrackPointExtension>
        </extensions>
      </trkpt>
      <trkpt lat="31.40526208095252513885498046875" lon="119.49600485153496265411376953125">
        <ele>7.19999980926513671875</ele>
        <time>2026-05-28T22:50:28.000Z</time>
        <extensions>
          <ns3:TrackPointExtension>
            <ns3:hr>80</ns3:hr>
          </ns3:TrackPointExtension>
        </extensions>
      </trkpt>
      <trkpt lat="31.40526208095252513885498046875" lon="119.49600485153496265411376953125">
        <ele>7.19999980926513671875</ele>
        <time>2026-05-28T22:50:29.000Z</time>
        <extensions>
          <ns3:TrackPointExtension>
            <ns3:hr>79</ns3:hr>
          </ns3:TrackPointExtension>
        </extensions>
      </trkpt>
      <trkpt lat="31.405262164771556854248046875" lon="119.49600485153496265411376953125">
        <ele>7.19999980926513671875</ele>
        <time>2026-05-28T22:50:30.000Z</time>
        <extensions>
          <ns3:TrackPointExtension/>
        </extensions>
      </trkpt>
      <trkpt lat="31.405262164771556854248046875" lon="119.4960049353539943695068359375">
        <ele>7.19999980926513671875</ele>
        <time>2026-05-28T22:50:31.000Z</time>
        <extensions>
          <ns3:TrackPointExtension/>
        </extensions>
      </trkpt>
      <trkpt lat="31.40526224859058856964111328125" lon="119.4960049353539943695068359375">
        <ele>7.19999980926513671875</ele>
        <time>2026-05-28T22:50:32.000Z</time>
        <extensions>
          <ns3:TrackPointExtension/>
        </extensions>
      </trkpt>
      <trkpt lat="31.40526224859058856964111328125" lon="119.49600501917302608489990234375">
        <ele>7.19999980926513671875</ele>
        <time>2026-05-28T22:50:33.000Z</time>
        <extensions>
          <ns3:TrackPointExtension/>
        </extensions>
      </trkpt>
      <trkpt lat="31.4052623324096202850341796875" lon="119.49600510299205780029296875">
        <ele>7.19999980926513671875</ele>
        <time>2026-05-28T22:50:34.000Z</time>
        <extensions>
          <ns3:TrackPointExtension/>
        </extensions>
      </trkpt>
      <trkpt lat="31.40526241622865200042724609375" lon="119.4960052706301212310791015625">
        <ele>7.19999980926513671875</ele>
        <time>2026-05-28T22:50:35.000Z</time>
        <extensions>
          <ns3:TrackPointExtension/>
        </extensions>
      </trkpt>
      <trkpt lat="31.40526258386671543121337890625" lon="119.49600552208721637725830078125">
        <ele>7.19999980926513671875</ele>
        <time>2026-05-28T22:50:36.000Z</time>
        <extensions>
          <ns3:TrackPointExtension/>
        </extensions>
      </trkpt>
      <trkpt lat="31.405262835323810577392578125" lon="119.49600585736334323883056640625">
        <ele>7.19999980926513671875</ele>
        <time>2026-05-28T22:50:37.000Z</time>
        <extensions>
          <ns3:TrackPointExtension>
            <ns3:hr>70</ns3:hr>
          </ns3:TrackPointExtension>
        </extensions>
      </trkpt>
      <trkpt lat="31.40526317059993743896484375" lon="119.49600644409656524658203125">
        <ele>7.19999980926513671875</ele>
        <time>2026-05-28T22:50:38.000Z</time>
        <extensions>
          <ns3:TrackPointExtension>
            <ns3:hr>70</ns3:hr>
          </ns3:TrackPointExtension>
        </extensions>
      </trkpt>
      <trkpt lat="31.40526342205703258514404296875" lon="119.4960072822868824005126953125">
        <ele>7.19999980926513671875</ele>
        <time>2026-05-28T22:50:39.000Z</time>
        <extensions>
          <ns3:TrackPointExtension/>
        </extensions>
      </trkpt>
      <trkpt lat="31.405263505876064300537109375" lon="119.4960082881152629852294921875">
        <ele>7.19999980926513671875</ele>
        <time>2026-05-28T22:50:40.000Z</time>
        <extensions>
          <ns3:TrackPointExtension/>
        </extensions>
      </trkpt>
      <trkpt lat="31.405263505876064300537109375" lon="119.49600904248654842376708984375">
        <ele>7.19999980926513671875</ele>
        <time>2026-05-28T22:50:41.000Z</time>
        <extensions>
          <ns3:TrackPointExtension/>
        </extensions>
      </trkpt>
      <trkpt lat="31.405263505876064300537109375" lon="119.496009461581707000732421875">
        <ele>7.19999980926513671875</ele>
        <time>2026-05-28T22:50:42.000Z</time>
        <extensions>
          <ns3:TrackPointExtension>
            <ns3:hr>68</ns3:hr>
          </ns3:TrackPointExtension>
        </extensions>
      </trkpt>
      <trkpt lat="31.40526325441896915435791015625" lon="119.49600954540073871612548828125">
        <ele>7.19999980926513671875</ele>
        <time>2026-05-28T22:50:43.000Z</time>
        <extensions>
          <ns3:TrackPointExtension>
            <ns3:hr>68</ns3:hr>
          </ns3:TrackPointExtension>
        </extensions>
      </trkpt>
      <trkpt lat="31.405262835323810577392578125" lon="119.4960092939436435699462890625">
        <ele>7.19999980926513671875</ele>
        <time>2026-05-28T22:50:44.000Z</time>
        <extensions>
          <ns3:TrackPointExtension/>
        </extensions>
      </trkpt>
      <trkpt lat="31.40526208095252513885498046875" lon="119.49600870721042156219482421875">
        <ele>7.19999980926513671875</ele>
        <time>2026-05-28T22:50:45.000Z</time>
        <extensions>
          <ns3:TrackPointExtension/>
        </extensions>
      </trkpt>
      <trkpt lat="31.4052613265812397003173828125" lon="119.4960076175630092620849609375">
        <ele>7.19999980926513671875</ele>
        <time>2026-05-28T22:50:46.000Z</time>
        <extensions>
          <ns3:TrackPointExtension/>
        </extensions>
      </trkpt>
      <trkpt lat="31.40526057220995426177978515625" lon="119.496006108820438385009765625">
        <ele>7.19999980926513671875</ele>
        <time>2026-05-28T22:50:47.000Z</time>
        <extensions>
          <ns3:TrackPointExtension>
            <ns3:hr>67</ns3:hr>
          </ns3:TrackPointExtension>
        </extensions>
      </trkpt>
      <trkpt lat="31.4052599854767322540283203125" lon="119.49600376188755035400390625">
        <ele>7.19999980926513671875</ele>
        <time>2026-05-28T22:50:48.000Z</time>
        <extensions>
          <ns3:TrackPointExtension>
            <ns3:hr>67</ns3:hr>
          </ns3:TrackPointExtension>
        </extensions>
      </trkpt>
      <trkpt lat="31.40525973401963710784912109375" lon="119.4960002414882183074951171875">
        <ele>7.400000095367431640625</ele>
        <time>2026-05-28T22:50:49.000Z</time>
        <extensions>
          <ns3:TrackPointExtension/>
        </extensions>
      </trkpt>
      <trkpt lat="31.40525990165770053863525390625" lon="119.49599496088922023773193359375">
        <ele>7.400000095367431640625</ele>
        <time>2026-05-28T22:50:50.000Z</time>
        <extensions>
          <ns3:TrackPointExtension/>
        </extensions>
      </trkpt>
      <trkpt lat="31.40526040457189083099365234375" lon="119.4959871657192707061767578125">
        <ele>7.400000095367431640625</ele>
        <time>2026-05-28T22:50:51.000Z</time>
        <extensions>
          <ns3:TrackPointExtension/>
        </extensions>
      </trkpt>
      <trkpt lat="31.40526107512414455413818359375" lon="119.49597568251192569732666015625">
        <ele>7.400000095367431640625</ele>
        <time>2026-05-28T22:50:52.000Z</time>
        <extensions>
          <ns3:TrackPointExtension>
            <ns3:hr>67</ns3:hr>
          </ns3:TrackPointExtension>
        </extensions>
      </trkpt>
      <trkpt lat="31.40526157803833484649658203125" lon="119.4959586672484874725341796875">
        <ele>7.400000095367431640625</ele>
        <time>2026-05-28T22:50:53.000Z</time>
        <extensions>
          <ns3:TrackPointExtension>
            <ns3:hr>67</ns3:hr>
          </ns3:TrackPointExtension>
        </extensions>
      </trkpt>
      <trkpt lat="31.405263505876064300537109375" lon="119.49593360535800457000732421875">
        <ele>7.599999904632568359375</ele>
        <time>2026-05-28T22:50:54.000Z</time>
        <extensions>
          <ns3:TrackPointExtension>
            <ns3:hr>68</ns3:hr>
          </ns3:TrackPointExtension>
        </extensions>
      </trkpt>
      <trkpt lat="31.40526660718023777008056640625" lon="119.49590242467820644378662109375">
        <ele>7.599999904632568359375</ele>
        <time>2026-05-28T22:50:55.000Z</time>
        <extensions>
          <ns3:TrackPointExtension/>
        </extensions>
      </trkpt>
      <trkpt lat="31.40526912175118923187255859375" lon="119.49586990289390087127685546875">
        <ele>7.599999904632568359375</ele>
        <time>2026-05-28T22:50:56.000Z</time>
        <extensions>
          <ns3:TrackPointExtension/>
        </extensions>
      </trkpt>
      <trkpt lat="31.40527146868407726287841796875" lon="119.49583855457603931427001953125">
        <ele>7.80000019073486328125</ele>
        <time>2026-05-28T22:50:57.000Z</time>
        <extensions>
          <ns3:TrackPointExtension/>
        </extensions>
      </trkpt>
      <trkpt lat="31.40527482144534587860107421875" lon="119.4958074577152729034423828125">
        <ele>8</ele>
        <time>2026-05-28T22:50:58.000Z</time>
        <extensions>
          <ns3:TrackPointExtension>
            <ns3:hr>77</ns3:hr>
          </ns3:TrackPointExtension>
        </extensions>
      </trkpt>
      <trkpt lat="31.40527884475886821746826171875" lon="119.49577602557837963104248046875">
        <ele>8</ele>
        <time>2026-05-28T22:50:59.000Z</time>
        <extensions>
          <ns3:TrackPointExtension>
            <ns3:hr>77</ns3:hr>
          </ns3:TrackPointExtension>
        </extensions>
      </trkpt>
      <trkpt lat="31.40528270043432712554931640625" lon="119.49574501253664493560791015625">
        <ele>8</ele>
        <time>2026-05-28T22:51:00.000Z</time>
        <extensions>
          <ns3:TrackPointExtension/>
        </extensions>
      </trkpt>
      <trkpt lat="31.40528538264334201812744140625" lon="119.49571517296135425567626953125">
        <ele>8.19999980926513671875</ele>
        <time>2026-05-28T22:51:01.000Z</time>
        <extensions>
          <ns3:TrackPointExtension/>
        </extensions>
      </trkpt>
      <trkpt lat="31.40528689138591289520263671875" lon="119.49568650685250759124755859375">
        <ele>8.19999980926513671875</ele>
        <time>2026-05-28T22:51:02.000Z</time>
        <extensions>
          <ns3:TrackPointExtension/>
        </extensions>
      </trkpt>
      <trkpt lat="31.405288316309452056884765625" lon="119.495658092200756072998046875">
        <ele>8.3999996185302734375</ele>
        <time>2026-05-28T22:51:03.000Z</time>
        <extensions>
          <ns3:TrackPointExtension>
            <ns3:hr>84</ns3:hr>
          </ns3:TrackPointExtension>
        </extensions>
      </trkpt>
      <trkpt lat="31.40529041178524494171142578125" lon="119.49562950991094112396240234375">
        <ele>8.3999996185302734375</ele>
        <time>2026-05-28T22:51:04.000Z</time>
        <extensions>
          <ns3:TrackPointExtension>
            <ns3:hr>84</ns3:hr>
          </ns3:TrackPointExtension>
        </extensions>
      </trkpt>
      <trkpt lat="31.40529292635619640350341796875" lon="119.49560067616403102874755859375">
        <ele>8.6000003814697265625</ele>
        <time>2026-05-28T22:51:05.000Z</time>
        <extensions>
          <ns3:TrackPointExtension/>
        </extensions>
      </trkpt>
      <trkpt lat="31.40529527328908443450927734375" lon="119.49557234533131122589111328125">
        <ele>8.6000003814697265625</ele>
        <time>2026-05-28T22:51:06.000Z</time>
        <extensions>
          <ns3:TrackPointExtension/>
        </extensions>
      </trkpt>
      <trkpt lat="31.40529711730778217315673828125" lon="119.4955446012318134307861328125">
        <ele>8.3999996185302734375</ele>
        <time>2026-05-28T22:51:07.000Z</time>
        <extensions>
          <ns3:TrackPointExtension/>
        </extensions>
      </trkpt>
      <trkpt lat="31.405298374593257904052734375" lon="119.49551761150360107421875">
        <ele>8.3999996185302734375</ele>
        <time>2026-05-28T22:51:08.000Z</time>
        <extensions>
          <ns3:TrackPointExtension/>
        </extensions>
      </trkpt>
      <trkpt lat="31.4052998833358287811279296875" lon="119.4954909570515155792236328125">
        <ele>8.19999980926513671875</ele>
        <time>2026-05-28T22:51:09.000Z</time>
        <extensions>
          <ns3:TrackPointExtension/>
        </extensions>
      </trkpt>
      <trkpt lat="31.40530231408774852752685546875" lon="119.49546421878039836883544921875">
        <ele>8.19999980926513671875</ele>
        <time>2026-05-28T22:51:10.000Z</time>
        <extensions>
          <ns3:TrackPointExtension/>
        </extensions>
      </trkpt>
      <trkpt lat="31.4053054153919219970703125" lon="119.495436139404773712158203125">
        <ele>8</ele>
        <time>2026-05-28T22:51:11.000Z</time>
        <extensions>
          <ns3:TrackPointExtension/>
        </extensions>
      </trkpt>
      <trkpt lat="31.4053082652390003204345703125" lon="119.4954068027436733245849609375">
        <ele>7.80000019073486328125</ele>
        <time>2026-05-28T22:51:12.000Z</time>
        <extensions>
          <ns3:TrackPointExtension>
            <ns3:hr>96</ns3:hr>
          </ns3:TrackPointExtension>
        </extensions>
      </trkpt>
      <trkpt lat="31.4053106121718883514404296875" lon="119.4953767955303192138671875">
        <ele>7.80000019073486328125</ele>
        <time>2026-05-28T22:51:13.000Z</time>
        <extensions>
          <ns3:TrackPointExtension>
            <ns3:hr>96</ns3:hr>
          </ns3:TrackPointExtension>
        </extensions>
      </trkpt>
      <trkpt lat="31.405313126742839813232421875" lon="119.495347626507282257080078125">
        <ele>7.599999904632568359375</ele>
        <time>2026-05-28T22:51:14.000Z</time>
        <extensions>
          <ns3:TrackPointExtension/>
        </extensions>
      </trkpt>
      <trkpt lat="31.40531639568507671356201171875" lon="119.49531937949359416961669921875">
        <ele>7.599999904632568359375</ele>
        <time>2026-05-28T22:51:15.000Z</time>
        <extensions>
          <ns3:TrackPointExtension/>
        </extensions>
      </trkpt>
      <trkpt lat="31.40532041899859905242919921875" lon="119.4952918030321598052978515625">
        <ele>7.599999904632568359375</ele>
        <time>2026-05-28T22:51:16.000Z</time>
        <extensions>
          <ns3:TrackPointExtension/>
        </extensions>
      </trkpt>
      <trkpt lat="31.40532460995018482208251953125" lon="119.49526439420878887176513671875">
        <ele>7.400000095367431640625</ele>
        <time>2026-05-28T22:51:17.000Z</time>
        <extensions>
          <ns3:TrackPointExtension>
            <ns3:hr>100</ns3:hr>
          </ns3:TrackPointExtension>
        </extensions>
      </trkpt>
      <trkpt lat="31.405328214168548583984375" lon="119.495236985385417938232421875">
        <ele>7.400000095367431640625</ele>
        <time>2026-05-28T22:51:18.000Z</time>
        <extensions>
          <ns3:TrackPointExtension>
            <ns3:hr>100</ns3:hr>
          </ns3:TrackPointExtension>
        </extensions>
      </trkpt>
      <trkpt lat="31.4053307287395000457763671875" lon="119.495209492743015289306640625">
        <ele>7.19999980926513671875</ele>
        <time>2026-05-28T22:51:19.000Z</time>
        <extensions>
          <ns3:TrackPointExtension>
            <ns3:hr>100</ns3:hr>
          </ns3:TrackPointExtension>
        </extensions>
      </trkpt>
      <trkpt lat="31.4053322374820709228515625" lon="119.4951821677386760711669921875">
        <ele>7</ele>
        <time>2026-05-28T22:51:20.000Z</time>
        <extensions>
          <ns3:TrackPointExtension/>
        </extensions>
      </trkpt>
      <trkpt lat="31.405333243310451507568359375" lon="119.49515509419143199920654296875">
        <ele>7</ele>
        <time>2026-05-28T22:51:21.000Z</time>
        <extensions>
          <ns3:TrackPointExtension/>
        </extensions>
      </trkpt>
      <trkpt lat="31.40533450059592723846435546875" lon="119.4951278530061244964599609375">
        <ele>6.80000019073486328125</ele>
        <time>2026-05-28T22:51:22.000Z</time>
        <extensions>
          <ns3:TrackPointExtension/>
        </extensions>
      </trkpt>
      <trkpt lat="31.40533634461462497711181640625" lon="119.4951000250875949859619140625">
        <ele>6.80000019073486328125</ele>
        <time>2026-05-28T22:51:23.000Z</time>
        <extensions>
          <ns3:TrackPointExtension/>
        </extensions>
      </trkpt>
      <trkpt lat="31.40533835627138614654541015625" lon="119.49507161043584346771240234375">
        <ele>6.80000019073486328125</ele>
        <time>2026-05-28T22:51:24.000Z</time>
        <extensions>
          <ns3:TrackPointExtension/>
        </extensions>
      </trkpt>
      <trkpt lat="31.40534070320427417755126953125" lon="119.49504411779344081878662109375">
        <ele>6.80000019073486328125</ele>
        <time>2026-05-28T22:51:25.000Z</time>
        <extensions>
          <ns3:TrackPointExtension/>
        </extensions>
      </trkpt>
      <trkpt lat="31.4053431339561939239501953125" lon="119.4950168766081333160400390625">
        <ele>7</ele>
        <time>2026-05-28T22:51:26.000Z</time>
        <extensions>
          <ns3:TrackPointExtension>
            <ns3:hr>109</ns3:hr>
          </ns3:TrackPointExtension>
        </extensions>
      </trkpt>
      <trkpt lat="31.40534556470811367034912109375" lon="119.49498980306088924407958984375">
        <ele>7</ele>
        <time>2026-05-28T22:51:27.000Z</time>
        <extensions>
          <ns3:TrackPointExtension>
            <ns3:hr>109</ns3:hr>
          </ns3:TrackPointExtension>
        </extensions>
      </trkpt>
      <trkpt lat="31.4053478278219699859619140625" lon="119.4949622265994548797607421875">
        <ele>7.19999980926513671875</ele>
        <time>2026-05-28T22:51:28.000Z</time>
        <extensions>
          <ns3:TrackPointExtension/>
        </extensions>
      </trkpt>
      <trkpt lat="31.40535042621195316314697265625" lon="119.4949350692331790924072265625">
        <ele>7.19999980926513671875</ele>
        <time>2026-05-28T22:51:29.000Z</time>
        <extensions>
          <ns3:TrackPointExtension>
            <ns3:hr>110</ns3:hr>
          </ns3:TrackPointExtension>
        </extensions>
      </trkpt>
      <trkpt lat="31.40535327605903148651123046875" lon="119.494908750057220458984375">
        <ele>7.400000095367431640625</ele>
        <time>2026-05-28T22:51:30.000Z</time>
        <extensions>
          <ns3:TrackPointExtension>
            <ns3:hr>110</ns3:hr>
          </ns3:TrackPointExtension>
        </extensions>
      </trkpt>
      <trkpt lat="31.40535579062998294830322265625" lon="119.49488268233835697174072265625">
        <ele>7.400000095367431640625</ele>
        <time>2026-05-28T22:51:31.000Z</time>
        <extensions>
          <ns3:TrackPointExtension/>
        </extensions>
      </trkpt>
      <trkpt lat="31.405357383191585540771484375" lon="119.49485586024820804595947265625">
        <ele>7.599999904632568359375</ele>
        <time>2026-05-28T22:51:32.000Z</time>
        <extensions>
          <ns3:TrackPointExtension/>
        </extensions>
      </trkpt>
      <trkpt lat="31.4053582213819026947021484375" lon="119.4948284514248371124267578125">
        <ele>7.599999904632568359375</ele>
        <time>2026-05-28T22:51:33.000Z</time>
        <extensions>
          <ns3:TrackPointExtension/>
        </extensions>
      </trkpt>
      <trkpt lat="31.40535880811512470245361328125" lon="119.494801126420497894287109375">
        <ele>7.599999904632568359375</ele>
        <time>2026-05-28T22:51:34.000Z</time>
        <extensions>
          <ns3:TrackPointExtension/>
        </extensions>
      </trkpt>
      <trkpt lat="31.4053595624864101409912109375" lon="119.49477472342550754547119140625">
        <ele>7.599999904632568359375</ele>
        <time>2026-05-28T22:51:35.000Z</time>
        <extensions>
          <ns3:TrackPointExtension/>
        </extensions>
      </trkpt>
      <trkpt lat="31.40536098740994930267333984375" lon="119.494750499725341796875">
        <ele>7.599999904632568359375</ele>
        <time>2026-05-28T22:51:36.000Z</time>
        <extensions>
          <ns3:TrackPointExtension/>
        </extensions>
      </trkpt>
      <trkpt lat="31.4053629152476787567138671875" lon="119.4947278685867786407470703125">
        <ele>7.599999904632568359375</ele>
        <time>2026-05-28T22:51:37.000Z</time>
        <extensions>
          <ns3:TrackPointExtension>
            <ns3:hr>114</ns3:hr>
          </ns3:TrackPointExtension>
        </extensions>
      </trkpt>
      <trkpt lat="31.4053652621805667877197265625" lon="119.4947054050862789154052734375">
        <ele>7.599999904632568359375</ele>
        <time>2026-05-28T22:51:38.000Z</time>
        <extensions>
          <ns3:TrackPointExtension>
            <ns3:hr>114</ns3:hr>
          </ns3:TrackPointExtension>
        </extensions>
      </trkpt>
      <trkpt lat="31.40536802820861339569091796875" lon="119.49468134902417659759521484375">
        <ele>7.400000095367431640625</ele>
        <time>2026-05-28T22:51:39.000Z</time>
        <extensions>
          <ns3:TrackPointExtension/>
        </extensions>
      </trkpt>
      <trkpt lat="31.4053712971508502960205078125" lon="119.49465603567659854888916015625">
        <ele>7.400000095367431640625</ele>
        <time>2026-05-28T22:51:40.000Z</time>
        <extensions>
          <ns3:TrackPointExtension/>
        </extensions>
      </trkpt>
      <trkpt lat="31.40537439845502376556396484375" lon="119.49462988413870334625244140625">
        <ele>7.19999980926513671875</ele>
        <time>2026-05-28T22:51:41.000Z</time>
        <extensions>
          <ns3:TrackPointExtension>
            <ns3:hr>115</ns3:hr>
          </ns3:TrackPointExtension>
        </extensions>
      </trkpt>
      <trkpt lat="31.405376829206943511962890625" lon="119.49460272677242755889892578125">
        <ele>7.19999980926513671875</ele>
        <time>2026-05-28T22:51:42.000Z</time>
        <extensions>
          <ns3:TrackPointExtension>
            <ns3:hr>115</ns3:hr>
          </ns3:TrackPointExtension>
        </extensions>
      </trkpt>
      <trkpt lat="31.40537850558757781982421875" lon="119.4945746473968029022216796875">
        <ele>7</ele>
        <time>2026-05-28T22:51:43.000Z</time>
        <extensions>
          <ns3:TrackPointExtension>
            <ns3:hr>115</ns3:hr>
          </ns3:TrackPointExtension>
        </extensions>
      </trkpt>
      <trkpt lat="31.405380181968212127685546875" lon="119.49454656802117824554443359375">
        <ele>7</ele>
        <time>2026-05-28T22:51:44.000Z</time>
        <extensions>
          <ns3:TrackPointExtension>
            <ns3:hr>115</ns3:hr>
          </ns3:TrackPointExtension>
        </extensions>
      </trkpt>
      <trkpt lat="31.40538244508206844329833984375" lon="119.49451874010264873504638671875">
        <ele>6.80000019073486328125</ele>
        <time>2026-05-28T22:51:45.000Z</time>
        <extensions>
          <ns3:TrackPointExtension/>
        </extensions>
      </trkpt>
      <trkpt lat="31.40538512729108333587646484375" lon="119.4944911636412143707275390625">
        <ele>6.599999904632568359375</ele>
        <time>2026-05-28T22:51:46.000Z</time>
        <extensions>
          <ns3:TrackPointExtension/>
        </extensions>
      </trkpt>
      <trkpt lat="31.4053877256810665130615234375" lon="119.4944636709988117218017578125">
        <ele>6.599999904632568359375</ele>
        <time>2026-05-28T22:51:47.000Z</time>
        <extensions>
          <ns3:TrackPointExtension/>
        </extensions>
      </trkpt>
      <trkpt lat="31.40538998879492282867431640625" lon="119.4944358430802822113037109375">
        <ele>6.400000095367431640625</ele>
        <time>2026-05-28T22:51:48.000Z</time>
        <extensions>
          <ns3:TrackPointExtension/>
        </extensions>
      </trkpt>
      <trkpt lat="31.4053920842707157135009765625" lon="119.49440776370465755462646484375">
        <ele>6.400000095367431640625</ele>
        <time>2026-05-28T22:51:49.000Z</time>
        <extensions>
          <ns3:TrackPointExtension/>
        </extensions>
      </trkpt>
      <trkpt lat="31.405394263565540313720703125" lon="119.49438027106225490570068359375">
        <ele>6.19999980926513671875</ele>
        <time>2026-05-28T22:51:50.000Z</time>
        <extensions>
          <ns3:TrackPointExtension/>
        </extensions>
      </trkpt>
      <trkpt lat="31.4053966104984283447265625" lon="119.49435361661016941070556640625">
        <ele>6.19999980926513671875</ele>
        <time>2026-05-28T22:51:51.000Z</time>
        <extensions>
          <ns3:TrackPointExtension/>
        </extensions>
      </trkpt>
      <trkpt lat="31.4053992927074432373046875" lon="119.49432696215808391571044921875">
        <ele>6</ele>
        <time>2026-05-28T22:51:52.000Z</time>
        <extensions>
          <ns3:TrackPointExtension>
            <ns3:hr>116</ns3:hr>
          </ns3:TrackPointExtension>
        </extensions>
      </trkpt>
      <trkpt lat="31.40540205873548984527587890625" lon="119.49429963715374469757080078125">
        <ele>6</ele>
        <time>2026-05-28T22:51:53.000Z</time>
        <extensions>
          <ns3:TrackPointExtension>
            <ns3:hr>116</ns3:hr>
          </ns3:TrackPointExtension>
        </extensions>
      </trkpt>
      <trkpt lat="31.4054054953157901763916015625" lon="119.4942717254161834716796875">
        <ele>6</ele>
        <time>2026-05-28T22:51:54.000Z</time>
        <extensions>
          <ns3:TrackPointExtension/>
        </extensions>
      </trkpt>
      <trkpt lat="31.40540943481028079986572265625" lon="119.4942440651357173919677734375">
        <ele>6</ele>
        <time>2026-05-28T22:51:55.000Z</time>
        <extensions>
          <ns3:TrackPointExtension>
            <ns3:hr>118</ns3:hr>
          </ns3:TrackPointExtension>
        </extensions>
      </trkpt>
      <trkpt lat="31.40541312284767627716064453125" lon="119.49421741068363189697265625">
        <ele>6</ele>
        <time>2026-05-28T22:51:56.000Z</time>
        <extensions>
          <ns3:TrackPointExtension>
            <ns3:hr>118</ns3:hr>
          </ns3:TrackPointExtension>
        </extensions>
      </trkpt>
      <trkpt lat="31.40541597269475460052490234375" lon="119.4941914267838001251220703125">
        <ele>6</ele>
        <time>2026-05-28T22:51:57.000Z</time>
        <extensions>
          <ns3:TrackPointExtension/>
        </extensions>
      </trkpt>
      <trkpt lat="31.40541815198957920074462890625" lon="119.4941656105220317840576171875">
        <ele>6</ele>
        <time>2026-05-28T22:51:58.000Z</time>
        <extensions>
          <ns3:TrackPointExtension>
            <ns3:hr>119</ns3:hr>
          </ns3:TrackPointExtension>
        </extensions>
      </trkpt>
      <trkpt lat="31.40541932545602321624755859375" lon="119.4941397942602634429931640625">
        <ele>6</ele>
        <time>2026-05-28T22:51:59.000Z</time>
        <extensions>
          <ns3:TrackPointExtension>
            <ns3:hr>119</ns3:hr>
          </ns3:TrackPointExtension>
        </extensions>
      </trkpt>
      <trkpt lat="31.40541932545602321624755859375" lon="119.49411406181752681732177734375">
        <ele>6.19999980926513671875</ele>
        <time>2026-05-28T22:52:00.000Z</time>
        <extensions>
          <ns3:TrackPointExtension/>
        </extensions>
      </trkpt>
      <trkpt lat="31.4054189063608646392822265625" lon="119.49408841319382190704345703125">
        <ele>6.19999980926513671875</ele>
        <time>2026-05-28T22:52:01.000Z</time>
        <extensions>
          <ns3:TrackPointExtension/>
        </extensions>
      </trkpt>
      <trkpt lat="31.405419073998928070068359375" lon="119.4940626807510852813720703125">
        <ele>6.400000095367431640625</ele>
        <time>2026-05-28T22:52:02.000Z</time>
        <extensions>
          <ns3:TrackPointExtension/>
        </extensions>
      </trkpt>
      <trkpt lat="31.40542083419859409332275390625" lon="119.49403661303222179412841796875">
        <ele>6.400000095367431640625</ele>
        <time>2026-05-28T22:52:03.000Z</time>
        <extensions>
          <ns3:TrackPointExtension>
            <ns3:hr>120</ns3:hr>
          </ns3:TrackPointExtension>
        </extensions>
      </trkpt>
      <trkpt lat="31.4054239355027675628662109375" lon="119.4940100423991680145263671875">
        <ele>6.400000095367431640625</ele>
        <time>2026-05-28T22:52:04.000Z</time>
        <extensions>
          <ns3:TrackPointExtension>
            <ns3:hr>120</ns3:hr>
          </ns3:TrackPointExtension>
        </extensions>
      </trkpt>
      <trkpt lat="31.405427455902099609375" lon="119.49398380704224109649658203125">
        <ele>6.400000095367431640625</ele>
        <time>2026-05-28T22:52:05.000Z</time>
        <extensions>
          <ns3:TrackPointExtension/>
        </extensions>
      </trkpt>
      <trkpt lat="31.40543089248239994049072265625" lon="119.49395799078047275543212890625">
        <ele>6.400000095367431640625</ele>
        <time>2026-05-28T22:52:06.000Z</time>
        <extensions>
          <ns3:TrackPointExtension/>
        </extensions>
      </trkpt>
      <trkpt lat="31.4054339937865734100341796875" lon="119.49393250979483127593994140625">
        <ele>6.400000095367431640625</ele>
        <time>2026-05-28T22:52:07.000Z</time>
        <extensions>
          <ns3:TrackPointExtension/>
        </extensions>
      </trkpt>
      <trkpt lat="31.40543659217655658721923828125" lon="119.49390753172338008880615234375">
        <ele>6.400000095367431640625</ele>
        <time>2026-05-28T22:52:08.000Z</time>
        <extensions>
          <ns3:TrackPointExtension/>
        </extensions>
      </trkpt>
      <trkpt lat="31.4054393582046031951904296875" lon="119.49388372711837291717529296875">
        <ele>6.400000095367431640625</ele>
        <time>2026-05-28T22:52:09.000Z</time>
        <extensions>
          <ns3:TrackPointExtension/>
        </extensions>
      </trkpt>
      <trkpt lat="31.40544229187071323394775390625" lon="119.4938595034182071685791015625">
        <ele>6.400000095367431640625</ele>
        <time>2026-05-28T22:52:10.000Z</time>
        <extensions>
          <ns3:TrackPointExtension>
            <ns3:hr>122</ns3:hr>
          </ns3:TrackPointExtension>
        </extensions>
      </trkpt>
      <trkpt lat="31.40544497407972812652587890625" lon="119.4938336871564388275146484375">
        <ele>6.400000095367431640625</ele>
        <time>2026-05-28T22:52:11.000Z</time>
        <extensions>
          <ns3:TrackPointExtension>
            <ns3:hr>122</ns3:hr>
          </ns3:TrackPointExtension>
        </extensions>
      </trkpt>
      <trkpt lat="31.40544690191745758056640625" lon="119.49380711652338504791259765625">
        <ele>6.599999904632568359375</ele>
        <time>2026-05-28T22:52:12.000Z</time>
        <extensions>
          <ns3:TrackPointExtension/>
        </extensions>
      </trkpt>
      <trkpt lat="31.40544849447906017303466796875" lon="119.49378021061420440673828125">
        <ele>6.599999904632568359375</ele>
        <time>2026-05-28T22:52:13.000Z</time>
        <extensions>
          <ns3:TrackPointExtension>
            <ns3:hr>123</ns3:hr>
          </ns3:TrackPointExtension>
        </extensions>
      </trkpt>
      <trkpt lat="31.4054500870406627655029296875" lon="119.4937528856098651885986328125">
        <ele>6.80000019073486328125</ele>
        <time>2026-05-28T22:52:14.000Z</time>
        <extensions>
          <ns3:TrackPointExtension>
            <ns3:hr>123</ns3:hr>
          </ns3:TrackPointExtension>
        </extensions>
      </trkpt>
      <trkpt lat="31.4054514281451702117919921875" lon="119.493725560605525970458984375">
        <ele>6.80000019073486328125</ele>
        <time>2026-05-28T22:52:15.000Z</time>
        <extensions>
          <ns3:TrackPointExtension/>
        </extensions>
      </trkpt>
      <trkpt lat="31.405452601611614227294921875" lon="119.49369898997247219085693359375">
        <ele>7</ele>
        <time>2026-05-28T22:52:16.000Z</time>
        <extensions>
          <ns3:TrackPointExtension/>
        </extensions>
      </trkpt>
      <trkpt lat="31.40545427799224853515625" lon="119.49367317371070384979248046875">
        <ele>7</ele>
        <time>2026-05-28T22:52:17.000Z</time>
        <extensions>
          <ns3:TrackPointExtension/>
        </extensions>
      </trkpt>
      <trkpt lat="31.40545628964900970458984375" lon="119.49364702217280864715576171875">
        <ele>7.19999980926513671875</ele>
        <time>2026-05-28T22:52:18.000Z</time>
        <extensions>
          <ns3:TrackPointExtension/>
        </extensions>
      </trkpt>
      <trkpt lat="31.40545872040092945098876953125" lon="119.4936199486255645751953125">
        <ele>7.19999980926513671875</ele>
        <time>2026-05-28T22:52:19.000Z</time>
        <extensions>
          <ns3:TrackPointExtension/>
        </extensions>
      </trkpt>
      <trkpt lat="31.40546224080026149749755859375" lon="119.49359337799251079559326171875">
        <ele>7.19999980926513671875</ele>
        <time>2026-05-28T22:52:20.000Z</time>
        <extensions>
          <ns3:TrackPointExtension/>
        </extensions>
      </trkpt>
      <trkpt lat="31.40546676702797412872314453125" lon="119.4935671426355838775634765625">
        <ele>7.19999980926513671875</ele>
        <time>2026-05-28T22:52:21.000Z</time>
        <extensions>
          <ns3:TrackPointExtension>
            <ns3:hr>125</ns3:hr>
          </ns3:TrackPointExtension>
        </extensions>
      </trkpt>
      <trkpt lat="31.4054712094366550445556640625" lon="119.49354124255478382110595703125">
        <ele>7.19999980926513671875</ele>
        <time>2026-05-28T22:52:22.000Z</time>
        <extensions>
          <ns3:TrackPointExtension>
            <ns3:hr>125</ns3:hr>
          </ns3:TrackPointExtension>
        </extensions>
      </trkpt>
      <trkpt lat="31.40547481365501880645751953125" lon="119.4935155101120471954345703125">
        <ele>7.400000095367431640625</ele>
        <time>2026-05-28T22:52:23.000Z</time>
        <extensions>
          <ns3:TrackPointExtension>
            <ns3:hr>126</ns3:hr>
          </ns3:TrackPointExtension>
        </extensions>
      </trkpt>
      <trkpt lat="31.40547816641628742218017578125" lon="119.49348986148834228515625">
        <ele>7.400000095367431640625</ele>
        <time>2026-05-28T22:52:24.000Z</time>
        <extensions>
          <ns3:TrackPointExtension>
            <ns3:hr>126</ns3:hr>
          </ns3:TrackPointExtension>
        </extensions>
      </trkpt>
      <trkpt lat="31.40548151917755603790283203125" lon="119.49346429668366909027099609375">
        <ele>7.599999904632568359375</ele>
        <time>2026-05-28T22:52:25.000Z</time>
        <extensions>
          <ns3:TrackPointExtension/>
        </extensions>
      </trkpt>
      <trkpt lat="31.40548520721495151519775390625" lon="119.493438564240932464599609375">
        <ele>7.599999904632568359375</ele>
        <time>2026-05-28T22:52:26.000Z</time>
        <extensions>
          <ns3:TrackPointExtension/>
        </extensions>
      </trkpt>
      <trkpt lat="31.4054886437952518463134765625" lon="119.49341249652206897735595703125">
        <ele>7.80000019073486328125</ele>
        <time>2026-05-28T22:52:27.000Z</time>
        <extensions>
          <ns3:TrackPointExtension/>
        </extensions>
      </trkpt>
      <trkpt lat="31.40549191273748874664306640625" lon="119.49338684789836406707763671875">
        <ele>7.80000019073486328125</ele>
        <time>2026-05-28T22:52:28.000Z</time>
        <extensions>
          <ns3:TrackPointExtension/>
        </extensions>
      </trkpt>
      <trkpt lat="31.405494846403598785400390625" lon="119.4933616183698177337646484375">
        <ele>7.80000019073486328125</ele>
        <time>2026-05-28T22:52:29.000Z</time>
        <extensions>
          <ns3:TrackPointExtension>
            <ns3:hr>126</ns3:hr>
          </ns3:TrackPointExtension>
        </extensions>
      </trkpt>
      <trkpt lat="31.40549660660326480865478515625" lon="119.49333605356514453887939453125">
        <ele>8</ele>
        <time>2026-05-28T22:52:30.000Z</time>
        <extensions>
          <ns3:TrackPointExtension>
            <ns3:hr>126</ns3:hr>
          </ns3:TrackPointExtension>
        </extensions>
      </trkpt>
      <trkpt lat="31.4054973609745502471923828125" lon="119.49331023730337619781494140625">
        <ele>8</ele>
        <time>2026-05-28T22:52:31.000Z</time>
        <extensions>
          <ns3:TrackPointExtension/>
        </extensions>
      </trkpt>
      <trkpt lat="31.40549778006970882415771484375" lon="119.49328408576548099517822265625">
        <ele>7.80000019073486328125</ele>
        <time>2026-05-28T22:52:32.000Z</time>
        <extensions>
          <ns3:TrackPointExtension/>
        </extensions>
      </trkpt>
      <trkpt lat="31.4054993726313114166259765625" lon="119.4932576827704906463623046875">
        <ele>7.80000019073486328125</ele>
        <time>2026-05-28T22:52:33.000Z</time>
        <extensions>
          <ns3:TrackPointExtension/>
        </extensions>
      </trkpt>
      <trkpt lat="31.40550213865935802459716796875" lon="119.49323111213743686676025390625">
        <ele>8</ele>
        <time>2026-05-28T22:52:34.000Z</time>
        <extensions>
          <ns3:TrackPointExtension/>
        </extensions>
      </trkpt>
      <trkpt lat="31.4055047370493412017822265625" lon="119.49320479296147823333740234375">
        <ele>8</ele>
        <time>2026-05-28T22:52:35.000Z</time>
        <extensions>
          <ns3:TrackPointExtension>
            <ns3:hr>126</ns3:hr>
          </ns3:TrackPointExtension>
        </extensions>
      </trkpt>
      <trkpt lat="31.405506245791912078857421875" lon="119.4931782223284244537353515625">
        <ele>8</ele>
        <time>2026-05-28T22:52:36.000Z</time>
        <extensions>
          <ns3:TrackPointExtension>
            <ns3:hr>126</ns3:hr>
          </ns3:TrackPointExtension>
        </extensions>
      </trkpt>
      <trkpt lat="31.40550683252513408660888671875" lon="119.49315114878118038177490234375">
        <ele>8</ele>
        <time>2026-05-28T22:52:37.000Z</time>
        <extensions>
          <ns3:TrackPointExtension/>
        </extensions>
      </trkpt>
      <trkpt lat="31.4055067487061023712158203125" lon="119.4931239075958728790283203125">
        <ele>8</ele>
        <time>2026-05-28T22:52:38.000Z</time>
        <extensions>
          <ns3:TrackPointExtension/>
        </extensions>
      </trkpt>
      <trkpt lat="31.40550666488707065582275390625" lon="119.4930969178676605224609375">
        <ele>8</ele>
        <time>2026-05-28T22:52:39.000Z</time>
        <extensions>
          <ns3:TrackPointExtension/>
        </extensions>
      </trkpt>
      <trkpt lat="31.40550716780126094818115234375" lon="119.49307051487267017364501953125">
        <ele>8</ele>
        <time>2026-05-28T22:52:40.000Z</time>
        <extensions>
          <ns3:TrackPointExtension>
            <ns3:hr>126</ns3:hr>
          </ns3:TrackPointExtension>
        </extensions>
      </trkpt>
      <trkpt lat="31.40550850890576839447021484375" lon="119.4930444471538066864013671875">
        <ele>7.80000019073486328125</ele>
        <time>2026-05-28T22:52:41.000Z</time>
        <extensions>
          <ns3:TrackPointExtension>
            <ns3:hr>126</ns3:hr>
          </ns3:TrackPointExtension>
        </extensions>
      </trkpt>
      <trkpt lat="31.40550985001027584075927734375" lon="119.493018798530101776123046875">
        <ele>7.80000019073486328125</ele>
        <time>2026-05-28T22:52:42.000Z</time>
        <extensions>
          <ns3:TrackPointExtension/>
        </extensions>
      </trkpt>
      <trkpt lat="31.405510604381561279296875" lon="119.49299390427768230438232421875">
        <ele>7.599999904632568359375</ele>
        <time>2026-05-28T22:52:43.000Z</time>
        <extensions>
          <ns3:TrackPointExtension/>
        </extensions>
      </trkpt>
      <trkpt lat="31.40551001764833927154541015625" lon="119.4929703511297702789306640625">
        <ele>7.599999904632568359375</ele>
        <time>2026-05-28T22:52:44.000Z</time>
        <extensions>
          <ns3:TrackPointExtension>
            <ns3:hr>127</ns3:hr>
          </ns3:TrackPointExtension>
        </extensions>
      </trkpt>
      <trkpt lat="31.4055077545344829559326171875" lon="119.49294847436249256134033203125">
        <ele>7.400000095367431640625</ele>
        <time>2026-05-28T22:52:45.000Z</time>
        <extensions>
          <ns3:TrackPointExtension>
            <ns3:hr>127</ns3:hr>
          </ns3:TrackPointExtension>
        </extensions>
      </trkpt>
      <trkpt lat="31.40550314448773860931396484375" lon="119.49292936362326145172119140625">
        <ele>7.400000095367431640625</ele>
        <time>2026-05-28T22:52:46.000Z</time>
        <extensions>
          <ns3:TrackPointExtension/>
        </extensions>
      </trkpt>
      <trkpt lat="31.40549652278423309326171875" lon="119.4929145276546478271484375">
        <ele>7.19999980926513671875</ele>
        <time>2026-05-28T22:52:47.000Z</time>
        <extensions>
          <ns3:TrackPointExtension/>
        </extensions>
      </trkpt>
      <trkpt lat="31.4054904878139495849609375" lon="119.4929053075611591339111328125">
        <ele>7.19999980926513671875</ele>
        <time>2026-05-28T22:52:48.000Z</time>
        <extensions>
          <ns3:TrackPointExtension>
            <ns3:hr>127</ns3:hr>
          </ns3:TrackPointExtension>
        </extensions>
      </trkpt>
      <trkpt lat="31.40548713505268096923828125" lon="119.49290287680923938751220703125">
        <ele>7.19999980926513671875</ele>
        <time>2026-05-28T22:52:49.000Z</time>
        <extensions>
          <ns3:TrackPointExtension>
            <ns3:hr>127</ns3:hr>
          </ns3:TrackPointExtension>
        </extensions>
      </trkpt>
      <trkpt lat="31.40548621304333209991455078125" lon="119.49290472082793712615966796875">
        <ele>7.19999980926513671875</ele>
        <time>2026-05-28T22:52:50.000Z</time>
        <extensions>
          <ns3:TrackPointExtension/>
        </extensions>
      </trkpt>
      <trkpt lat="31.40548621304333209991455078125" lon="119.492906816303730010986328125">
        <ele>7.19999980926513671875</ele>
        <time>2026-05-28T22:52:51.000Z</time>
        <extensions>
          <ns3:TrackPointExtension/>
        </extensions>
      </trkpt>
      <trkpt lat="31.40548646450042724609375" lon="119.49290849268436431884765625">
        <ele>7.19999980926513671875</ele>
        <time>2026-05-28T22:52:52.000Z</time>
        <extensions>
          <ns3:TrackPointExtension/>
        </extensions>
      </trkpt>
      <trkpt lat="31.40548671595752239227294921875" lon="119.4929100014269351959228515625">
        <ele>7.19999980926513671875</ele>
        <time>2026-05-28T22:52:53.000Z</time>
        <extensions>
          <ns3:TrackPointExtension/>
        </extensions>
      </trkpt>
      <trkpt lat="31.40548654831945896148681640625" lon="119.49291092343628406524658203125">
        <ele>7.19999980926513671875</ele>
        <time>2026-05-28T22:52:54.000Z</time>
        <extensions>
          <ns3:TrackPointExtension/>
        </extensions>
      </trkpt>
      <trkpt lat="31.40548604540526866912841796875" lon="119.49291117489337921142578125">
        <ele>7.19999980926513671875</ele>
        <time>2026-05-28T22:52:55.000Z</time>
        <extensions>
          <ns3:TrackPointExtension/>
        </extensions>
      </trkpt>
      <trkpt lat="31.40548554249107837677001953125" lon="119.4929110072553157806396484375">
        <ele>7.19999980926513671875</ele>
        <time>2026-05-28T22:52:56.000Z</time>
        <extensions>
          <ns3:TrackPointExtension/>
        </extensions>
      </trkpt>
      <trkpt lat="31.4054852910339832305908203125" lon="119.492910839617252349853515625">
        <ele>7.19999980926513671875</ele>
        <time>2026-05-28T22:52:57.000Z</time>
        <extensions>
          <ns3:TrackPointExtension>
            <ns3:hr>130</ns3:hr>
          </ns3:TrackPointExtension>
        </extensions>
      </trkpt>
      <trkpt lat="31.40548537485301494598388671875" lon="119.492910169064998626708984375">
        <ele>7.19999980926513671875</ele>
        <time>2026-05-28T22:52:58.000Z</time>
        <extensions>
          <ns3:TrackPointExtension>
            <ns3:hr>130</ns3:hr>
          </ns3:TrackPointExtension>
        </extensions>
      </trkpt>
      <trkpt lat="31.405485458672046661376953125" lon="119.492908157408237457275390625">
        <ele>7.19999980926513671875</ele>
        <time>2026-05-28T22:52:59.000Z</time>
        <extensions>
          <ns3:TrackPointExtension/>
        </extensions>
      </trkpt>
      <trkpt lat="31.40548554249107837677001953125" lon="119.49290287680923938751220703125">
        <ele>7.19999980926513671875</ele>
        <time>2026-05-28T22:53:00.000Z</time>
        <extensions>
          <ns3:TrackPointExtension/>
        </extensions>
      </trkpt>
      <trkpt lat="31.4054851233959197998046875" lon="119.49289248324930667877197265625">
        <ele>7.19999980926513671875</ele>
        <time>2026-05-28T22:53:01.000Z</time>
        <extensions>
          <ns3:TrackPointExtension>
            <ns3:hr>131</ns3:hr>
          </ns3:TrackPointExtension>
        </extensions>
      </trkpt>
      <trkpt lat="31.40548487193882465362548828125" lon="119.49287538416683673858642578125">
        <ele>7</ele>
        <time>2026-05-28T22:53:02.000Z</time>
        <extensions>
          <ns3:TrackPointExtension>
            <ns3:hr>131</ns3:hr>
          </ns3:TrackPointExtension>
        </extensions>
      </trkpt>
      <trkpt lat="31.4054859615862369537353515625" lon="119.49285325594246387481689453125">
        <ele>7</ele>
        <time>2026-05-28T22:53:03.000Z</time>
        <extensions>
          <ns3:TrackPointExtension>
            <ns3:hr>130</ns3:hr>
          </ns3:TrackPointExtension>
        </extensions>
      </trkpt>
      <trkpt lat="31.4054886437952518463134765625" lon="119.49282827787101268768310546875">
        <ele>6.80000019073486328125</ele>
        <time>2026-05-28T22:53:04.000Z</time>
        <extensions>
          <ns3:TrackPointExtension>
            <ns3:hr>130</ns3:hr>
          </ns3:TrackPointExtension>
        </extensions>
      </trkpt>
      <trkpt lat="31.40549249947071075439453125" lon="119.49280195869505405426025390625">
        <ele>6.80000019073486328125</ele>
        <time>2026-05-28T22:53:05.000Z</time>
        <extensions>
          <ns3:TrackPointExtension/>
        </extensions>
      </trkpt>
      <trkpt lat="31.40549677424132823944091796875" lon="119.492776058614253997802734375">
        <ele>6.80000019073486328125</ele>
        <time>2026-05-28T22:53:06.000Z</time>
        <extensions>
          <ns3:TrackPointExtension/>
        </extensions>
      </trkpt>
      <trkpt lat="31.405500881373882293701171875" lon="119.4927507452666759490966796875">
        <ele>6.80000019073486328125</ele>
        <time>2026-05-28T22:53:07.000Z</time>
        <extensions>
          <ns3:TrackPointExtension/>
        </extensions>
      </trkpt>
      <trkpt lat="31.4055047370493412017822265625" lon="119.492726437747478485107421875">
        <ele>7</ele>
        <time>2026-05-28T22:53:08.000Z</time>
        <extensions>
          <ns3:TrackPointExtension/>
        </extensions>
      </trkpt>
      <trkpt lat="31.405508928000926971435546875" lon="119.49270196259021759033203125">
        <ele>7</ele>
        <time>2026-05-28T22:53:09.000Z</time>
        <extensions>
          <ns3:TrackPointExtension/>
        </extensions>
      </trkpt>
      <trkpt lat="31.40551320277154445648193359375" lon="119.49267656542360782623291015625">
        <ele>7</ele>
        <time>2026-05-28T22:53:10.000Z</time>
        <extensions>
          <ns3:TrackPointExtension/>
        </extensions>
      </trkpt>
      <trkpt lat="31.4055174775421619415283203125" lon="119.49265074916183948516845703125">
        <ele>7</ele>
        <time>2026-05-28T22:53:11.000Z</time>
        <extensions>
          <ns3:TrackPointExtension/>
        </extensions>
      </trkpt>
      <trkpt lat="31.40552175231277942657470703125" lon="119.4926253519952297210693359375">
        <ele>7</ele>
        <time>2026-05-28T22:53:12.000Z</time>
        <extensions>
          <ns3:TrackPointExtension>
            <ns3:hr>122</ns3:hr>
          </ns3:TrackPointExtension>
        </extensions>
      </trkpt>
      <trkpt lat="31.40552661381661891937255859375" lon="119.49260137975215911865234375">
        <ele>7</ele>
        <time>2026-05-28T22:53:13.000Z</time>
        <extensions>
          <ns3:TrackPointExtension>
            <ns3:hr>122</ns3:hr>
          </ns3:TrackPointExtension>
        </extensions>
      </trkpt>
      <trkpt lat="31.40553273260593414306640625" lon="119.49257816188037395477294921875">
        <ele>7</ele>
        <time>2026-05-28T22:53:14.000Z</time>
        <extensions>
          <ns3:TrackPointExtension>
            <ns3:hr>120</ns3:hr>
          </ns3:TrackPointExtension>
        </extensions>
      </trkpt>
      <trkpt lat="31.4055396057665348052978515625" lon="119.492554105818271636962890625">
        <ele>7</ele>
        <time>2026-05-28T22:53:15.000Z</time>
        <extensions>
          <ns3:TrackPointExtension>
            <ns3:hr>120</ns3:hr>
          </ns3:TrackPointExtension>
        </extensions>
      </trkpt>
      <trkpt lat="31.40554622747004032135009765625" lon="119.49252837337553501129150390625">
        <ele>7</ele>
        <time>2026-05-28T22:53:16.000Z</time>
        <extensions>
          <ns3:TrackPointExtension/>
        </extensions>
      </trkpt>
      <trkpt lat="31.40555209480226039886474609375" lon="119.49250155128538608551025390625">
        <ele>7</ele>
        <time>2026-05-28T22:53:17.000Z</time>
        <extensions>
          <ns3:TrackPointExtension/>
        </extensions>
      </trkpt>
      <trkpt lat="31.40555712394416332244873046875" lon="119.49247472919523715972900390625">
        <ele>7</ele>
        <time>2026-05-28T22:53:18.000Z</time>
        <extensions>
          <ns3:TrackPointExtension>
            <ns3:hr>121</ns3:hr>
          </ns3:TrackPointExtension>
        </extensions>
      </trkpt>
      <trkpt lat="31.40556466765701770782470703125" lon="119.49242167174816131591796875">
        <ele>7.19999980926513671875</ele>
        <time>2026-05-28T22:53:19.000Z</time>
        <extensions>
          <ns3:TrackPointExtension>
            <ns3:hr>121</ns3:hr>
          </ns3:TrackPointExtension>
        </extensions>
      </trkpt>
      <trkpt lat="31.40556617639958858489990234375" lon="119.49239552021026611328125">
        <ele>7.19999980926513671875</ele>
        <time>2026-05-28T22:53:20.000Z</time>
        <extensions>
          <ns3:TrackPointExtension/>
        </extensions>
      </trkpt>
      <trkpt lat="31.40556600876152515411376953125" lon="119.4923712126910686492919921875">
        <ele>7.400000095367431640625</ele>
        <time>2026-05-28T22:53:21.000Z</time>
        <extensions>
          <ns3:TrackPointExtension/>
        </extensions>
      </trkpt>
      <trkpt lat="31.40556550584733486175537109375" lon="119.49234900064766407012939453125">
        <ele>7.400000095367431640625</ele>
        <time>2026-05-28T22:53:22.000Z</time>
        <extensions>
          <ns3:TrackPointExtension/>
        </extensions>
      </trkpt>
      <trkpt lat="31.40556626021862030029296875" lon="119.4923266209661960601806640625">
        <ele>7.400000095367431640625</ele>
        <time>2026-05-28T22:53:23.000Z</time>
        <extensions>
          <ns3:TrackPointExtension/>
        </extensions>
      </trkpt>
      <trkpt lat="31.40556835569441318511962890625" lon="119.4923034869134426116943359375">
        <ele>7.599999904632568359375</ele>
        <time>2026-05-28T22:53:24.000Z</time>
        <extensions>
          <ns3:TrackPointExtension/>
        </extensions>
      </trkpt>
      <trkpt lat="31.40557120554149150848388671875" lon="119.49227943085134029388427734375">
        <ele>7.599999904632568359375</ele>
        <time>2026-05-28T22:53:25.000Z</time>
        <extensions>
          <ns3:TrackPointExtension>
            <ns3:hr>124</ns3:hr>
          </ns3:TrackPointExtension>
        </extensions>
      </trkpt>
      <trkpt lat="31.40557405538856983184814453125" lon="119.49225445277988910675048828125">
        <ele>7.80000019073486328125</ele>
        <time>2026-05-28T22:53:26.000Z</time>
        <extensions>
          <ns3:TrackPointExtension>
            <ns3:hr>124</ns3:hr>
          </ns3:TrackPointExtension>
        </extensions>
      </trkpt>
      <trkpt lat="31.4055764861404895782470703125" lon="119.49222863651812076568603515625">
        <ele>7.80000019073486328125</ele>
        <time>2026-05-28T22:53:27.000Z</time>
        <extensions>
          <ns3:TrackPointExtension>
            <ns3:hr>125</ns3:hr>
          </ns3:TrackPointExtension>
        </extensions>
      </trkpt>
      <trkpt lat="31.40557807870209217071533203125" lon="119.49220240116119384765625">
        <ele>7.80000019073486328125</ele>
        <time>2026-05-28T22:53:28.000Z</time>
        <extensions>
          <ns3:TrackPointExtension>
            <ns3:hr>125</ns3:hr>
          </ns3:TrackPointExtension>
        </extensions>
      </trkpt>
      <trkpt lat="31.40557891689240932464599609375" lon="119.49217633344233036041259765625">
        <ele>7.80000019073486328125</ele>
        <time>2026-05-28T22:53:29.000Z</time>
        <extensions>
          <ns3:TrackPointExtension/>
        </extensions>
      </trkpt>
      <trkpt lat="31.40557975508272647857666015625" lon="119.49215051718056201934814453125">
        <ele>7.80000019073486328125</ele>
        <time>2026-05-28T22:53:30.000Z</time>
        <extensions>
          <ns3:TrackPointExtension/>
        </extensions>
      </trkpt>
      <trkpt lat="31.4055818505585193634033203125" lon="119.49212520383298397064208984375">
        <ele>7.80000019073486328125</ele>
        <time>2026-05-28T22:53:31.000Z</time>
        <extensions>
          <ns3:TrackPointExtension/>
        </extensions>
      </trkpt>
      <trkpt lat="31.4055843651294708251953125" lon="119.49210039339959621429443359375">
        <ele>7.80000019073486328125</ele>
        <time>2026-05-28T22:53:32.000Z</time>
        <extensions>
          <ns3:TrackPointExtension>
            <ns3:hr>128</ns3:hr>
          </ns3:TrackPointExtension>
        </extensions>
      </trkpt>
      <trkpt lat="31.405585706233978271484375" lon="119.4920758344233036041259765625">
        <ele>7.80000019073486328125</ele>
        <time>2026-05-28T22:53:33.000Z</time>
        <extensions>
          <ns3:TrackPointExtension>
            <ns3:hr>128</ns3:hr>
          </ns3:TrackPointExtension>
        </extensions>
      </trkpt>
      <trkpt lat="31.4055858738720417022705078125" lon="119.49205077253282070159912109375">
        <ele>7.80000019073486328125</ele>
        <time>2026-05-28T22:53:34.000Z</time>
        <extensions>
          <ns3:TrackPointExtension/>
        </extensions>
      </trkpt>
      <trkpt lat="31.40558595769107341766357421875" lon="119.49202512390911579132080078125">
        <ele>7.80000019073486328125</ele>
        <time>2026-05-28T22:53:35.000Z</time>
        <extensions>
          <ns3:TrackPointExtension/>
        </extensions>
      </trkpt>
      <trkpt lat="31.4055870473384857177734375" lon="119.49199880473315715789794921875">
        <ele>7.80000019073486328125</ele>
        <time>2026-05-28T22:53:36.000Z</time>
        <extensions>
          <ns3:TrackPointExtension/>
        </extensions>
      </trkpt>
      <trkpt lat="31.40558914281427860260009765625" lon="119.49197240173816680908203125">
        <ele>7.80000019073486328125</ele>
        <time>2026-05-28T22:53:37.000Z</time>
        <extensions>
          <ns3:TrackPointExtension/>
        </extensions>
      </trkpt>
      <trkpt lat="31.40559182502329349517822265625" lon="119.49194499291479587554931640625">
        <ele>8</ele>
        <time>2026-05-28T22:53:38.000Z</time>
        <extensions>
          <ns3:TrackPointExtension/>
        </extensions>
      </trkpt>
      <trkpt lat="31.40559433959424495697021484375" lon="119.491916410624980926513671875">
        <ele>8</ele>
        <time>2026-05-28T22:53:39.000Z</time>
        <extensions>
          <ns3:TrackPointExtension/>
        </extensions>
      </trkpt>
      <trkpt lat="31.4055969379842281341552734375" lon="119.4918874092400074005126953125">
        <ele>7.80000019073486328125</ele>
        <time>2026-05-28T22:53:40.000Z</time>
        <extensions>
          <ns3:TrackPointExtension/>
        </extensions>
      </trkpt>
      <trkpt lat="31.40559953637421131134033203125" lon="119.49185966514050960540771484375">
        <ele>7.80000019073486328125</ele>
        <time>2026-05-28T22:53:41.000Z</time>
        <extensions>
          <ns3:TrackPointExtension>
            <ns3:hr>131</ns3:hr>
          </ns3:TrackPointExtension>
        </extensions>
      </trkpt>
      <trkpt lat="31.40560255385935306549072265625" lon="119.49183317832648754119873046875">
        <ele>7.599999904632568359375</ele>
        <time>2026-05-28T22:53:42.000Z</time>
        <extensions>
          <ns3:TrackPointExtension>
            <ns3:hr>131</ns3:hr>
          </ns3:TrackPointExtension>
        </extensions>
      </trkpt>
      <trkpt lat="31.40560607425868511199951171875" lon="119.491807781159877777099609375">
        <ele>7.599999904632568359375</ele>
        <time>2026-05-28T22:53:43.000Z</time>
        <extensions>
          <ns3:TrackPointExtension>
            <ns3:hr>131</ns3:hr>
          </ns3:TrackPointExtension>
        </extensions>
      </trkpt>
      <trkpt lat="31.4056098461151123046875" lon="119.49178221635520458221435546875">
        <ele>7.400000095367431640625</ele>
        <time>2026-05-28T22:53:44.000Z</time>
        <extensions>
          <ns3:TrackPointExtension/>
        </extensions>
      </trkpt>
      <trkpt lat="31.4056140370666980743408203125" lon="119.4917563162744045257568359375">
        <ele>7.400000095367431640625</ele>
        <time>2026-05-28T22:53:45.000Z</time>
        <extensions>
          <ns3:TrackPointExtension/>
        </extensions>
      </trkpt>
      <trkpt lat="31.40561831183731555938720703125" lon="119.491729997098445892333984375">
        <ele>7.400000095367431640625</ele>
        <time>2026-05-28T22:53:46.000Z</time>
        <extensions>
          <ns3:TrackPointExtension/>
        </extensions>
      </trkpt>
      <trkpt lat="31.4056220836937427520751953125" lon="119.491703175008296966552734375">
        <ele>7.400000095367431640625</ele>
        <time>2026-05-28T22:53:47.000Z</time>
        <extensions>
          <ns3:TrackPointExtension>
            <ns3:hr>131</ns3:hr>
          </ns3:TrackPointExtension>
        </extensions>
      </trkpt>
      <trkpt lat="31.4056245982646942138671875" lon="119.49167576618492603302001953125">
        <ele>7.400000095367431640625</ele>
        <time>2026-05-28T22:53:48.000Z</time>
        <extensions>
          <ns3:TrackPointExtension>
            <ns3:hr>131</ns3:hr>
          </ns3:TrackPointExtension>
        </extensions>
      </trkpt>
      <trkpt lat="31.40562635846436023712158203125" lon="119.491648189723491668701171875">
        <ele>7.19999980926513671875</ele>
        <time>2026-05-28T22:53:49.000Z</time>
        <extensions>
          <ns3:TrackPointExtension/>
        </extensions>
      </trkpt>
      <trkpt lat="31.4056277833878993988037109375" lon="119.49162078090012073516845703125">
        <ele>7.19999980926513671875</ele>
        <time>2026-05-28T22:53:50.000Z</time>
        <extensions>
          <ns3:TrackPointExtension/>
        </extensions>
      </trkpt>
      <trkpt lat="31.40562870539724826812744140625" lon="119.491593539714813232421875">
        <ele>7.19999980926513671875</ele>
        <time>2026-05-28T22:53:51.000Z</time>
        <extensions>
          <ns3:TrackPointExtension/>
        </extensions>
      </trkpt>
      <trkpt lat="31.40562904067337512969970703125" lon="119.49156613089144229888916015625">
        <ele>7</ele>
        <time>2026-05-28T22:53:52.000Z</time>
        <extensions>
          <ns3:TrackPointExtension/>
        </extensions>
      </trkpt>
      <trkpt lat="31.40562887303531169891357421875" lon="119.49153922498226165771484375">
        <ele>7</ele>
        <time>2026-05-28T22:53:53.000Z</time>
        <extensions>
          <ns3:TrackPointExtension/>
        </extensions>
      </trkpt>
      <trkpt lat="31.40562904067337512969970703125" lon="119.4915132410824298858642578125">
        <ele>6.80000019073486328125</ele>
        <time>2026-05-28T22:53:54.000Z</time>
        <extensions>
          <ns3:TrackPointExtension>
            <ns3:hr>133</ns3:hr>
          </ns3:TrackPointExtension>
        </extensions>
      </trkpt>
      <trkpt lat="31.40563004650175571441650390625" lon="119.491487257182598114013671875">
        <ele>6.80000019073486328125</ele>
        <time>2026-05-28T22:53:55.000Z</time>
        <extensions>
          <ns3:TrackPointExtension>
            <ns3:hr>133</ns3:hr>
          </ns3:TrackPointExtension>
        </extensions>
      </trkpt>
      <trkpt lat="31.40563155524432659149169921875" lon="119.4914609380066394805908203125">
        <ele>6.599999904632568359375</ele>
        <time>2026-05-28T22:53:56.000Z</time>
        <extensions>
          <ns3:TrackPointExtension/>
        </extensions>
      </trkpt>
      <trkpt lat="31.4056331478059291839599609375" lon="119.4914327748119831085205078125">
        <ele>6.599999904632568359375</ele>
        <time>2026-05-28T22:53:57.000Z</time>
        <extensions>
          <ns3:TrackPointExtension>
            <ns3:hr>133</ns3:hr>
          </ns3:TrackPointExtension>
        </extensions>
      </trkpt>
      <trkpt lat="31.40563507564365863800048828125" lon="119.49140377342700958251953125">
        <ele>6.400000095367431640625</ele>
        <time>2026-05-28T22:53:58.000Z</time>
        <extensions>
          <ns3:TrackPointExtension>
            <ns3:hr>133</ns3:hr>
          </ns3:TrackPointExtension>
        </extensions>
      </trkpt>
      <trkpt lat="31.40563759021461009979248046875" lon="119.49137586168944835662841796875">
        <ele>6.400000095367431640625</ele>
        <time>2026-05-28T22:53:59.000Z</time>
        <extensions>
          <ns3:TrackPointExtension/>
        </extensions>
      </trkpt>
      <trkpt lat="31.40564044006168842315673828125" lon="119.49134920723736286163330078125">
        <ele>6.400000095367431640625</ele>
        <time>2026-05-28T22:54:00.000Z</time>
        <extensions>
          <ns3:TrackPointExtension/>
        </extensions>
      </trkpt>
      <trkpt lat="31.40564312227070331573486328125" lon="119.491322301328182220458984375">
        <ele>6.400000095367431640625</ele>
        <time>2026-05-28T22:54:01.000Z</time>
        <extensions>
          <ns3:TrackPointExtension/>
        </extensions>
      </trkpt>
      <trkpt lat="31.405645050108432769775390625" lon="119.49129522778093814849853515625">
        <ele>6.400000095367431640625</ele>
        <time>2026-05-28T22:54:02.000Z</time>
        <extensions>
          <ns3:TrackPointExtension/>
        </extensions>
      </trkpt>
      <trkpt lat="31.405645720660686492919921875" lon="119.4912676513195037841796875">
        <ele>6.400000095367431640625</ele>
        <time>2026-05-28T22:54:03.000Z</time>
        <extensions>
          <ns3:TrackPointExtension/>
        </extensions>
      </trkpt>
      <trkpt lat="31.40564538538455963134765625" lon="119.49124015867710113525390625">
        <ele>6.400000095367431640625</ele>
        <time>2026-05-28T22:54:04.000Z</time>
        <extensions>
          <ns3:TrackPointExtension>
            <ns3:hr>135</ns3:hr>
          </ns3:TrackPointExtension>
        </extensions>
      </trkpt>
      <trkpt lat="31.40564538538455963134765625" lon="119.49121308512985706329345703125">
        <ele>6.400000095367431640625</ele>
        <time>2026-05-28T22:54:05.000Z</time>
        <extensions>
          <ns3:TrackPointExtension>
            <ns3:hr>135</ns3:hr>
          </ns3:TrackPointExtension>
        </extensions>
      </trkpt>
      <trkpt lat="31.4056468941271305084228515625" lon="119.491185843944549560546875">
        <ele>6.19999980926513671875</ele>
        <time>2026-05-28T22:54:06.000Z</time>
        <extensions>
          <ns3:TrackPointExtension/>
        </extensions>
      </trkpt>
      <trkpt lat="31.405650414526462554931640625" lon="119.49115826748311519622802734375">
        <ele>6.19999980926513671875</ele>
        <time>2026-05-28T22:54:07.000Z</time>
        <extensions>
          <ns3:TrackPointExtension/>
        </extensions>
      </trkpt>
      <trkpt lat="31.40565502457320690155029296875" lon="119.4911300204694271087646484375">
        <ele>6</ele>
        <time>2026-05-28T22:54:08.000Z</time>
        <extensions>
          <ns3:TrackPointExtension/>
        </extensions>
      </trkpt>
      <trkpt lat="31.4056592993438243865966796875" lon="119.49110160581767559051513671875">
        <ele>6</ele>
        <time>2026-05-28T22:54:09.000Z</time>
        <extensions>
          <ns3:TrackPointExtension/>
        </extensions>
      </trkpt>
      <trkpt lat="31.40566256828606128692626953125" lon="119.49107377789914608001708984375">
        <ele>6.19999980926513671875</ele>
        <time>2026-05-28T22:54:10.000Z</time>
        <extensions>
          <ns3:TrackPointExtension>
            <ns3:hr>135</ns3:hr>
          </ns3:TrackPointExtension>
        </extensions>
      </trkpt>
      <trkpt lat="31.40566474758088588714599609375" lon="119.49104745872318744659423828125">
        <ele>6.19999980926513671875</ele>
        <time>2026-05-28T22:54:11.000Z</time>
        <extensions>
          <ns3:TrackPointExtension>
            <ns3:hr>135</ns3:hr>
          </ns3:TrackPointExtension>
        </extensions>
      </trkpt>
      <trkpt lat="31.4056660048663616180419921875" lon="119.4910220615565776824951171875">
        <ele>6.400000095367431640625</ele>
        <time>2026-05-28T22:54:12.000Z</time>
        <extensions>
          <ns3:TrackPointExtension/>
        </extensions>
      </trkpt>
      <trkpt lat="31.40566692687571048736572265625" lon="119.49099607765674591064453125">
        <ele>6.400000095367431640625</ele>
        <time>2026-05-28T22:54:13.000Z</time>
        <extensions>
          <ns3:TrackPointExtension/>
        </extensions>
      </trkpt>
      <trkpt lat="31.40566860325634479522705078125" lon="119.49096925556659698486328125">
        <ele>6.400000095367431640625</ele>
        <time>2026-05-28T22:54:14.000Z</time>
        <extensions>
          <ns3:TrackPointExtension/>
        </extensions>
      </trkpt>
      <trkpt lat="31.40567078255116939544677734375" lon="119.4909422658383846282958984375">
        <ele>6.400000095367431640625</ele>
        <time>2026-05-28T22:54:15.000Z</time>
        <extensions>
          <ns3:TrackPointExtension/>
        </extensions>
      </trkpt>
      <trkpt lat="31.40567296184599399566650390625" lon="119.49091569520533084869384765625">
        <ele>6.400000095367431640625</ele>
        <time>2026-05-28T22:54:16.000Z</time>
        <extensions>
          <ns3:TrackPointExtension>
            <ns3:hr>136</ns3:hr>
          </ns3:TrackPointExtension>
        </extensions>
      </trkpt>
      <trkpt lat="31.405674554407596588134765625" lon="119.49088954366743564605712890625">
        <ele>6.400000095367431640625</ele>
        <time>2026-05-28T22:54:17.000Z</time>
        <extensions>
          <ns3:TrackPointExtension>
            <ns3:hr>136</ns3:hr>
          </ns3:TrackPointExtension>
        </extensions>
      </trkpt>
      <trkpt lat="31.4056760631501674652099609375" lon="119.49086238630115985870361328125">
        <ele>6.400000095367431640625</ele>
        <time>2026-05-28T22:54:18.000Z</time>
        <extensions>
          <ns3:TrackPointExtension/>
        </extensions>
      </trkpt>
      <trkpt lat="31.40567765571177005767822265625" lon="119.49083422310650348663330078125">
        <ele>6.400000095367431640625</ele>
        <time>2026-05-28T22:54:19.000Z</time>
        <extensions>
          <ns3:TrackPointExtension>
            <ns3:hr>137</ns3:hr>
          </ns3:TrackPointExtension>
        </extensions>
      </trkpt>
      <trkpt lat="31.40567916445434093475341796875" lon="119.49080564081668853759765625">
        <ele>6.400000095367431640625</ele>
        <time>2026-05-28T22:54:20.000Z</time>
        <extensions>
          <ns3:TrackPointExtension>
            <ns3:hr>137</ns3:hr>
          </ns3:TrackPointExtension>
        </extensions>
      </trkpt>
      <trkpt lat="31.40568033792078495025634765625" lon="119.49077789671719074249267578125">
        <ele>6.400000095367431640625</ele>
        <time>2026-05-28T22:54:21.000Z</time>
        <extensions>
          <ns3:TrackPointExtension/>
        </extensions>
      </trkpt>
      <trkpt lat="31.405681930482387542724609375" lon="119.49075057171285152435302734375">
        <ele>6.400000095367431640625</ele>
        <time>2026-05-28T22:54:22.000Z</time>
        <extensions>
          <ns3:TrackPointExtension/>
        </extensions>
      </trkpt>
      <trkpt lat="31.40568402595818042755126953125" lon="119.49072341434657573699951171875">
        <ele>6.400000095367431640625</ele>
        <time>2026-05-28T22:54:23.000Z</time>
        <extensions>
          <ns3:TrackPointExtension/>
        </extensions>
      </trkpt>
      <trkpt lat="31.40568654052913188934326171875" lon="119.49069608934223651885986328125">
        <ele>6.400000095367431640625</ele>
        <time>2026-05-28T22:54:24.000Z</time>
        <extensions>
          <ns3:TrackPointExtension/>
        </extensions>
      </trkpt>
      <trkpt lat="31.405689306557178497314453125" lon="119.49066893197596073150634765625">
        <ele>6.400000095367431640625</ele>
        <time>2026-05-28T22:54:25.000Z</time>
        <extensions>
          <ns3:TrackPointExtension/>
        </extensions>
      </trkpt>
      <trkpt lat="31.40569207258522510528564453125" lon="119.4906426966190338134765625">
        <ele>6.400000095367431640625</ele>
        <time>2026-05-28T22:54:26.000Z</time>
        <extensions>
          <ns3:TrackPointExtension>
            <ns3:hr>135</ns3:hr>
          </ns3:TrackPointExtension>
        </extensions>
      </trkpt>
      <trkpt lat="31.40569492243230342864990234375" lon="119.49061746709048748016357421875">
        <ele>6.400000095367431640625</ele>
        <time>2026-05-28T22:54:27.000Z</time>
        <extensions>
          <ns3:TrackPointExtension>
            <ns3:hr>135</ns3:hr>
          </ns3:TrackPointExtension>
        </extensions>
      </trkpt>
      <trkpt lat="31.4056978560984134674072265625" lon="119.490592740476131439208984375">
        <ele>6.400000095367431640625</ele>
        <time>2026-05-28T22:54:28.000Z</time>
        <extensions>
          <ns3:TrackPointExtension/>
        </extensions>
      </trkpt>
      <trkpt lat="31.4057012088596820831298828125" lon="119.49056734330952167510986328125">
        <ele>6.400000095367431640625</ele>
        <time>2026-05-28T22:54:29.000Z</time>
        <extensions>
          <ns3:TrackPointExtension/>
        </extensions>
      </trkpt>
      <trkpt lat="31.40570447780191898345947265625" lon="119.49054052121937274932861328125">
        <ele>6.400000095367431640625</ele>
        <time>2026-05-28T22:54:30.000Z</time>
        <extensions>
          <ns3:TrackPointExtension/>
        </extensions>
      </trkpt>
      <trkpt lat="31.405707411468029022216796875" lon="119.490512274205684661865234375">
        <ele>6.19999980926513671875</ele>
        <time>2026-05-28T22:54:31.000Z</time>
        <extensions>
          <ns3:TrackPointExtension>
            <ns3:hr>135</ns3:hr>
          </ns3:TrackPointExtension>
        </extensions>
      </trkpt>
      <trkpt lat="31.40570984221994876861572265625" lon="119.49048318900167942047119140625">
        <ele>6</ele>
        <time>2026-05-28T22:54:32.000Z</time>
        <extensions>
          <ns3:TrackPointExtension>
            <ns3:hr>135</ns3:hr>
          </ns3:TrackPointExtension>
        </extensions>
      </trkpt>
      <trkpt lat="31.405712105333805084228515625" lon="119.49045435525476932525634765625">
        <ele>6</ele>
        <time>2026-05-28T22:54:33.000Z</time>
        <extensions>
          <ns3:TrackPointExtension/>
        </extensions>
      </trkpt>
      <trkpt lat="31.40571436844766139984130859375" lon="119.490426443517208099365234375">
        <ele>6</ele>
        <time>2026-05-28T22:54:34.000Z</time>
        <extensions>
          <ns3:TrackPointExtension/>
        </extensions>
      </trkpt>
      <trkpt lat="31.4057166315615177154541015625" lon="119.49039920233190059661865234375">
        <ele>6</ele>
        <time>2026-05-28T22:54:35.000Z</time>
        <extensions>
          <ns3:TrackPointExtension/>
        </extensions>
      </trkpt>
      <trkpt lat="31.405718810856342315673828125" lon="119.49037254787981510162353515625">
        <ele>6</ele>
        <time>2026-05-28T22:54:36.000Z</time>
        <extensions>
          <ns3:TrackPointExtension>
            <ns3:hr>130</ns3:hr>
          </ns3:TrackPointExtension>
        </extensions>
      </trkpt>
      <trkpt lat="31.40572040341794490814208984375" lon="119.49034606106579303741455078125">
        <ele>6</ele>
        <time>2026-05-28T22:54:37.000Z</time>
        <extensions>
          <ns3:TrackPointExtension>
            <ns3:hr>130</ns3:hr>
          </ns3:TrackPointExtension>
        </extensions>
      </trkpt>
      <trkpt lat="31.4057213254272937774658203125" lon="119.49031990952789783477783203125">
        <ele>6</ele>
        <time>2026-05-28T22:54:38.000Z</time>
        <extensions>
          <ns3:TrackPointExtension/>
        </extensions>
      </trkpt>
      <trkpt lat="31.40572241507470607757568359375" lon="119.4902935065329074859619140625">
        <ele>6</ele>
        <time>2026-05-28T22:54:39.000Z</time>
        <extensions>
          <ns3:TrackPointExtension/>
        </extensions>
      </trkpt>
      <trkpt lat="31.4057238399982452392578125" lon="119.4902666844427585601806640625">
        <ele>6</ele>
        <time>2026-05-28T22:54:40.000Z</time>
        <extensions>
          <ns3:TrackPointExtension/>
        </extensions>
      </trkpt>
      <trkpt lat="31.4057256840169429779052734375" lon="119.49024011380970478057861328125">
        <ele>6</ele>
        <time>2026-05-28T22:54:41.000Z</time>
        <extensions>
          <ns3:TrackPointExtension>
            <ns3:hr>126</ns3:hr>
          </ns3:TrackPointExtension>
        </extensions>
      </trkpt>
      <trkpt lat="31.4057276956737041473388671875" lon="119.490213878452777862548828125">
        <ele>6</ele>
        <time>2026-05-28T22:54:42.000Z</time>
        <extensions>
          <ns3:TrackPointExtension>
            <ns3:hr>126</ns3:hr>
          </ns3:TrackPointExtension>
        </extensions>
      </trkpt>
      <trkpt lat="31.40572979114949703216552734375" lon="119.490187726914882659912109375">
        <ele>6</ele>
        <time>2026-05-28T22:54:43.000Z</time>
        <extensions>
          <ns3:TrackPointExtension/>
        </extensions>
      </trkpt>
      <trkpt lat="31.40573180280625820159912109375" lon="119.49016216211020946502685546875">
        <ele>6</ele>
        <time>2026-05-28T22:54:44.000Z</time>
        <extensions>
          <ns3:TrackPointExtension>
            <ns3:hr>126</ns3:hr>
          </ns3:TrackPointExtension>
        </extensions>
      </trkpt>
      <trkpt lat="31.40573414973914623260498046875" lon="119.49013684876263141632080078125">
        <ele>6</ele>
        <time>2026-05-28T22:54:45.000Z</time>
        <extensions>
          <ns3:TrackPointExtension>
            <ns3:hr>126</ns3:hr>
          </ns3:TrackPointExtension>
        </extensions>
      </trkpt>
      <trkpt lat="31.40573699958622455596923828125" lon="119.49011103250086307525634765625">
        <ele>6</ele>
        <time>2026-05-28T22:54:46.000Z</time>
        <extensions>
          <ns3:TrackPointExtension/>
        </extensions>
      </trkpt>
      <trkpt lat="31.4057399332523345947265625" lon="119.4900842942297458648681640625">
        <ele>6</ele>
        <time>2026-05-28T22:54:47.000Z</time>
        <extensions>
          <ns3:TrackPointExtension>
            <ns3:hr>125</ns3:hr>
          </ns3:TrackPointExtension>
        </extensions>
      </trkpt>
      <trkpt lat="31.4057427830994129180908203125" lon="119.4900571368634700775146484375">
        <ele>6</ele>
        <time>2026-05-28T22:54:48.000Z</time>
        <extensions>
          <ns3:TrackPointExtension>
            <ns3:hr>125</ns3:hr>
          </ns3:TrackPointExtension>
        </extensions>
      </trkpt>
      <trkpt lat="31.40574554912745952606201171875" lon="119.4900299794971942901611328125">
        <ele>6</ele>
        <time>2026-05-28T22:54:49.000Z</time>
        <extensions>
          <ns3:TrackPointExtension/>
        </extensions>
      </trkpt>
      <trkpt lat="31.4057478122413158416748046875" lon="119.49000298976898193359375">
        <ele>6</ele>
        <time>2026-05-28T22:54:50.000Z</time>
        <extensions>
          <ns3:TrackPointExtension/>
        </extensions>
      </trkpt>
      <trkpt lat="31.405749656260013580322265625" lon="119.4899760000407695770263671875">
        <ele>6</ele>
        <time>2026-05-28T22:54:51.000Z</time>
        <extensions>
          <ns3:TrackPointExtension/>
        </extensions>
      </trkpt>
      <trkpt lat="31.40575175173580646514892578125" lon="119.48994875885546207427978515625">
        <ele>5.80000019073486328125</ele>
        <time>2026-05-28T22:54:52.000Z</time>
        <extensions>
          <ns3:TrackPointExtension/>
        </extensions>
      </trkpt>
      <trkpt lat="31.40575443394482135772705078125" lon="119.48992210440337657928466796875">
        <ele>5.80000019073486328125</ele>
        <time>2026-05-28T22:54:53.000Z</time>
        <extensions>
          <ns3:TrackPointExtension>
            <ns3:hr>123</ns3:hr>
          </ns3:TrackPointExtension>
        </extensions>
      </trkpt>
      <trkpt lat="31.4057575352489948272705078125" lon="119.4898975454270839691162109375">
        <ele>5.599999904632568359375</ele>
        <time>2026-05-28T22:54:54.000Z</time>
        <extensions>
          <ns3:TrackPointExtension>
            <ns3:hr>123</ns3:hr>
          </ns3:TrackPointExtension>
        </extensions>
      </trkpt>
      <trkpt lat="31.405760385096073150634765625" lon="119.4898740760982036590576171875">
        <ele>5.599999904632568359375</ele>
        <time>2026-05-28T22:54:55.000Z</time>
        <extensions>
          <ns3:TrackPointExtension/>
        </extensions>
      </trkpt>
      <trkpt lat="31.405762732028961181640625" lon="119.48985052295029163360595703125">
        <ele>5.400000095367431640625</ele>
        <time>2026-05-28T22:54:56.000Z</time>
        <extensions>
          <ns3:TrackPointExtension/>
        </extensions>
      </trkpt>
      <trkpt lat="31.40576449222862720489501953125" lon="119.48982621543109416961669921875">
        <ele>5.400000095367431640625</ele>
        <time>2026-05-28T22:54:57.000Z</time>
        <extensions>
          <ns3:TrackPointExtension/>
        </extensions>
      </trkpt>
      <trkpt lat="31.4057662524282932281494140625" lon="119.48980073444545269012451171875">
        <ele>5.19999980926513671875</ele>
        <time>2026-05-28T22:54:58.000Z</time>
        <extensions>
          <ns3:TrackPointExtension/>
        </extensions>
      </trkpt>
      <trkpt lat="31.40576851554214954376220703125" lon="119.48977407999336719512939453125">
        <ele>5.19999980926513671875</ele>
        <time>2026-05-28T22:54:59.000Z</time>
        <extensions>
          <ns3:TrackPointExtension/>
        </extensions>
      </trkpt>
      <trkpt lat="31.405770778656005859375" lon="119.48974616825580596923828125">
        <ele>5</ele>
        <time>2026-05-28T22:55:00.000Z</time>
        <extensions>
          <ns3:TrackPointExtension/>
        </extensions>
      </trkpt>
      <trkpt lat="31.40577220357954502105712890625" lon="119.489717669785022735595703125">
        <ele>5</ele>
        <time>2026-05-28T22:55:01.000Z</time>
        <extensions>
          <ns3:TrackPointExtension>
            <ns3:hr>125</ns3:hr>
          </ns3:TrackPointExtension>
        </extensions>
      </trkpt>
      <trkpt lat="31.405773125588893890380859375" lon="119.48968992568552494049072265625">
        <ele>5</ele>
        <time>2026-05-28T22:55:02.000Z</time>
        <extensions>
          <ns3:TrackPointExtension>
            <ns3:hr>125</ns3:hr>
          </ns3:TrackPointExtension>
        </extensions>
      </trkpt>
      <trkpt lat="31.4057749696075916290283203125" lon="119.48966276831924915313720703125">
        <ele>5</ele>
        <time>2026-05-28T22:55:03.000Z</time>
        <extensions>
          <ns3:TrackPointExtension>
            <ns3:hr>126</ns3:hr>
          </ns3:TrackPointExtension>
        </extensions>
      </trkpt>
      <trkpt lat="31.4057783223688602447509765625" lon="119.48963594622910022735595703125">
        <ele>5.19999980926513671875</ele>
        <time>2026-05-28T22:55:04.000Z</time>
        <extensions>
          <ns3:TrackPointExtension/>
        </extensions>
      </trkpt>
      <trkpt lat="31.40578242950141429901123046875" lon="119.48960912413895130157470703125">
        <ele>5.400000095367431640625</ele>
        <time>2026-05-28T22:55:05.000Z</time>
        <extensions>
          <ns3:TrackPointExtension/>
        </extensions>
      </trkpt>
      <trkpt lat="31.40578687191009521484375" lon="119.48958280496299266815185546875">
        <ele>5.400000095367431640625</ele>
        <time>2026-05-28T22:55:06.000Z</time>
        <extensions>
          <ns3:TrackPointExtension/>
        </extensions>
      </trkpt>
      <trkpt lat="31.40579064376652240753173828125" lon="119.489556737244129180908203125">
        <ele>5.599999904632568359375</ele>
        <time>2026-05-28T22:55:07.000Z</time>
        <extensions>
          <ns3:TrackPointExtension>
            <ns3:hr>127</ns3:hr>
          </ns3:TrackPointExtension>
        </extensions>
      </trkpt>
      <trkpt lat="31.4057930745184421539306640625" lon="119.48953050188720226287841796875">
        <ele>5.599999904632568359375</ele>
        <time>2026-05-28T22:55:08.000Z</time>
        <extensions>
          <ns3:TrackPointExtension>
            <ns3:hr>127</ns3:hr>
          </ns3:TrackPointExtension>
        </extensions>
      </trkpt>
      <trkpt lat="31.40579416416585445404052734375" lon="119.4895040988922119140625">
        <ele>5.80000019073486328125</ele>
        <time>2026-05-28T22:55:09.000Z</time>
        <extensions>
          <ns3:TrackPointExtension/>
        </extensions>
      </trkpt>
      <trkpt lat="31.405795253813266754150390625" lon="119.48947769589722156524658203125">
        <ele>5.80000019073486328125</ele>
        <time>2026-05-28T22:55:10.000Z</time>
        <extensions>
          <ns3:TrackPointExtension/>
        </extensions>
      </trkpt>
      <trkpt lat="31.40579701401293277740478515625" lon="119.48945112526416778564453125">
        <ele>6</ele>
        <time>2026-05-28T22:55:11.000Z</time>
        <extensions>
          <ns3:TrackPointExtension/>
        </extensions>
      </trkpt>
      <trkpt lat="31.40579919330775737762451171875" lon="119.48942296206951141357421875">
        <ele>6</ele>
        <time>2026-05-28T22:55:12.000Z</time>
        <extensions>
          <ns3:TrackPointExtension/>
        </extensions>
      </trkpt>
      <trkpt lat="31.4058007858693599700927734375" lon="119.48939354158937931060791015625">
        <ele>6.19999980926513671875</ele>
        <time>2026-05-28T22:55:13.000Z</time>
        <extensions>
          <ns3:TrackPointExtension/>
        </extensions>
      </trkpt>
      <trkpt lat="31.40580154024064540863037109375" lon="119.489364288747310638427734375">
        <ele>6.19999980926513671875</ele>
        <time>2026-05-28T22:55:14.000Z</time>
        <extensions>
          <ns3:TrackPointExtension/>
        </extensions>
      </trkpt>
      <trkpt lat="31.4058024622499942779541015625" lon="119.48933620937168598175048828125">
        <ele>6.400000095367431640625</ele>
        <time>2026-05-28T22:55:15.000Z</time>
        <extensions>
          <ns3:TrackPointExtension>
            <ns3:hr>128</ns3:hr>
          </ns3:TrackPointExtension>
        </extensions>
      </trkpt>
      <trkpt lat="31.4058034680783748626708984375" lon="119.48930896818637847900390625">
        <ele>6.400000095367431640625</ele>
        <time>2026-05-28T22:55:16.000Z</time>
        <extensions>
          <ns3:TrackPointExtension>
            <ns3:hr>128</ns3:hr>
          </ns3:TrackPointExtension>
        </extensions>
      </trkpt>
      <trkpt lat="31.40580455772578716278076171875" lon="119.489282481372356414794921875">
        <ele>6.599999904632568359375</ele>
        <time>2026-05-28T22:55:17.000Z</time>
        <extensions>
          <ns3:TrackPointExtension>
            <ns3:hr>128</ns3:hr>
          </ns3:TrackPointExtension>
        </extensions>
      </trkpt>
      <trkpt lat="31.4058064855635166168212890625" lon="119.48925557546317577362060546875">
        <ele>6.599999904632568359375</ele>
        <time>2026-05-28T22:55:18.000Z</time>
        <extensions>
          <ns3:TrackPointExtension>
            <ns3:hr>128</ns3:hr>
          </ns3:TrackPointExtension>
        </extensions>
      </trkpt>
      <trkpt lat="31.4058088324964046478271484375" lon="119.48922774754464626312255859375">
        <ele>6.80000019073486328125</ele>
        <time>2026-05-28T22:55:19.000Z</time>
        <extensions>
          <ns3:TrackPointExtension/>
        </extensions>
      </trkpt>
      <trkpt lat="31.405810005962848663330078125" lon="119.48919899761676788330078125">
        <ele>6.80000019073486328125</ele>
        <time>2026-05-28T22:55:20.000Z</time>
        <extensions>
          <ns3:TrackPointExtension/>
        </extensions>
      </trkpt>
      <trkpt lat="31.40581025741994380950927734375" lon="119.48917083442211151123046875">
        <ele>7</ele>
        <time>2026-05-28T22:55:21.000Z</time>
        <extensions>
          <ns3:TrackPointExtension/>
        </extensions>
      </trkpt>
      <trkpt lat="31.40581092797219753265380859375" lon="119.489144347608089447021484375">
        <ele>7</ele>
        <time>2026-05-28T22:55:22.000Z</time>
        <extensions>
          <ns3:TrackPointExtension>
            <ns3:hr>130</ns3:hr>
          </ns3:TrackPointExtension>
        </extensions>
      </trkpt>
      <trkpt lat="31.405812688171863555908203125" lon="119.48911928571760654449462890625">
        <ele>7.19999980926513671875</ele>
        <time>2026-05-28T22:55:23.000Z</time>
        <extensions>
          <ns3:TrackPointExtension>
            <ns3:hr>130</ns3:hr>
          </ns3:TrackPointExtension>
        </extensions>
      </trkpt>
      <trkpt lat="31.40581578947603702545166015625" lon="119.48909430764615535736083984375">
        <ele>7.400000095367431640625</ele>
        <time>2026-05-28T22:55:24.000Z</time>
        <extensions>
          <ns3:TrackPointExtension/>
        </extensions>
      </trkpt>
      <trkpt lat="31.4058198966085910797119140625" lon="119.489068575203418731689453125">
        <ele>7.400000095367431640625</ele>
        <time>2026-05-28T22:55:25.000Z</time>
        <extensions>
          <ns3:TrackPointExtension/>
        </extensions>
      </trkpt>
      <trkpt lat="31.40582375228404998779296875" lon="119.48904217220842838287353515625">
        <ele>7.599999904632568359375</ele>
        <time>2026-05-28T22:55:26.000Z</time>
        <extensions>
          <ns3:TrackPointExtension/>
        </extensions>
      </trkpt>
      <trkpt lat="31.40582601539790630340576171875" lon="119.4890150986611843109130859375">
        <ele>7.599999904632568359375</ele>
        <time>2026-05-28T22:55:27.000Z</time>
        <extensions>
          <ns3:TrackPointExtension/>
        </extensions>
      </trkpt>
      <trkpt lat="31.4058272726833820343017578125" lon="119.48898836039006710052490234375">
        <ele>7.80000019073486328125</ele>
        <time>2026-05-28T22:55:28.000Z</time>
        <extensions>
          <ns3:TrackPointExtension>
            <ns3:hr>129</ns3:hr>
          </ns3:TrackPointExtension>
        </extensions>
      </trkpt>
      <trkpt lat="31.40582911670207977294921875" lon="119.488961957395076751708984375">
        <ele>7.80000019073486328125</ele>
        <time>2026-05-28T22:55:29.000Z</time>
        <extensions>
          <ns3:TrackPointExtension>
            <ns3:hr>129</ns3:hr>
          </ns3:TrackPointExtension>
        </extensions>
      </trkpt>
      <trkpt lat="31.40583238564431667327880859375" lon="119.4889356382191181182861328125">
        <ele>8</ele>
        <time>2026-05-28T22:55:30.000Z</time>
        <extensions>
          <ns3:TrackPointExtension/>
        </extensions>
      </trkpt>
      <trkpt lat="31.4058364927768707275390625" lon="119.48890906758606433868408203125">
        <ele>8.19999980926513671875</ele>
        <time>2026-05-28T22:55:31.000Z</time>
        <extensions>
          <ns3:TrackPointExtension/>
        </extensions>
      </trkpt>
      <trkpt lat="31.40584009699523448944091796875" lon="119.4888823293149471282958984375">
        <ele>8.19999980926513671875</ele>
        <time>2026-05-28T22:55:32.000Z</time>
        <extensions>
          <ns3:TrackPointExtension>
            <ns3:hr>130</ns3:hr>
          </ns3:TrackPointExtension>
        </extensions>
      </trkpt>
      <trkpt lat="31.40584328211843967437744140625" lon="119.48885508812963962554931640625">
        <ele>8.19999980926513671875</ele>
        <time>2026-05-28T22:55:33.000Z</time>
        <extensions>
          <ns3:TrackPointExtension>
            <ns3:hr>130</ns3:hr>
          </ns3:TrackPointExtension>
        </extensions>
      </trkpt>
      <trkpt lat="31.40584629960358142852783203125" lon="119.48882843367755413055419921875">
        <ele>8.19999980926513671875</ele>
        <time>2026-05-28T22:55:34.000Z</time>
        <extensions>
          <ns3:TrackPointExtension/>
        </extensions>
      </trkpt>
      <trkpt lat="31.405848897993564605712890625" lon="119.48880211450159549713134765625">
        <ele>8.3999996185302734375</ele>
        <time>2026-05-28T22:55:35.000Z</time>
        <extensions>
          <ns3:TrackPointExtension/>
        </extensions>
      </trkpt>
      <trkpt lat="31.4058507420122623443603515625" lon="119.48877579532563686370849609375">
        <ele>8.3999996185302734375</ele>
        <time>2026-05-28T22:55:36.000Z</time>
        <extensions>
          <ns3:TrackPointExtension/>
        </extensions>
      </trkpt>
      <trkpt lat="31.40585166402161121368408203125" lon="119.48874914087355136871337890625">
        <ele>8.3999996185302734375</ele>
        <time>2026-05-28T22:55:37.000Z</time>
        <extensions>
          <ns3:TrackPointExtension/>
        </extensions>
      </trkpt>
      <trkpt lat="31.40585116110742092132568359375" lon="119.48872265405952930450439453125">
        <ele>8.3999996185302734375</ele>
        <time>2026-05-28T22:55:38.000Z</time>
        <extensions>
          <ns3:TrackPointExtension/>
        </extensions>
      </trkpt>
      <trkpt lat="31.40584931708872318267822265625" lon="119.48869599960744380950927734375">
        <ele>8.3999996185302734375</ele>
        <time>2026-05-28T22:55:39.000Z</time>
        <extensions>
          <ns3:TrackPointExtension/>
        </extensions>
      </trkpt>
      <trkpt lat="31.40584814362227916717529296875" lon="119.4886687584221363067626953125">
        <ele>8.19999980926513671875</ele>
        <time>2026-05-28T22:55:40.000Z</time>
        <extensions>
          <ns3:TrackPointExtension/>
        </extensions>
      </trkpt>
      <trkpt lat="31.40584965236485004425048828125" lon="119.48864185251295566558837890625">
        <ele>8.19999980926513671875</ele>
        <time>2026-05-28T22:55:41.000Z</time>
        <extensions>
          <ns3:TrackPointExtension>
            <ns3:hr>132</ns3:hr>
          </ns3:TrackPointExtension>
        </extensions>
      </trkpt>
      <trkpt lat="31.405853927135467529296875" lon="119.4886151142418384552001953125">
        <ele>8</ele>
        <time>2026-05-28T22:55:42.000Z</time>
        <extensions>
          <ns3:TrackPointExtension>
            <ns3:hr>132</ns3:hr>
          </ns3:TrackPointExtension>
        </extensions>
      </trkpt>
      <trkpt lat="31.40585836954414844512939453125" lon="119.4885886274278163909912109375">
        <ele>8</ele>
        <time>2026-05-28T22:55:43.000Z</time>
        <extensions>
          <ns3:TrackPointExtension/>
        </extensions>
      </trkpt>
      <trkpt lat="31.40586088411509990692138671875" lon="119.48856188915669918060302734375">
        <ele>8</ele>
        <time>2026-05-28T22:55:44.000Z</time>
        <extensions>
          <ns3:TrackPointExtension/>
        </extensions>
      </trkpt>
      <trkpt lat="31.405861638486385345458984375" lon="119.4885344803333282470703125">
        <ele>8</ele>
        <time>2026-05-28T22:55:45.000Z</time>
        <extensions>
          <ns3:TrackPointExtension/>
        </extensions>
      </trkpt>
      <trkpt lat="31.40586256049573421478271484375" lon="119.48850573040544986724853515625">
        <ele>8</ele>
        <time>2026-05-28T22:55:46.000Z</time>
        <extensions>
          <ns3:TrackPointExtension>
            <ns3:hr>131</ns3:hr>
          </ns3:TrackPointExtension>
        </extensions>
      </trkpt>
      <trkpt lat="31.405864655971527099609375" lon="119.488476812839508056640625">
        <ele>8</ele>
        <time>2026-05-28T22:55:47.000Z</time>
        <extensions>
          <ns3:TrackPointExtension>
            <ns3:hr>131</ns3:hr>
          </ns3:TrackPointExtension>
        </extensions>
      </trkpt>
      <trkpt lat="31.40586809255182743072509765625" lon="119.4884486496448516845703125">
        <ele>8</ele>
        <time>2026-05-28T22:55:48.000Z</time>
        <extensions>
          <ns3:TrackPointExtension>
            <ns3:hr>131</ns3:hr>
          </ns3:TrackPointExtension>
        </extensions>
      </trkpt>
      <trkpt lat="31.40587211586534976959228515625" lon="119.48842157609760761260986328125">
        <ele>8</ele>
        <time>2026-05-28T22:55:49.000Z</time>
        <extensions>
          <ns3:TrackPointExtension/>
        </extensions>
      </trkpt>
      <trkpt lat="31.40587563626468181610107421875" lon="119.4883951731026172637939453125">
        <ele>8</ele>
        <time>2026-05-28T22:55:50.000Z</time>
        <extensions>
          <ns3:TrackPointExtension/>
        </extensions>
      </trkpt>
      <trkpt lat="31.4058778993785381317138671875" lon="119.4883693568408489227294921875">
        <ele>8</ele>
        <time>2026-05-28T22:55:51.000Z</time>
        <extensions>
          <ns3:TrackPointExtension/>
        </extensions>
      </trkpt>
      <trkpt lat="31.40587915666401386260986328125" lon="119.48834328912198543548583984375">
        <ele>8</ele>
        <time>2026-05-28T22:55:52.000Z</time>
        <extensions>
          <ns3:TrackPointExtension/>
        </extensions>
      </trkpt>
      <trkpt lat="31.40587965957820415496826171875" lon="119.4883167184889316558837890625">
        <ele>8</ele>
        <time>2026-05-28T22:55:53.000Z</time>
        <extensions>
          <ns3:TrackPointExtension/>
        </extensions>
      </trkpt>
      <trkpt lat="31.40587999485433101654052734375" lon="119.48828981257975101470947265625">
        <ele>8.19999980926513671875</ele>
        <time>2026-05-28T22:55:54.000Z</time>
        <extensions>
          <ns3:TrackPointExtension/>
        </extensions>
      </trkpt>
      <trkpt lat="31.4058805815875530242919921875" lon="119.48826332576572895050048828125">
        <ele>8.19999980926513671875</ele>
        <time>2026-05-28T22:55:55.000Z</time>
        <extensions>
          <ns3:TrackPointExtension/>
        </extensions>
      </trkpt>
      <trkpt lat="31.4058819226920604705810546875" lon="119.48823784478008747100830078125">
        <ele>8.3999996185302734375</ele>
        <time>2026-05-28T22:55:56.000Z</time>
        <extensions>
          <ns3:TrackPointExtension>
            <ns3:hr>131</ns3:hr>
          </ns3:TrackPointExtension>
        </extensions>
      </trkpt>
      <trkpt lat="31.40588435344398021697998046875" lon="119.488212279975414276123046875">
        <ele>8.3999996185302734375</ele>
        <time>2026-05-28T22:55:57.000Z</time>
        <extensions>
          <ns3:TrackPointExtension>
            <ns3:hr>131</ns3:hr>
          </ns3:TrackPointExtension>
        </extensions>
      </trkpt>
      <trkpt lat="31.405887119472026824951171875" lon="119.48818621225655078887939453125">
        <ele>8.6000003814697265625</ele>
        <time>2026-05-28T22:55:58.000Z</time>
        <extensions>
          <ns3:TrackPointExtension/>
        </extensions>
      </trkpt>
      <trkpt lat="31.40588955022394657135009765625" lon="119.48815972544252872467041015625">
        <ele>8.6000003814697265625</ele>
        <time>2026-05-28T22:55:59.000Z</time>
        <extensions>
          <ns3:TrackPointExtension>
            <ns3:hr>132</ns3:hr>
          </ns3:TrackPointExtension>
        </extensions>
      </trkpt>
      <trkpt lat="31.405891142785549163818359375" lon="119.488133825361728668212890625">
        <ele>8.80000019073486328125</ele>
        <time>2026-05-28T22:56:00.000Z</time>
        <extensions>
          <ns3:TrackPointExtension>
            <ns3:hr>132</ns3:hr>
          </ns3:TrackPointExtension>
        </extensions>
      </trkpt>
      <trkpt lat="31.4058916456997394561767578125" lon="119.48810926638543605804443359375">
        <ele>8.80000019073486328125</ele>
        <time>2026-05-28T22:56:01.000Z</time>
        <extensions>
          <ns3:TrackPointExtension/>
        </extensions>
      </trkpt>
      <trkpt lat="31.40589038841426372528076171875" lon="119.48808588087558746337890625">
        <ele>9</ele>
        <time>2026-05-28T22:56:02.000Z</time>
        <extensions>
          <ns3:TrackPointExtension/>
        </extensions>
      </trkpt>
      <trkpt lat="31.4058876223862171173095703125" lon="119.4880622439086437225341796875">
        <ele>9.19999980926513671875</ele>
        <time>2026-05-28T22:56:03.000Z</time>
        <extensions>
          <ns3:TrackPointExtension>
            <ns3:hr>132</ns3:hr>
          </ns3:TrackPointExtension>
        </extensions>
      </trkpt>
      <trkpt lat="31.40588452108204364776611328125" lon="119.48803734965622425079345703125">
        <ele>9.19999980926513671875</ele>
        <time>2026-05-28T22:56:04.000Z</time>
        <extensions>
          <ns3:TrackPointExtension>
            <ns3:hr>132</ns3:hr>
          </ns3:TrackPointExtension>
        </extensions>
      </trkpt>
      <trkpt lat="31.40588317997753620147705078125" lon="119.4880109466612339019775390625">
        <ele>9.19999980926513671875</ele>
        <time>2026-05-28T22:56:05.000Z</time>
        <extensions>
          <ns3:TrackPointExtension/>
        </extensions>
      </trkpt>
      <trkpt lat="31.405884437263011932373046875" lon="119.4879841245710849761962890625">
        <ele>9</ele>
        <time>2026-05-28T22:56:06.000Z</time>
        <extensions>
          <ns3:TrackPointExtension/>
        </extensions>
      </trkpt>
      <trkpt lat="31.4058869518339633941650390625" lon="119.4879583083093166351318359375">
        <ele>9</ele>
        <time>2026-05-28T22:56:07.000Z</time>
        <extensions>
          <ns3:TrackPointExtension>
            <ns3:hr>132</ns3:hr>
          </ns3:TrackPointExtension>
        </extensions>
      </trkpt>
      <trkpt lat="31.40588946640491485595703125" lon="119.4879334978759288787841796875">
        <ele>8.80000019073486328125</ele>
        <time>2026-05-28T22:56:08.000Z</time>
        <extensions>
          <ns3:TrackPointExtension>
            <ns3:hr>132</ns3:hr>
          </ns3:TrackPointExtension>
        </extensions>
      </trkpt>
      <trkpt lat="31.405892483890056610107421875" lon="119.4879083521664142608642578125">
        <ele>8.80000019073486328125</ele>
        <time>2026-05-28T22:56:09.000Z</time>
        <extensions>
          <ns3:TrackPointExtension/>
        </extensions>
      </trkpt>
      <trkpt lat="31.4058973453938961029052734375" lon="119.48788261972367763519287109375">
        <ele>8.80000019073486328125</ele>
        <time>2026-05-28T22:56:10.000Z</time>
        <extensions>
          <ns3:TrackPointExtension/>
        </extensions>
      </trkpt>
      <trkpt lat="31.40590430237352848052978515625" lon="119.48785655200481414794921875">
        <ele>8.80000019073486328125</ele>
        <time>2026-05-28T22:56:11.000Z</time>
        <extensions>
          <ns3:TrackPointExtension/>
        </extensions>
      </trkpt>
      <trkpt lat="31.4059114269912242889404296875" lon="119.4878309033811092376708984375">
        <ele>9</ele>
        <time>2026-05-28T22:56:12.000Z</time>
        <extensions>
          <ns3:TrackPointExtension/>
        </extensions>
      </trkpt>
      <trkpt lat="31.40591670759022235870361328125" lon="119.48780667968094348907470703125">
        <ele>9</ele>
        <time>2026-05-28T22:56:13.000Z</time>
        <extensions>
          <ns3:TrackPointExtension>
            <ns3:hr>131</ns3:hr>
          </ns3:TrackPointExtension>
        </extensions>
      </trkpt>
      <trkpt lat="31.4059204794466495513916015625" lon="119.4877839647233486175537109375">
        <ele>9.19999980926513671875</ele>
        <time>2026-05-28T22:56:14.000Z</time>
        <extensions>
          <ns3:TrackPointExtension>
            <ns3:hr>131</ns3:hr>
          </ns3:TrackPointExtension>
        </extensions>
      </trkpt>
      <trkpt lat="31.405921988189220428466796875" lon="119.4877631776034832000732421875">
        <ele>9.19999980926513671875</ele>
        <time>2026-05-28T22:56:15.000Z</time>
        <extensions>
          <ns3:TrackPointExtension/>
        </extensions>
      </trkpt>
      <trkpt lat="31.40592140145599842071533203125" lon="119.48774431832134723663330078125">
        <ele>9.19999980926513671875</ele>
        <time>2026-05-28T22:56:16.000Z</time>
        <extensions>
          <ns3:TrackPointExtension/>
        </extensions>
      </trkpt>
      <trkpt lat="31.40590530820190906524658203125" lon="119.4877363555133342742919921875">
        <ele>9</ele>
        <time>2026-05-28T22:56:49.000Z</time>
        <extensions>
          <ns3:TrackPointExtension/>
        </extensions>
      </trkpt>
      <trkpt lat="31.4059053920209407806396484375" lon="119.4877346791326999664306640625">
        <ele>9</ele>
        <time>2026-05-28T22:56:50.000Z</time>
        <extensions>
          <ns3:TrackPointExtension/>
        </extensions>
      </trkpt>
      <trkpt lat="31.40590648166835308074951171875" lon="119.4877286441624164581298828125">
        <ele>9</ele>
        <time>2026-05-28T22:56:51.000Z</time>
        <extensions>
          <ns3:TrackPointExtension/>
        </extensions>
      </trkpt>
      <trkpt lat="31.4059089124202728271484375" lon="119.4877162389457225799560546875">
        <ele>8.80000019073486328125</ele>
        <time>2026-05-28T22:56:52.000Z</time>
        <extensions>
          <ns3:TrackPointExtension/>
        </extensions>
      </trkpt>
      <trkpt lat="31.405912935733795166015625" lon="119.48769603855907917022705078125">
        <ele>8.80000019073486328125</ele>
        <time>2026-05-28T22:56:53.000Z</time>
        <extensions>
          <ns3:TrackPointExtension/>
        </extensions>
      </trkpt>
      <trkpt lat="31.405915953218936920166015625" lon="119.48766787536442279815673828125">
        <ele>8.80000019073486328125</ele>
        <time>2026-05-28T22:56:54.000Z</time>
        <extensions>
          <ns3:TrackPointExtension/>
        </extensions>
      </trkpt>
      <trkpt lat="31.4059181325137615203857421875" lon="119.4876374490559101104736328125">
        <ele>8.80000019073486328125</ele>
        <time>2026-05-28T22:56:55.000Z</time>
        <extensions>
          <ns3:TrackPointExtension/>
        </extensions>
      </trkpt>
      <trkpt lat="31.40592173673212528228759765625" lon="119.48760685510933399200439453125">
        <ele>8.6000003814697265625</ele>
        <time>2026-05-28T22:56:56.000Z</time>
        <extensions>
          <ns3:TrackPointExtension>
            <ns3:hr>123</ns3:hr>
          </ns3:TrackPointExtension>
        </extensions>
      </trkpt>
      <trkpt lat="31.40592525713145732879638671875" lon="119.48757567442953586578369140625">
        <ele>8.3999996185302734375</ele>
        <time>2026-05-28T22:56:57.000Z</time>
        <extensions>
          <ns3:TrackPointExtension>
            <ns3:hr>123</ns3:hr>
          </ns3:TrackPointExtension>
        </extensions>
      </trkpt>
      <trkpt lat="31.40592877753078937530517578125" lon="119.4875445775687694549560546875">
        <ele>8.19999980926513671875</ele>
        <time>2026-05-28T22:56:58.000Z</time>
        <extensions>
          <ns3:TrackPointExtension>
            <ns3:hr>122</ns3:hr>
          </ns3:TrackPointExtension>
        </extensions>
      </trkpt>
      <trkpt lat="31.4059312082827091217041015625" lon="119.48751415126025676727294921875">
        <ele>8</ele>
        <time>2026-05-28T22:56:59.000Z</time>
        <extensions>
          <ns3:TrackPointExtension/>
        </extensions>
      </trkpt>
      <trkpt lat="31.4059312082827091217041015625" lon="119.48748498223721981048583984375">
        <ele>7.80000019073486328125</ele>
        <time>2026-05-28T22:57:00.000Z</time>
        <extensions>
          <ns3:TrackPointExtension/>
        </extensions>
      </trkpt>
      <trkpt lat="31.405929364264011383056640625" lon="119.48745681904256343841552734375">
        <ele>7.400000095367431640625</ele>
        <time>2026-05-28T22:57:01.000Z</time>
        <extensions>
          <ns3:TrackPointExtension/>
        </extensions>
      </trkpt>
      <trkpt lat="31.40592634677886962890625" lon="119.48743016459047794342041015625">
        <ele>7.19999980926513671875</ele>
        <time>2026-05-28T22:57:02.000Z</time>
        <extensions>
          <ns3:TrackPointExtension/>
        </extensions>
      </trkpt>
      <trkpt lat="31.40592098236083984375" lon="119.4874052703380584716796875">
        <ele>6.80000019073486328125</ele>
        <time>2026-05-28T22:57:03.000Z</time>
        <extensions>
          <ns3:TrackPointExtension/>
        </extensions>
      </trkpt>
      <trkpt lat="31.405919976532459259033203125" lon="119.4873886741697788238525390625">
        <ele>6.599999904632568359375</ele>
        <time>2026-05-28T22:57:55.000Z</time>
        <extensions>
          <ns3:TrackPointExtension/>
        </extensions>
      </trkpt>
      <trkpt lat="31.40592039562761783599853515625" lon="119.48738582432270050048828125">
        <ele>6.599999904632568359375</ele>
        <time>2026-05-28T22:57:56.000Z</time>
        <extensions>
          <ns3:TrackPointExtension>
            <ns3:hr>86</ns3:hr>
          </ns3:TrackPointExtension>
        </extensions>
      </trkpt>
      <trkpt lat="31.40592039562761783599853515625" lon="119.4873843155801296234130859375">
        <ele>6.599999904632568359375</ele>
        <time>2026-05-28T22:57:57.000Z</time>
        <extensions>
          <ns3:TrackPointExtension>
            <ns3:hr>86</ns3:hr>
          </ns3:TrackPointExtension>
        </extensions>
      </trkpt>
      <trkpt lat="31.40591788105666637420654296875" lon="119.48737920261919498443603515625">
        <ele>6.599999904632568359375</ele>
        <time>2026-05-28T22:57:58.000Z</time>
        <extensions>
          <ns3:TrackPointExtension>
            <ns3:hr>86</ns3:hr>
          </ns3:TrackPointExtension>
        </extensions>
      </trkpt>
      <trkpt lat="31.40591285191476345062255859375" lon="119.4873698987066745758056640625">
        <ele>6.400000095367431640625</ele>
        <time>2026-05-28T22:57:59.000Z</time>
        <extensions>
          <ns3:TrackPointExtension>
            <ns3:hr>86</ns3:hr>
          </ns3:TrackPointExtension>
        </extensions>
      </trkpt>
      <trkpt lat="31.40590983442962169647216796875" lon="119.48735766112804412841796875">
        <ele>6.19999980926513671875</ele>
        <time>2026-05-28T22:58:00.000Z</time>
        <extensions>
          <ns3:TrackPointExtension/>
        </extensions>
      </trkpt>
      <trkpt lat="31.40591100789606571197509765625" lon="119.48734031058847904205322265625">
        <ele>6</ele>
        <time>2026-05-28T22:58:01.000Z</time>
        <extensions>
          <ns3:TrackPointExtension/>
        </extensions>
      </trkpt>
      <trkpt lat="31.40591503120958805084228515625" lon="119.48731851764023303985595703125">
        <ele>5.80000019073486328125</ele>
        <time>2026-05-28T22:58:02.000Z</time>
        <extensions>
          <ns3:TrackPointExtension>
            <ns3:hr>90</ns3:hr>
          </ns3:TrackPointExtension>
        </extensions>
      </trkpt>
      <trkpt lat="31.40591838397085666656494140625" lon="119.4872947968542575836181640625">
        <ele>5.80000019073486328125</ele>
        <time>2026-05-28T22:58:03.000Z</time>
        <extensions>
          <ns3:TrackPointExtension>
            <ns3:hr>90</ns3:hr>
          </ns3:TrackPointExtension>
        </extensions>
      </trkpt>
      <trkpt lat="31.40592173673212528228759765625" lon="119.48727048933506011962890625">
        <ele>5.599999904632568359375</ele>
        <time>2026-05-28T22:58:04.000Z</time>
        <extensions>
          <ns3:TrackPointExtension/>
        </extensions>
      </trkpt>
      <trkpt lat="31.4059271849691867828369140625" lon="119.48724576272070407867431640625">
        <ele>5.400000095367431640625</ele>
        <time>2026-05-28T22:58:05.000Z</time>
        <extensions>
          <ns3:TrackPointExtension/>
        </extensions>
      </trkpt>
      <trkpt lat="31.40593246556818485260009765625" lon="119.487219862639904022216796875">
        <ele>5.400000095367431640625</ele>
        <time>2026-05-28T22:58:06.000Z</time>
        <extensions>
          <ns3:TrackPointExtension/>
        </extensions>
      </trkpt>
      <trkpt lat="31.40593766234815120697021484375" lon="119.48719270527362823486328125">
        <ele>5.19999980926513671875</ele>
        <time>2026-05-28T22:58:07.000Z</time>
        <extensions>
          <ns3:TrackPointExtension>
            <ns3:hr>95</ns3:hr>
          </ns3:TrackPointExtension>
        </extensions>
      </trkpt>
      <trkpt lat="31.405943445861339569091796875" lon="119.4871650449931621551513671875">
        <ele>4.80000019073486328125</ele>
        <time>2026-05-28T22:58:08.000Z</time>
        <extensions>
          <ns3:TrackPointExtension>
            <ns3:hr>95</ns3:hr>
          </ns3:TrackPointExtension>
        </extensions>
      </trkpt>
      <trkpt lat="31.40594989992678165435791015625" lon="119.487136714160442352294921875">
        <ele>4.599999904632568359375</ele>
        <time>2026-05-28T22:58:09.000Z</time>
        <extensions>
          <ns3:TrackPointExtension/>
        </extensions>
      </trkpt>
      <trkpt lat="31.40595652163028717041015625" lon="119.48710687458515167236328125">
        <ele>4.400000095367431640625</ele>
        <time>2026-05-28T22:58:10.000Z</time>
        <extensions>
          <ns3:TrackPointExtension/>
        </extensions>
      </trkpt>
      <trkpt lat="31.40596331097185611724853515625" lon="119.48707602918148040771484375">
        <ele>4.19999980926513671875</ele>
        <time>2026-05-28T22:58:11.000Z</time>
        <extensions>
          <ns3:TrackPointExtension/>
        </extensions>
      </trkpt>
      <trkpt lat="31.40597102232277393341064453125" lon="119.48704526759684085845947265625">
        <ele>4.19999980926513671875</ele>
        <time>2026-05-28T22:58:12.000Z</time>
        <extensions>
          <ns3:TrackPointExtension/>
        </extensions>
      </trkpt>
      <trkpt lat="31.4059791527688503265380859375" lon="119.48701458983123302459716796875">
        <ele>4</ele>
        <time>2026-05-28T22:58:13.000Z</time>
        <extensions>
          <ns3:TrackPointExtension/>
        </extensions>
      </trkpt>
      <trkpt lat="31.4059875346720218658447265625" lon="119.4869839958846569061279296875">
        <ele>4</ele>
        <time>2026-05-28T22:58:14.000Z</time>
        <extensions>
          <ns3:TrackPointExtension/>
        </extensions>
      </trkpt>
      <trkpt lat="31.40599549748003482818603515625" lon="119.48695323430001735687255859375">
        <ele>3.7999999523162841796875</ele>
        <time>2026-05-28T22:58:15.000Z</time>
        <extensions>
          <ns3:TrackPointExtension>
            <ns3:hr>95</ns3:hr>
          </ns3:TrackPointExtension>
        </extensions>
      </trkpt>
      <trkpt lat="31.40600270591676235198974609375" lon="119.48692272417247295379638671875">
        <ele>3.7999999523162841796875</ele>
        <time>2026-05-28T22:58:16.000Z</time>
        <extensions>
          <ns3:TrackPointExtension>
            <ns3:hr>95</ns3:hr>
          </ns3:TrackPointExtension>
        </extensions>
      </trkpt>
      <trkpt lat="31.4060076512396335601806640625" lon="119.4868904538452625274658203125">
        <ele>4</ele>
        <time>2026-05-28T22:58:17.000Z</time>
        <extensions>
          <ns3:TrackPointExtension/>
        </extensions>
      </trkpt>
      <trkpt lat="31.4060123451054096221923828125" lon="119.486859776079654693603515625">
        <ele>4.19999980926513671875</ele>
        <time>2026-05-28T22:58:18.000Z</time>
        <extensions>
          <ns3:TrackPointExtension/>
        </extensions>
      </trkpt>
      <trkpt lat="31.40601628459990024566650390625" lon="119.4868297688663005828857421875">
        <ele>4.19999980926513671875</ele>
        <time>2026-05-28T22:58:19.000Z</time>
        <extensions>
          <ns3:TrackPointExtension/>
        </extensions>
      </trkpt>
      <trkpt lat="31.406019888818264007568359375" lon="119.48680018074810504913330078125">
        <ele>4.19999980926513671875</ele>
        <time>2026-05-28T22:58:20.000Z</time>
        <extensions>
          <ns3:TrackPointExtension>
            <ns3:hr>100</ns3:hr>
          </ns3:TrackPointExtension>
        </extensions>
      </trkpt>
      <trkpt lat="31.40602315776050090789794921875" lon="119.486770592629909515380859375">
        <ele>4.400000095367431640625</ele>
        <time>2026-05-28T22:58:21.000Z</time>
        <extensions>
          <ns3:TrackPointExtension>
            <ns3:hr>100</ns3:hr>
          </ns3:TrackPointExtension>
        </extensions>
      </trkpt>
      <trkpt lat="31.40602785162627696990966796875" lon="119.48674150742590427398681640625">
        <ele>4.400000095367431640625</ele>
        <time>2026-05-28T22:58:22.000Z</time>
        <extensions>
          <ns3:TrackPointExtension/>
        </extensions>
      </trkpt>
      <trkpt lat="31.406033970415592193603515625" lon="119.4867124222218990325927734375">
        <ele>4.400000095367431640625</ele>
        <time>2026-05-28T22:58:23.000Z</time>
        <extensions>
          <ns3:TrackPointExtension>
            <ns3:hr>103</ns3:hr>
          </ns3:TrackPointExtension>
        </extensions>
      </trkpt>
      <trkpt lat="31.40603967010974884033203125" lon="119.4866839237511157989501953125">
        <ele>4.599999904632568359375</ele>
        <time>2026-05-28T22:58:24.000Z</time>
        <extensions>
          <ns3:TrackPointExtension>
            <ns3:hr>103</ns3:hr>
          </ns3:TrackPointExtension>
        </extensions>
      </trkpt>
      <trkpt lat="31.40604436397552490234375" lon="119.48665601201355457305908203125">
        <ele>4.599999904632568359375</ele>
        <time>2026-05-28T22:58:25.000Z</time>
        <extensions>
          <ns3:TrackPointExtension/>
        </extensions>
      </trkpt>
      <trkpt lat="31.40604729764163494110107421875" lon="119.4866279326379299163818359375">
        <ele>4.80000019073486328125</ele>
        <time>2026-05-28T22:58:26.000Z</time>
        <extensions>
          <ns3:TrackPointExtension/>
        </extensions>
      </trkpt>
      <trkpt lat="31.4060483872890472412109375" lon="119.48659784160554409027099609375">
        <ele>4.80000019073486328125</ele>
        <time>2026-05-28T22:58:27.000Z</time>
        <extensions>
          <ns3:TrackPointExtension>
            <ns3:hr>106</ns3:hr>
          </ns3:TrackPointExtension>
        </extensions>
      </trkpt>
      <trkpt lat="31.40604713000357151031494140625" lon="119.48656640946865081787109375">
        <ele>4.80000019073486328125</ele>
        <time>2026-05-28T22:58:28.000Z</time>
        <extensions>
          <ns3:TrackPointExtension>
            <ns3:hr>106</ns3:hr>
          </ns3:TrackPointExtension>
        </extensions>
      </trkpt>
      <trkpt lat="31.4060457050800323486328125" lon="119.48653631843626499176025390625">
        <ele>4.80000019073486328125</ele>
        <time>2026-05-28T22:58:29.000Z</time>
        <extensions>
          <ns3:TrackPointExtension/>
        </extensions>
      </trkpt>
      <trkpt lat="31.40604528598487377166748046875" lon="119.48650781996548175811767578125">
        <ele>4.80000019073486328125</ele>
        <time>2026-05-28T22:58:30.000Z</time>
        <extensions>
          <ns3:TrackPointExtension/>
        </extensions>
      </trkpt>
      <trkpt lat="31.40604637563228607177734375" lon="119.486480914056301116943359375">
        <ele>4.80000019073486328125</ele>
        <time>2026-05-28T22:58:31.000Z</time>
        <extensions>
          <ns3:TrackPointExtension/>
        </extensions>
      </trkpt>
      <trkpt lat="31.40604964457452297210693359375" lon="119.4864559359848499298095703125">
        <ele>4.80000019073486328125</ele>
        <time>2026-05-28T22:58:32.000Z</time>
        <extensions>
          <ns3:TrackPointExtension/>
        </extensions>
      </trkpt>
      <trkpt lat="31.4060537517070770263671875" lon="119.4864321313798427581787109375">
        <ele>4.80000019073486328125</ele>
        <time>2026-05-28T22:58:33.000Z</time>
        <extensions>
          <ns3:TrackPointExtension/>
        </extensions>
      </trkpt>
      <trkpt lat="31.40605668537318706512451171875" lon="119.48640790767967700958251953125">
        <ele>4.80000019073486328125</ele>
        <time>2026-05-28T22:58:34.000Z</time>
        <extensions>
          <ns3:TrackPointExtension/>
        </extensions>
      </trkpt>
      <trkpt lat="31.40605802647769451141357421875" lon="119.486382342875003814697265625">
        <ele>5</ele>
        <time>2026-05-28T22:58:35.000Z</time>
        <extensions>
          <ns3:TrackPointExtension/>
        </extensions>
      </trkpt>
      <trkpt lat="31.4060582779347896575927734375" lon="119.4863556884229183197021484375">
        <ele>5.19999980926513671875</ele>
        <time>2026-05-28T22:58:36.000Z</time>
        <extensions>
          <ns3:TrackPointExtension>
            <ns3:hr>114</ns3:hr>
          </ns3:TrackPointExtension>
        </extensions>
      </trkpt>
      <trkpt lat="31.40605869702994823455810546875" lon="119.48632844723761081695556640625">
        <ele>5.19999980926513671875</ele>
        <time>2026-05-28T22:58:37.000Z</time>
        <extensions>
          <ns3:TrackPointExtension>
            <ns3:hr>114</ns3:hr>
          </ns3:TrackPointExtension>
        </extensions>
      </trkpt>
      <trkpt lat="31.4060599543154239654541015625" lon="119.4863003678619861602783203125">
        <ele>5.400000095367431640625</ele>
        <time>2026-05-28T22:58:38.000Z</time>
        <extensions>
          <ns3:TrackPointExtension/>
        </extensions>
      </trkpt>
      <trkpt lat="31.4060619659721851348876953125" lon="119.48627195321023464202880859375">
        <ele>5.400000095367431640625</ele>
        <time>2026-05-28T22:58:39.000Z</time>
        <extensions>
          <ns3:TrackPointExtension/>
        </extensions>
      </trkpt>
      <trkpt lat="31.40606406144797801971435546875" lon="119.48624429292976856231689453125">
        <ele>5.599999904632568359375</ele>
        <time>2026-05-28T22:58:40.000Z</time>
        <extensions>
          <ns3:TrackPointExtension/>
        </extensions>
      </trkpt>
      <trkpt lat="31.40606573782861232757568359375" lon="119.4862178899347782135009765625">
        <ele>5.599999904632568359375</ele>
        <time>2026-05-28T22:58:41.000Z</time>
        <extensions>
          <ns3:TrackPointExtension>
            <ns3:hr>119</ns3:hr>
          </ns3:TrackPointExtension>
        </extensions>
      </trkpt>
      <trkpt lat="31.40606640838086605072021484375" lon="119.4861917383968830108642578125">
        <ele>5.599999904632568359375</ele>
        <time>2026-05-28T22:58:42.000Z</time>
        <extensions>
          <ns3:TrackPointExtension>
            <ns3:hr>119</ns3:hr>
          </ns3:TrackPointExtension>
        </extensions>
      </trkpt>
      <trkpt lat="31.406066156923770904541015625" lon="119.48616516776382923126220703125">
        <ele>5.80000019073486328125</ele>
        <time>2026-05-28T22:58:43.000Z</time>
        <extensions>
          <ns3:TrackPointExtension/>
        </extensions>
      </trkpt>
      <trkpt lat="31.40606557019054889678955078125" lon="119.48613801039755344390869140625">
        <ele>5.80000019073486328125</ele>
        <time>2026-05-28T22:58:44.000Z</time>
        <extensions>
          <ns3:TrackPointExtension/>
        </extensions>
      </trkpt>
      <trkpt lat="31.4060659892857074737548828125" lon="119.4861099310219287872314453125">
        <ele>6</ele>
        <time>2026-05-28T22:58:45.000Z</time>
        <extensions>
          <ns3:TrackPointExtension>
            <ns3:hr>121</ns3:hr>
          </ns3:TrackPointExtension>
        </extensions>
      </trkpt>
      <trkpt lat="31.4060680009424686431884765625" lon="119.48608034290373325347900390625">
        <ele>6</ele>
        <time>2026-05-28T22:58:46.000Z</time>
        <extensions>
          <ns3:TrackPointExtension>
            <ns3:hr>121</ns3:hr>
          </ns3:TrackPointExtension>
        </extensions>
      </trkpt>
      <trkpt lat="31.406071186065673828125" lon="119.48605033569037914276123046875">
        <ele>6.19999980926513671875</ele>
        <time>2026-05-28T22:58:47.000Z</time>
        <extensions>
          <ns3:TrackPointExtension/>
        </extensions>
      </trkpt>
      <trkpt lat="31.40607479028403759002685546875" lon="119.4860214181244373321533203125">
        <ele>6.400000095367431640625</ele>
        <time>2026-05-28T22:58:48.000Z</time>
        <extensions>
          <ns3:TrackPointExtension/>
        </extensions>
      </trkpt>
      <trkpt lat="31.40607847832143306732177734375" lon="119.48599350638687610626220703125">
        <ele>6.400000095367431640625</ele>
        <time>2026-05-28T22:58:49.000Z</time>
        <extensions>
          <ns3:TrackPointExtension/>
        </extensions>
      </trkpt>
      <trkpt lat="31.406082250177860260009765625" lon="119.48596685193479061126708984375">
        <ele>6.599999904632568359375</ele>
        <time>2026-05-28T22:58:50.000Z</time>
        <extensions>
          <ns3:TrackPointExtension>
            <ns3:hr>124</ns3:hr>
          </ns3:TrackPointExtension>
        </extensions>
      </trkpt>
      <trkpt lat="31.40608551912009716033935546875" lon="119.48594053275883197784423828125">
        <ele>6.599999904632568359375</ele>
        <time>2026-05-28T22:58:51.000Z</time>
        <extensions>
          <ns3:TrackPointExtension>
            <ns3:hr>124</ns3:hr>
          </ns3:TrackPointExtension>
        </extensions>
      </trkpt>
      <trkpt lat="31.4060874469578266143798828125" lon="119.48591404594480991363525390625">
        <ele>6.80000019073486328125</ele>
        <time>2026-05-28T22:58:52.000Z</time>
        <extensions>
          <ns3:TrackPointExtension>
            <ns3:hr>126</ns3:hr>
          </ns3:TrackPointExtension>
        </extensions>
      </trkpt>
      <trkpt lat="31.40608803369104862213134765625" lon="119.4858869723975658416748046875">
        <ele>6.80000019073486328125</ele>
        <time>2026-05-28T22:58:53.000Z</time>
        <extensions>
          <ns3:TrackPointExtension>
            <ns3:hr>126</ns3:hr>
          </ns3:TrackPointExtension>
        </extensions>
      </trkpt>
      <trkpt lat="31.4060884527862071990966796875" lon="119.48585973121225833892822265625">
        <ele>7</ele>
        <time>2026-05-28T22:58:54.000Z</time>
        <extensions>
          <ns3:TrackPointExtension/>
        </extensions>
      </trkpt>
      <trkpt lat="31.4060901291668415069580078125" lon="119.48583341203629970550537109375">
        <ele>7</ele>
        <time>2026-05-28T22:58:55.000Z</time>
        <extensions>
          <ns3:TrackPointExtension/>
        </extensions>
      </trkpt>
      <trkpt lat="31.40609356574714183807373046875" lon="119.48580927215516567230224609375">
        <ele>7</ele>
        <time>2026-05-28T22:58:56.000Z</time>
        <extensions>
          <ns3:TrackPointExtension/>
        </extensions>
      </trkpt>
      <trkpt lat="31.4060981757938861846923828125" lon="119.485786221921443939208984375">
        <ele>7</ele>
        <time>2026-05-28T22:58:57.000Z</time>
        <extensions>
          <ns3:TrackPointExtension/>
        </extensions>
      </trkpt>
      <trkpt lat="31.4061032049357891082763671875" lon="119.48576250113546848297119140625">
        <ele>7</ele>
        <time>2026-05-28T22:58:58.000Z</time>
        <extensions>
          <ns3:TrackPointExtension/>
        </extensions>
      </trkpt>
      <trkpt lat="31.406107731163501739501953125" lon="119.4857369363307952880859375">
        <ele>7</ele>
        <time>2026-05-28T22:58:59.000Z</time>
        <extensions>
          <ns3:TrackPointExtension>
            <ns3:hr>128</ns3:hr>
          </ns3:TrackPointExtension>
        </extensions>
      </trkpt>
      <trkpt lat="31.40611074864864349365234375" lon="119.48570986278355121612548828125">
        <ele>7</ele>
        <time>2026-05-28T22:59:00.000Z</time>
        <extensions>
          <ns3:TrackPointExtension>
            <ns3:hr>128</ns3:hr>
          </ns3:TrackPointExtension>
        </extensions>
      </trkpt>
      <trkpt lat="31.40611208975315093994140625" lon="119.48568287305533885955810546875">
        <ele>7</ele>
        <time>2026-05-28T22:59:01.000Z</time>
        <extensions>
          <ns3:TrackPointExtension/>
        </extensions>
      </trkpt>
      <trkpt lat="31.40611317940056324005126953125" lon="119.4856563024222850799560546875">
        <ele>7</ele>
        <time>2026-05-28T22:59:02.000Z</time>
        <extensions>
          <ns3:TrackPointExtension>
            <ns3:hr>127</ns3:hr>
          </ns3:TrackPointExtension>
        </extensions>
      </trkpt>
      <trkpt lat="31.4061156101524829864501953125" lon="119.48563031852245330810546875">
        <ele>7</ele>
        <time>2026-05-28T22:59:03.000Z</time>
        <extensions>
          <ns3:TrackPointExtension>
            <ns3:hr>127</ns3:hr>
          </ns3:TrackPointExtension>
        </extensions>
      </trkpt>
      <trkpt lat="31.40611921437084674835205078125" lon="119.4856050051748752593994140625">
        <ele>7</ele>
        <time>2026-05-28T22:59:04.000Z</time>
        <extensions>
          <ns3:TrackPointExtension/>
        </extensions>
      </trkpt>
      <trkpt lat="31.4061234891414642333984375" lon="119.48558111675083637237548828125">
        <ele>7</ele>
        <time>2026-05-28T22:59:05.000Z</time>
        <extensions>
          <ns3:TrackPointExtension/>
        </extensions>
      </trkpt>
      <trkpt lat="31.40612759627401828765869140625" lon="119.48555664159357547760009765625">
        <ele>6.80000019073486328125</ele>
        <time>2026-05-28T22:59:06.000Z</time>
        <extensions>
          <ns3:TrackPointExtension/>
        </extensions>
      </trkpt>
      <trkpt lat="31.40613111667335033416748046875" lon="119.48552981950342655181884765625">
        <ele>6.80000019073486328125</ele>
        <time>2026-05-28T22:59:07.000Z</time>
        <extensions>
          <ns3:TrackPointExtension>
            <ns3:hr>128</ns3:hr>
          </ns3:TrackPointExtension>
        </extensions>
      </trkpt>
      <trkpt lat="31.4061342179775238037109375" lon="119.4855014048516750335693359375">
        <ele>6.80000019073486328125</ele>
        <time>2026-05-28T22:59:08.000Z</time>
        <extensions>
          <ns3:TrackPointExtension>
            <ns3:hr>128</ns3:hr>
          </ns3:TrackPointExtension>
        </extensions>
      </trkpt>
      <trkpt lat="31.40613715164363384246826171875" lon="119.48547282256186008453369140625">
        <ele>6.80000019073486328125</ele>
        <time>2026-05-28T22:59:09.000Z</time>
        <extensions>
          <ns3:TrackPointExtension/>
        </extensions>
      </trkpt>
      <trkpt lat="31.406139247119426727294921875" lon="119.48544415645301342010498046875">
        <ele>6.80000019073486328125</ele>
        <time>2026-05-28T22:59:10.000Z</time>
        <extensions>
          <ns3:TrackPointExtension/>
        </extensions>
      </trkpt>
      <trkpt lat="31.4061404205858707427978515625" lon="119.4854150712490081787109375">
        <ele>6.80000019073486328125</ele>
        <time>2026-05-28T22:59:11.000Z</time>
        <extensions>
          <ns3:TrackPointExtension/>
        </extensions>
      </trkpt>
      <trkpt lat="31.40614117495715618133544921875" lon="119.48538598604500293731689453125">
        <ele>6.80000019073486328125</ele>
        <time>2026-05-28T22:59:12.000Z</time>
        <extensions>
          <ns3:TrackPointExtension/>
        </extensions>
      </trkpt>
      <trkpt lat="31.4061417616903781890869140625" lon="119.4853579066693782806396484375">
        <ele>6.80000019073486328125</ele>
        <time>2026-05-28T22:59:13.000Z</time>
        <extensions>
          <ns3:TrackPointExtension/>
        </extensions>
      </trkpt>
      <trkpt lat="31.40614268369972705841064453125" lon="119.48533125221729278564453125">
        <ele>6.80000019073486328125</ele>
        <time>2026-05-28T22:59:14.000Z</time>
        <extensions>
          <ns3:TrackPointExtension/>
        </extensions>
      </trkpt>
      <trkpt lat="31.40614385716617107391357421875" lon="119.4853049330413341522216796875">
        <ele>6.599999904632568359375</ele>
        <time>2026-05-28T22:59:15.000Z</time>
        <extensions>
          <ns3:TrackPointExtension>
            <ns3:hr>127</ns3:hr>
          </ns3:TrackPointExtension>
        </extensions>
      </trkpt>
      <trkpt lat="31.4061449468135833740234375" lon="119.48527819477021694183349609375">
        <ele>6.599999904632568359375</ele>
        <time>2026-05-28T22:59:16.000Z</time>
        <extensions>
          <ns3:TrackPointExtension>
            <ns3:hr>127</ns3:hr>
          </ns3:TrackPointExtension>
        </extensions>
      </trkpt>
      <trkpt lat="31.4061461202800273895263671875" lon="119.485250450670719146728515625">
        <ele>6.599999904632568359375</ele>
        <time>2026-05-28T22:59:17.000Z</time>
        <extensions>
          <ns3:TrackPointExtension/>
        </extensions>
      </trkpt>
      <trkpt lat="31.40614754520356655120849609375" lon="119.4852217845618724822998046875">
        <ele>6.80000019073486328125</ele>
        <time>2026-05-28T22:59:18.000Z</time>
        <extensions>
          <ns3:TrackPointExtension>
            <ns3:hr>127</ns3:hr>
          </ns3:TrackPointExtension>
        </extensions>
      </trkpt>
      <trkpt lat="31.40614905394613742828369140625" lon="119.48519219644367694854736328125">
        <ele>6.80000019073486328125</ele>
        <time>2026-05-28T22:59:19.000Z</time>
        <extensions>
          <ns3:TrackPointExtension>
            <ns3:hr>127</ns3:hr>
          </ns3:TrackPointExtension>
        </extensions>
      </trkpt>
      <trkpt lat="31.4061508141458034515380859375" lon="119.48516319505870342254638671875">
        <ele>7</ele>
        <time>2026-05-28T22:59:20.000Z</time>
        <extensions>
          <ns3:TrackPointExtension/>
        </extensions>
      </trkpt>
      <trkpt lat="31.4061529934406280517578125" lon="119.4851352833211421966552734375">
        <ele>7</ele>
        <time>2026-05-28T22:59:21.000Z</time>
        <extensions>
          <ns3:TrackPointExtension/>
        </extensions>
      </trkpt>
      <trkpt lat="31.40615542419254779815673828125" lon="119.48510862886905670166015625">
        <ele>7</ele>
        <time>2026-05-28T22:59:22.000Z</time>
        <extensions>
          <ns3:TrackPointExtension/>
        </extensions>
      </trkpt>
      <trkpt lat="31.40615777112543582916259765625" lon="119.485082812607288360595703125">
        <ele>7.19999980926513671875</ele>
        <time>2026-05-28T22:59:23.000Z</time>
        <extensions>
          <ns3:TrackPointExtension/>
        </extensions>
      </trkpt>
      <trkpt lat="31.406159698963165283203125" lon="119.48505724780261516571044921875">
        <ele>7.19999980926513671875</ele>
        <time>2026-05-28T22:59:24.000Z</time>
        <extensions>
          <ns3:TrackPointExtension/>
        </extensions>
      </trkpt>
      <trkpt lat="31.4061612077057361602783203125" lon="119.4850313477218151092529296875">
        <ele>7.400000095367431640625</ele>
        <time>2026-05-28T22:59:25.000Z</time>
        <extensions>
          <ns3:TrackPointExtension>
            <ns3:hr>130</ns3:hr>
          </ns3:TrackPointExtension>
        </extensions>
      </trkpt>
      <trkpt lat="31.40616296790540218353271484375" lon="119.485005028545856475830078125">
        <ele>7.599999904632568359375</ele>
        <time>2026-05-28T22:59:26.000Z</time>
        <extensions>
          <ns3:TrackPointExtension>
            <ns3:hr>130</ns3:hr>
          </ns3:TrackPointExtension>
        </extensions>
      </trkpt>
      <trkpt lat="31.40616548247635364532470703125" lon="119.48497829027473926544189453125">
        <ele>7.80000019073486328125</ele>
        <time>2026-05-28T22:59:27.000Z</time>
        <extensions>
          <ns3:TrackPointExtension/>
        </extensions>
      </trkpt>
      <trkpt lat="31.4061689190566539764404296875" lon="119.48495146818459033966064453125">
        <ele>7.80000019073486328125</ele>
        <time>2026-05-28T22:59:28.000Z</time>
        <extensions>
          <ns3:TrackPointExtension/>
        </extensions>
      </trkpt>
      <trkpt lat="31.4061732776463031768798828125" lon="119.4849250651895999908447265625">
        <ele>8</ele>
        <time>2026-05-28T22:59:29.000Z</time>
        <extensions>
          <ns3:TrackPointExtension/>
        </extensions>
      </trkpt>
      <trkpt lat="31.40617906115949153900146484375" lon="119.48490000329911708831787109375">
        <ele>8</ele>
        <time>2026-05-28T22:59:30.000Z</time>
        <extensions>
          <ns3:TrackPointExtension/>
        </extensions>
      </trkpt>
      <trkpt lat="31.4061853475868701934814453125" lon="119.4848754443228244781494140625">
        <ele>8</ele>
        <time>2026-05-28T22:59:31.000Z</time>
        <extensions>
          <ns3:TrackPointExtension>
            <ns3:hr>131</ns3:hr>
          </ns3:TrackPointExtension>
        </extensions>
      </trkpt>
      <trkpt lat="31.4061903767287731170654296875" lon="119.48484904132783412933349609375">
        <ele>8.19999980926513671875</ele>
        <time>2026-05-28T22:59:32.000Z</time>
        <extensions>
          <ns3:TrackPointExtension>
            <ns3:hr>131</ns3:hr>
          </ns3:TrackPointExtension>
        </extensions>
      </trkpt>
      <trkpt lat="31.40619314275681972503662109375" lon="119.48481970466673374176025390625">
        <ele>8.19999980926513671875</ele>
        <time>2026-05-28T22:59:33.000Z</time>
        <extensions>
          <ns3:TrackPointExtension>
            <ns3:hr>132</ns3:hr>
          </ns3:TrackPointExtension>
        </extensions>
      </trkpt>
      <trkpt lat="31.40619389712810516357421875" lon="119.4847886078059673309326171875">
        <ele>8.3999996185302734375</ele>
        <time>2026-05-28T22:59:34.000Z</time>
        <extensions>
          <ns3:TrackPointExtension>
            <ns3:hr>132</ns3:hr>
          </ns3:TrackPointExtension>
        </extensions>
      </trkpt>
      <trkpt lat="31.40619331039488315582275390625" lon="119.48475851677358150482177734375">
        <ele>8.3999996185302734375</ele>
        <time>2026-05-28T22:59:35.000Z</time>
        <extensions>
          <ns3:TrackPointExtension/>
        </extensions>
      </trkpt>
      <trkpt lat="31.40619255602359771728515625" lon="119.4847306050360202789306640625">
        <ele>8.6000003814697265625</ele>
        <time>2026-05-28T22:59:36.000Z</time>
        <extensions>
          <ns3:TrackPointExtension/>
        </extensions>
      </trkpt>
      <trkpt lat="31.406192891299724578857421875" lon="119.4847042858600616455078125">
        <ele>8.6000003814697265625</ele>
        <time>2026-05-28T22:59:37.000Z</time>
        <extensions>
          <ns3:TrackPointExtension/>
        </extensions>
      </trkpt>
      <trkpt lat="31.4061947353184223175048828125" lon="119.48467805050313472747802734375">
        <ele>8.3999996185302734375</ele>
        <time>2026-05-28T22:59:38.000Z</time>
        <extensions>
          <ns3:TrackPointExtension/>
        </extensions>
      </trkpt>
      <trkpt lat="31.4061977528035640716552734375" lon="119.4846521504223346710205078125">
        <ele>8.3999996185302734375</ele>
        <time>2026-05-28T22:59:39.000Z</time>
        <extensions>
          <ns3:TrackPointExtension/>
        </extensions>
      </trkpt>
      <trkpt lat="31.406200937926769256591796875" lon="119.48462675325572490692138671875">
        <ele>8.19999980926513671875</ele>
        <time>2026-05-28T22:59:40.000Z</time>
        <extensions>
          <ns3:TrackPointExtension>
            <ns3:hr>134</ns3:hr>
          </ns3:TrackPointExtension>
        </extensions>
      </trkpt>
      <trkpt lat="31.406203620135784149169921875" lon="119.4846015237271785736083984375">
        <ele>8.19999980926513671875</ele>
        <time>2026-05-28T22:59:41.000Z</time>
        <extensions>
          <ns3:TrackPointExtension>
            <ns3:hr>134</ns3:hr>
          </ns3:TrackPointExtension>
        </extensions>
      </trkpt>
      <trkpt lat="31.40620529651641845703125" lon="119.4845750369131565093994140625">
        <ele>8</ele>
        <time>2026-05-28T22:59:42.000Z</time>
        <extensions>
          <ns3:TrackPointExtension>
            <ns3:hr>134</ns3:hr>
          </ns3:TrackPointExtension>
        </extensions>
      </trkpt>
      <trkpt lat="31.40620554797351360321044921875" lon="119.4845472089946269989013671875">
        <ele>8</ele>
        <time>2026-05-28T22:59:43.000Z</time>
        <extensions>
          <ns3:TrackPointExtension>
            <ns3:hr>134</ns3:hr>
          </ns3:TrackPointExtension>
        </extensions>
      </trkpt>
      <trkpt lat="31.40620462596416473388671875" lon="119.48451812379062175750732421875">
        <ele>7.80000019073486328125</ele>
        <time>2026-05-28T22:59:44.000Z</time>
        <extensions>
          <ns3:TrackPointExtension/>
        </extensions>
      </trkpt>
      <trkpt lat="31.406202949583530426025390625" lon="119.48448761366307735443115234375">
        <ele>7.80000019073486328125</ele>
        <time>2026-05-28T22:59:45.000Z</time>
        <extensions>
          <ns3:TrackPointExtension/>
        </extensions>
      </trkpt>
      <trkpt lat="31.40620118938386440277099609375" lon="119.4844566844403743743896484375">
        <ele>7.599999904632568359375</ele>
        <time>2026-05-28T22:59:46.000Z</time>
        <extensions>
          <ns3:TrackPointExtension/>
        </extensions>
      </trkpt>
      <trkpt lat="31.40620060265064239501953125" lon="119.48442759923636913299560546875">
        <ele>7.599999904632568359375</ele>
        <time>2026-05-28T22:59:47.000Z</time>
        <extensions>
          <ns3:TrackPointExtension>
            <ns3:hr>134</ns3:hr>
          </ns3:TrackPointExtension>
        </extensions>
      </trkpt>
      <trkpt lat="31.40620169229805469512939453125" lon="119.48440027423202991485595703125">
        <ele>7.599999904632568359375</ele>
        <time>2026-05-28T22:59:48.000Z</time>
        <extensions>
          <ns3:TrackPointExtension>
            <ns3:hr>134</ns3:hr>
          </ns3:TrackPointExtension>
        </extensions>
      </trkpt>
      <trkpt lat="31.40620420686900615692138671875" lon="119.48437429033219814300537109375">
        <ele>7.599999904632568359375</ele>
        <time>2026-05-28T22:59:49.000Z</time>
        <extensions>
          <ns3:TrackPointExtension/>
        </extensions>
      </trkpt>
      <trkpt lat="31.40620730817317962646484375" lon="119.48434897698462009429931640625">
        <ele>7.599999904632568359375</ele>
        <time>2026-05-28T22:59:50.000Z</time>
        <extensions>
          <ns3:TrackPointExtension/>
        </extensions>
      </trkpt>
      <trkpt lat="31.4062104932963848114013671875" lon="119.48432366363704204559326171875">
        <ele>7.599999904632568359375</ele>
        <time>2026-05-28T22:59:51.000Z</time>
        <extensions>
          <ns3:TrackPointExtension/>
        </extensions>
      </trkpt>
      <trkpt lat="31.40621309168636798858642578125" lon="119.4842974282801151275634765625">
        <ele>7.599999904632568359375</ele>
        <time>2026-05-28T22:59:52.000Z</time>
        <extensions>
          <ns3:TrackPointExtension/>
        </extensions>
      </trkpt>
      <trkpt lat="31.40621527098119258880615234375" lon="119.48426951654255390167236328125">
        <ele>7.599999904632568359375</ele>
        <time>2026-05-28T22:59:53.000Z</time>
        <extensions>
          <ns3:TrackPointExtension/>
        </extensions>
      </trkpt>
      <trkpt lat="31.4062175340950489044189453125" lon="119.48424051515758037567138671875">
        <ele>7.599999904632568359375</ele>
        <time>2026-05-28T22:59:54.000Z</time>
        <extensions>
          <ns3:TrackPointExtension/>
        </extensions>
      </trkpt>
      <trkpt lat="31.4062200486660003662109375" lon="119.48421218432486057281494140625">
        <ele>7.599999904632568359375</ele>
        <time>2026-05-28T22:59:55.000Z</time>
        <extensions>
          <ns3:TrackPointExtension/>
        </extensions>
      </trkpt>
      <trkpt lat="31.406222395598888397216796875" lon="119.48418536223471164703369140625">
        <ele>7.599999904632568359375</ele>
        <time>2026-05-28T22:59:56.000Z</time>
        <extensions>
          <ns3:TrackPointExtension>
            <ns3:hr>135</ns3:hr>
          </ns3:TrackPointExtension>
        </extensions>
      </trkpt>
      <trkpt lat="31.40622474253177642822265625" lon="119.4841582886874675750732421875">
        <ele>7.400000095367431640625</ele>
        <time>2026-05-28T22:59:57.000Z</time>
        <extensions>
          <ns3:TrackPointExtension>
            <ns3:hr>135</ns3:hr>
          </ns3:TrackPointExtension>
        </extensions>
      </trkpt>
      <trkpt lat="31.4062272571027278900146484375" lon="119.48413037694990634918212890625">
        <ele>7.400000095367431640625</ele>
        <time>2026-05-28T22:59:58.000Z</time>
        <extensions>
          <ns3:TrackPointExtension/>
        </extensions>
      </trkpt>
      <trkpt lat="31.40623002313077449798583984375" lon="119.48410204611718654632568359375">
        <ele>7.400000095367431640625</ele>
        <time>2026-05-28T22:59:59.000Z</time>
        <extensions>
          <ns3:TrackPointExtension/>
        </extensions>
      </trkpt>
      <trkpt lat="31.4062332920730113983154296875" lon="119.48407438583672046661376953125">
        <ele>7.400000095367431640625</ele>
        <time>2026-05-28T23:00:00.000Z</time>
        <extensions>
          <ns3:TrackPointExtension/>
        </extensions>
      </trkpt>
      <trkpt lat="31.40623672865331172943115234375" lon="119.4840469770133495330810546875">
        <ele>7.400000095367431640625</ele>
        <time>2026-05-28T23:00:01.000Z</time>
        <extensions>
          <ns3:TrackPointExtension>
            <ns3:hr>137</ns3:hr>
          </ns3:TrackPointExtension>
        </extensions>
      </trkpt>
      <trkpt lat="31.40623957850039005279541015625" lon="119.48402007110416889190673828125">
        <ele>7.599999904632568359375</ele>
        <time>2026-05-28T23:00:02.000Z</time>
        <extensions>
          <ns3:TrackPointExtension>
            <ns3:hr>137</ns3:hr>
          </ns3:TrackPointExtension>
        </extensions>
      </trkpt>
      <trkpt lat="31.40624192543327808380126953125" lon="119.4839926622807979583740234375">
        <ele>7.599999904632568359375</ele>
        <time>2026-05-28T23:00:03.000Z</time>
        <extensions>
          <ns3:TrackPointExtension>
            <ns3:hr>138</ns3:hr>
          </ns3:TrackPointExtension>
        </extensions>
      </trkpt>
      <trkpt lat="31.40624376945197582244873046875" lon="119.48396466672420501708984375">
        <ele>7.80000019073486328125</ele>
        <time>2026-05-28T23:00:04.000Z</time>
        <extensions>
          <ns3:TrackPointExtension>
            <ns3:hr>138</ns3:hr>
          </ns3:TrackPointExtension>
        </extensions>
      </trkpt>
      <trkpt lat="31.40624544583261013031005859375" lon="119.4839370064437389373779296875">
        <ele>7.80000019073486328125</ele>
        <time>2026-05-28T23:00:05.000Z</time>
        <extensions>
          <ns3:TrackPointExtension/>
        </extensions>
      </trkpt>
      <trkpt lat="31.4062473736703395843505859375" lon="119.4839103519916534423828125">
        <ele>8</ele>
        <time>2026-05-28T23:00:06.000Z</time>
        <extensions>
          <ns3:TrackPointExtension/>
        </extensions>
      </trkpt>
      <trkpt lat="31.40624980442225933074951171875" lon="119.4838836975395679473876953125">
        <ele>8</ele>
        <time>2026-05-28T23:00:07.000Z</time>
        <extensions>
          <ns3:TrackPointExtension/>
        </extensions>
      </trkpt>
      <trkpt lat="31.40625248663127422332763671875" lon="119.48385545052587985992431640625">
        <ele>8.19999980926513671875</ele>
        <time>2026-05-28T23:00:08.000Z</time>
        <extensions>
          <ns3:TrackPointExtension>
            <ns3:hr>139</ns3:hr>
          </ns3:TrackPointExtension>
        </extensions>
      </trkpt>
      <trkpt lat="31.40625533647835254669189453125" lon="119.48382661677896976470947265625">
        <ele>8.19999980926513671875</ele>
        <time>2026-05-28T23:00:09.000Z</time>
        <extensions>
          <ns3:TrackPointExtension>
            <ns3:hr>139</ns3:hr>
          </ns3:TrackPointExtension>
        </extensions>
      </trkpt>
      <trkpt lat="31.4062584377825260162353515625" lon="119.48379811830818653106689453125">
        <ele>8.3999996185302734375</ele>
        <time>2026-05-28T23:00:10.000Z</time>
        <extensions>
          <ns3:TrackPointExtension/>
        </extensions>
      </trkpt>
      <trkpt lat="31.406261958181858062744140625" lon="119.48377112857997417449951171875">
        <ele>8.3999996185302734375</ele>
        <time>2026-05-28T23:00:11.000Z</time>
        <extensions>
          <ns3:TrackPointExtension/>
        </extensions>
      </trkpt>
      <trkpt lat="31.4062658138573169708251953125" lon="119.48374547995626926422119140625">
        <ele>8.3999996185302734375</ele>
        <time>2026-05-28T23:00:12.000Z</time>
        <extensions>
          <ns3:TrackPointExtension/>
        </extensions>
      </trkpt>
      <trkpt lat="31.40627008862793445587158203125" lon="119.4837199151515960693359375">
        <ele>8.3999996185302734375</ele>
        <time>2026-05-28T23:00:13.000Z</time>
        <extensions>
          <ns3:TrackPointExtension/>
        </extensions>
      </trkpt>
      <trkpt lat="31.40627444721758365631103515625" lon="119.48369334451854228973388671875">
        <ele>8.3999996185302734375</ele>
        <time>2026-05-28T23:00:14.000Z</time>
        <extensions>
          <ns3:TrackPointExtension/>
        </extensions>
      </trkpt>
      <trkpt lat="31.406278051435947418212890625" lon="119.48366652242839336395263671875">
        <ele>8.3999996185302734375</ele>
        <time>2026-05-28T23:00:15.000Z</time>
        <extensions>
          <ns3:TrackPointExtension>
            <ns3:hr>141</ns3:hr>
          </ns3:TrackPointExtension>
        </extensions>
      </trkpt>
      <trkpt lat="31.406280733644962310791015625" lon="119.48363953270018100738525390625">
        <ele>8.19999980926513671875</ele>
        <time>2026-05-28T23:00:16.000Z</time>
        <extensions>
          <ns3:TrackPointExtension>
            <ns3:hr>141</ns3:hr>
          </ns3:TrackPointExtension>
        </extensions>
      </trkpt>
      <trkpt lat="31.40628282912075519561767578125" lon="119.4836121238768100738525390625">
        <ele>8.19999980926513671875</ele>
        <time>2026-05-28T23:00:17.000Z</time>
        <extensions>
          <ns3:TrackPointExtension/>
        </extensions>
      </trkpt>
      <trkpt lat="31.40628433786332607269287109375" lon="119.4835836254060268402099609375">
        <ele>8.3999996185302734375</ele>
        <time>2026-05-28T23:00:18.000Z</time>
        <extensions>
          <ns3:TrackPointExtension/>
        </extensions>
      </trkpt>
      <trkpt lat="31.4062855951488018035888671875" lon="119.48355504311621189117431640625">
        <ele>8.6000003814697265625</ele>
        <time>2026-05-28T23:00:19.000Z</time>
        <extensions>
          <ns3:TrackPointExtension/>
        </extensions>
      </trkpt>
      <trkpt lat="31.406286768615245819091796875" lon="119.48352721519768238067626953125">
        <ele>8.80000019073486328125</ele>
        <time>2026-05-28T23:00:20.000Z</time>
        <extensions>
          <ns3:TrackPointExtension/>
        </extensions>
      </trkpt>
      <trkpt lat="31.4062882773578166961669921875" lon="119.4834999740123748779296875">
        <ele>9.19999980926513671875</ele>
        <time>2026-05-28T23:00:21.000Z</time>
        <extensions>
          <ns3:TrackPointExtension>
            <ns3:hr>140</ns3:hr>
          </ns3:TrackPointExtension>
        </extensions>
      </trkpt>
      <trkpt lat="31.40629070810973644256591796875" lon="119.4834736548364162445068359375">
        <ele>9.3999996185302734375</ele>
        <time>2026-05-28T23:00:22.000Z</time>
        <extensions>
          <ns3:TrackPointExtension>
            <ns3:hr>140</ns3:hr>
          </ns3:TrackPointExtension>
        </extensions>
      </trkpt>
      <trkpt lat="31.40629389323294162750244140625" lon="119.48344792239367961883544921875">
        <ele>9.80000019073486328125</ele>
        <time>2026-05-28T23:00:23.000Z</time>
        <extensions>
          <ns3:TrackPointExtension>
            <ns3:hr>139</ns3:hr>
          </ns3:TrackPointExtension>
        </extensions>
      </trkpt>
      <trkpt lat="31.40629707835614681243896484375" lon="119.4834220223128795623779296875">
        <ele>10</ele>
        <time>2026-05-28T23:00:24.000Z</time>
        <extensions>
          <ns3:TrackPointExtension>
            <ns3:hr>139</ns3:hr>
          </ns3:TrackPointExtension>
        </extensions>
      </trkpt>
      <trkpt lat="31.40629984438419342041015625" lon="119.4833948649466037750244140625">
        <ele>10.19999980926513671875</ele>
        <time>2026-05-28T23:00:25.000Z</time>
        <extensions>
          <ns3:TrackPointExtension/>
        </extensions>
      </trkpt>
      <trkpt lat="31.40630311332643032073974609375" lon="119.48336661793291568756103515625">
        <ele>10.6000003814697265625</ele>
        <time>2026-05-28T23:00:26.000Z</time>
        <extensions>
          <ns3:TrackPointExtension/>
        </extensions>
      </trkpt>
      <trkpt lat="31.40630654990673065185546875" lon="119.483337365090847015380859375">
        <ele>11</ele>
        <time>2026-05-28T23:00:27.000Z</time>
        <extensions>
          <ns3:TrackPointExtension>
            <ns3:hr>140</ns3:hr>
          </ns3:TrackPointExtension>
        </extensions>
      </trkpt>
      <trkpt lat="31.406308226287364959716796875" lon="119.48330861516296863555908203125">
        <ele>11</ele>
        <time>2026-05-28T23:00:28.000Z</time>
        <extensions>
          <ns3:TrackPointExtension>
            <ns3:hr>140</ns3:hr>
          </ns3:TrackPointExtension>
        </extensions>
      </trkpt>
      <trkpt lat="31.40630747191607952117919921875" lon="119.48328112252056598663330078125">
        <ele>11.19999980926513671875</ele>
        <time>2026-05-28T23:00:29.000Z</time>
        <extensions>
          <ns3:TrackPointExtension/>
        </extensions>
      </trkpt>
      <trkpt lat="31.406305544078350067138671875" lon="119.4832550548017024993896484375">
        <ele>11.19999980926513671875</ele>
        <time>2026-05-28T23:00:30.000Z</time>
        <extensions>
          <ns3:TrackPointExtension/>
        </extensions>
      </trkpt>
      <trkpt lat="31.40630252659320831298828125" lon="119.483230412006378173828125">
        <ele>11.19999980926513671875</ele>
        <time>2026-05-28T23:00:31.000Z</time>
        <extensions>
          <ns3:TrackPointExtension/>
        </extensions>
      </trkpt>
      <trkpt lat="31.40629716217517852783203125" lon="119.48320819996297359466552734375">
        <ele>11.19999980926513671875</ele>
        <time>2026-05-28T23:00:32.000Z</time>
        <extensions>
          <ns3:TrackPointExtension/>
        </extensions>
      </trkpt>
      <trkpt lat="31.406287439167499542236328125" lon="119.48318875394761562347412109375">
        <ele>11.19999980926513671875</ele>
        <time>2026-05-28T23:00:33.000Z</time>
        <extensions>
          <ns3:TrackPointExtension/>
        </extensions>
      </trkpt>
      <trkpt lat="31.4062735252082347869873046875" lon="119.48317048139870166778564453125">
        <ele>11.3999996185302734375</ele>
        <time>2026-05-28T23:00:34.000Z</time>
        <extensions>
          <ns3:TrackPointExtension/>
        </extensions>
      </trkpt>
      <trkpt lat="31.40628333203494548797607421875" lon="119.483147598803043365478515625">
        <ele>11.19999980926513671875</ele>
        <time>2026-05-28T23:01:14.000Z</time>
        <extensions>
          <ns3:TrackPointExtension/>
        </extensions>
      </trkpt>
      <trkpt lat="31.40628417022526264190673828125" lon="119.48314583860337734222412109375">
        <ele>11.19999980926513671875</ele>
        <time>2026-05-28T23:01:15.000Z</time>
        <extensions>
          <ns3:TrackPointExtension/>
        </extensions>
      </trkpt>
      <trkpt lat="31.40628534369170665740966796875" lon="119.4831377081573009490966796875">
        <ele>11.19999980926513671875</ele>
        <time>2026-05-28T23:01:16.000Z</time>
        <extensions>
          <ns3:TrackPointExtension/>
        </extensions>
      </trkpt>
      <trkpt lat="31.4062859304249286651611328125" lon="119.4831226207315921783447265625">
        <ele>11.19999980926513671875</ele>
        <time>2026-05-28T23:01:17.000Z</time>
        <extensions>
          <ns3:TrackPointExtension/>
        </extensions>
      </trkpt>
      <trkpt lat="31.40628668479621410369873046875" lon="119.4831031747162342071533203125">
        <ele>11.19999980926513671875</ele>
        <time>2026-05-28T23:01:18.000Z</time>
        <extensions>
          <ns3:TrackPointExtension>
            <ns3:hr>117</ns3:hr>
          </ns3:TrackPointExtension>
        </extensions>
      </trkpt>
      <trkpt lat="31.40628852881491184234619140625" lon="119.48307794518768787384033203125">
        <ele>11.19999980926513671875</ele>
        <time>2026-05-28T23:01:19.000Z</time>
        <extensions>
          <ns3:TrackPointExtension>
            <ns3:hr>117</ns3:hr>
          </ns3:TrackPointExtension>
        </extensions>
      </trkpt>
      <trkpt lat="31.40629171393811702728271484375" lon="119.4830508716404438018798828125">
        <ele>11.19999980926513671875</ele>
        <time>2026-05-28T23:01:20.000Z</time>
        <extensions>
          <ns3:TrackPointExtension/>
        </extensions>
      </trkpt>
      <trkpt lat="31.40629523433744907379150390625" lon="119.48302396573126316070556640625">
        <ele>11.19999980926513671875</ele>
        <time>2026-05-28T23:01:21.000Z</time>
        <extensions>
          <ns3:TrackPointExtension/>
        </extensions>
      </trkpt>
      <trkpt lat="31.40629959292709827423095703125" lon="119.48299764655530452728271484375">
        <ele>11</ele>
        <time>2026-05-28T23:01:22.000Z</time>
        <extensions>
          <ns3:TrackPointExtension/>
        </extensions>
      </trkpt>
      <trkpt lat="31.4063047058880329132080078125" lon="119.4829717464745044708251953125">
        <ele>11</ele>
        <time>2026-05-28T23:01:23.000Z</time>
        <extensions>
          <ns3:TrackPointExtension/>
        </extensions>
      </trkpt>
      <trkpt lat="31.406310908496379852294921875" lon="119.48294618166983127593994140625">
        <ele>11</ele>
        <time>2026-05-28T23:01:24.000Z</time>
        <extensions>
          <ns3:TrackPointExtension/>
        </extensions>
      </trkpt>
      <trkpt lat="31.4063191227614879608154296875" lon="119.48292137123644351959228515625">
        <ele>11</ele>
        <time>2026-05-28T23:01:25.000Z</time>
        <extensions>
          <ns3:TrackPointExtension/>
        </extensions>
      </trkpt>
      <trkpt lat="31.40632658265531063079833984375" lon="119.48289639316499233245849609375">
        <ele>11</ele>
        <time>2026-05-28T23:01:26.000Z</time>
        <extensions>
          <ns3:TrackPointExtension>
            <ns3:hr>109</ns3:hr>
          </ns3:TrackPointExtension>
        </extensions>
      </trkpt>
      <trkpt lat="31.406333036720752716064453125" lon="119.4828708283603191375732421875">
        <ele>11</ele>
        <time>2026-05-28T23:01:27.000Z</time>
        <extensions>
          <ns3:TrackPointExtension>
            <ns3:hr>109</ns3:hr>
          </ns3:TrackPointExtension>
        </extensions>
      </trkpt>
      <trkpt lat="31.4063399098813533782958984375" lon="119.48284559883177280426025390625">
        <ele>11</ele>
        <time>2026-05-28T23:01:28.000Z</time>
        <extensions>
          <ns3:TrackPointExtension/>
        </extensions>
      </trkpt>
      <trkpt lat="31.4063459448516368865966796875" lon="119.48281995020806789398193359375">
        <ele>11</ele>
        <time>2026-05-28T23:01:29.000Z</time>
        <extensions>
          <ns3:TrackPointExtension/>
        </extensions>
      </trkpt>
      <trkpt lat="31.40635105781257152557373046875" lon="119.48279413394629955291748046875">
        <ele>11</ele>
        <time>2026-05-28T23:01:30.000Z</time>
        <extensions>
          <ns3:TrackPointExtension/>
        </extensions>
      </trkpt>
      <trkpt lat="31.4063566736876964569091796875" lon="119.4827685691416263580322265625">
        <ele>11</ele>
        <time>2026-05-28T23:01:31.000Z</time>
        <extensions>
          <ns3:TrackPointExtension>
            <ns3:hr>108</ns3:hr>
          </ns3:TrackPointExtension>
        </extensions>
      </trkpt>
      <trkpt lat="31.406362541019916534423828125" lon="119.48274300433695316314697265625">
        <ele>11</ele>
        <time>2026-05-28T23:01:32.000Z</time>
        <extensions>
          <ns3:TrackPointExtension>
            <ns3:hr>108</ns3:hr>
          </ns3:TrackPointExtension>
        </extensions>
      </trkpt>
      <trkpt lat="31.40636798925697803497314453125" lon="119.48271668516099452972412109375">
        <ele>11</ele>
        <time>2026-05-28T23:01:33.000Z</time>
        <extensions>
          <ns3:TrackPointExtension/>
        </extensions>
      </trkpt>
      <trkpt lat="31.40637234784662723541259765625" lon="119.48268952779471874237060546875">
        <ele>11</ele>
        <time>2026-05-28T23:01:34.000Z</time>
        <extensions>
          <ns3:TrackPointExtension/>
        </extensions>
      </trkpt>
      <trkpt lat="31.40637628734111785888671875" lon="119.482662118971347808837890625">
        <ele>11</ele>
        <time>2026-05-28T23:01:35.000Z</time>
        <extensions>
          <ns3:TrackPointExtension>
            <ns3:hr>107</ns3:hr>
          </ns3:TrackPointExtension>
        </extensions>
      </trkpt>
      <trkpt lat="31.406379304826259613037109375" lon="119.48263487778604030609130859375">
        <ele>11</ele>
        <time>2026-05-28T23:01:36.000Z</time>
        <extensions>
          <ns3:TrackPointExtension>
            <ns3:hr>107</ns3:hr>
          </ns3:TrackPointExtension>
        </extensions>
      </trkpt>
      <trkpt lat="31.4063818193972110748291015625" lon="119.4826067984104156494140625">
        <ele>11</ele>
        <time>2026-05-28T23:01:37.000Z</time>
        <extensions>
          <ns3:TrackPointExtension/>
        </extensions>
      </trkpt>
      <trkpt lat="31.40638433396816253662109375" lon="119.4825784675776958465576171875">
        <ele>11</ele>
        <time>2026-05-28T23:01:38.000Z</time>
        <extensions>
          <ns3:TrackPointExtension/>
        </extensions>
      </trkpt>
      <trkpt lat="31.40638609416782855987548828125" lon="119.4825503043830394744873046875">
        <ele>11</ele>
        <time>2026-05-28T23:01:39.000Z</time>
        <extensions>
          <ns3:TrackPointExtension/>
        </extensions>
      </trkpt>
      <trkpt lat="31.4063875190913677215576171875" lon="119.48252239264547824859619140625">
        <ele>11</ele>
        <time>2026-05-28T23:01:40.000Z</time>
        <extensions>
          <ns3:TrackPointExtension>
            <ns3:hr>107</ns3:hr>
          </ns3:TrackPointExtension>
        </extensions>
      </trkpt>
      <trkpt lat="31.4063888601958751678466796875" lon="119.4824946485459804534912109375">
        <ele>11</ele>
        <time>2026-05-28T23:01:41.000Z</time>
        <extensions>
          <ns3:TrackPointExtension>
            <ns3:hr>107</ns3:hr>
          </ns3:TrackPointExtension>
        </extensions>
      </trkpt>
      <trkpt lat="31.406390368938446044921875" lon="119.4824671559035778045654296875">
        <ele>10.80000019073486328125</ele>
        <time>2026-05-28T23:01:42.000Z</time>
        <extensions>
          <ns3:TrackPointExtension>
            <ns3:hr>108</ns3:hr>
          </ns3:TrackPointExtension>
        </extensions>
      </trkpt>
      <trkpt lat="31.40639103949069976806640625" lon="119.48243941180408000946044921875">
        <ele>10.80000019073486328125</ele>
        <time>2026-05-28T23:01:43.000Z</time>
        <extensions>
          <ns3:TrackPointExtension>
            <ns3:hr>108</ns3:hr>
          </ns3:TrackPointExtension>
        </extensions>
      </trkpt>
      <trkpt lat="31.4063912071287631988525390625" lon="119.48241141624748706817626953125">
        <ele>10.6000003814697265625</ele>
        <time>2026-05-28T23:01:44.000Z</time>
        <extensions>
          <ns3:TrackPointExtension/>
        </extensions>
      </trkpt>
      <trkpt lat="31.40639179386198520660400390625" lon="119.4823830015957355499267578125">
        <ele>10.6000003814697265625</ele>
        <time>2026-05-28T23:01:45.000Z</time>
        <extensions>
          <ns3:TrackPointExtension/>
        </extensions>
      </trkpt>
      <trkpt lat="31.40639263205230236053466796875" lon="119.48235391639173030853271484375">
        <ele>10.3999996185302734375</ele>
        <time>2026-05-28T23:01:46.000Z</time>
        <extensions>
          <ns3:TrackPointExtension/>
        </extensions>
      </trkpt>
      <trkpt lat="31.406393386423587799072265625" lon="119.48232457973062992095947265625">
        <ele>10.3999996185302734375</ele>
        <time>2026-05-28T23:01:47.000Z</time>
        <extensions>
          <ns3:TrackPointExtension>
            <ns3:hr>112</ns3:hr>
          </ns3:TrackPointExtension>
        </extensions>
      </trkpt>
      <trkpt lat="31.4063943922519683837890625" lon="119.48229499161243438720703125">
        <ele>10.19999980926513671875</ele>
        <time>2026-05-28T23:01:48.000Z</time>
        <extensions>
          <ns3:TrackPointExtension>
            <ns3:hr>112</ns3:hr>
          </ns3:TrackPointExtension>
        </extensions>
      </trkpt>
      <trkpt lat="31.4063970744609832763671875" lon="119.48226557113230228424072265625">
        <ele>10.19999980926513671875</ele>
        <time>2026-05-28T23:01:49.000Z</time>
        <extensions>
          <ns3:TrackPointExtension/>
        </extensions>
      </trkpt>
      <trkpt lat="31.406401433050632476806640625" lon="119.4822366535663604736328125">
        <ele>10</ele>
        <time>2026-05-28T23:01:50.000Z</time>
        <extensions>
          <ns3:TrackPointExtension/>
        </extensions>
      </trkpt>
      <trkpt lat="31.40640621073544025421142578125" lon="119.48220781981945037841796875">
        <ele>10</ele>
        <time>2026-05-28T23:01:51.000Z</time>
        <extensions>
          <ns3:TrackPointExtension/>
        </extensions>
      </trkpt>
      <trkpt lat="31.40640981495380401611328125" lon="119.48217940516769886016845703125">
        <ele>9.80000019073486328125</ele>
        <time>2026-05-28T23:01:52.000Z</time>
        <extensions>
          <ns3:TrackPointExtension/>
        </extensions>
      </trkpt>
      <trkpt lat="31.406412832438945770263671875" lon="119.482152499258518218994140625">
        <ele>9.80000019073486328125</ele>
        <time>2026-05-28T23:01:53.000Z</time>
        <extensions>
          <ns3:TrackPointExtension/>
        </extensions>
      </trkpt>
      <trkpt lat="31.40641643665730953216552734375" lon="119.48212676681578159332275390625">
        <ele>9.6000003814697265625</ele>
        <time>2026-05-28T23:01:54.000Z</time>
        <extensions>
          <ns3:TrackPointExtension>
            <ns3:hr>115</ns3:hr>
          </ns3:TrackPointExtension>
        </extensions>
      </trkpt>
      <trkpt lat="31.4064203761518001556396484375" lon="119.48209994472563266754150390625">
        <ele>9.6000003814697265625</ele>
        <time>2026-05-28T23:01:55.000Z</time>
        <extensions>
          <ns3:TrackPointExtension>
            <ns3:hr>115</ns3:hr>
          </ns3:TrackPointExtension>
        </extensions>
      </trkpt>
      <trkpt lat="31.4064237289130687713623046875" lon="119.4820715300738811492919921875">
        <ele>9.3999996185302734375</ele>
        <time>2026-05-28T23:01:56.000Z</time>
        <extensions>
          <ns3:TrackPointExtension/>
        </extensions>
      </trkpt>
      <trkpt lat="31.4064260758459568023681640625" lon="119.48204286396503448486328125">
        <ele>9.3999996185302734375</ele>
        <time>2026-05-28T23:01:57.000Z</time>
        <extensions>
          <ns3:TrackPointExtension/>
        </extensions>
      </trkpt>
      <trkpt lat="31.40642867423593997955322265625" lon="119.4820140302181243896484375">
        <ele>9.19999980926513671875</ele>
        <time>2026-05-28T23:01:58.000Z</time>
        <extensions>
          <ns3:TrackPointExtension>
            <ns3:hr>118</ns3:hr>
          </ns3:TrackPointExtension>
        </extensions>
      </trkpt>
      <trkpt lat="31.40643252991139888763427734375" lon="119.481984861195087432861328125">
        <ele>9</ele>
        <time>2026-05-28T23:01:59.000Z</time>
        <extensions>
          <ns3:TrackPointExtension>
            <ns3:hr>118</ns3:hr>
          </ns3:TrackPointExtension>
        </extensions>
      </trkpt>
      <trkpt lat="31.40643772669136524200439453125" lon="119.4819555245339870452880859375">
        <ele>8.80000019073486328125</ele>
        <time>2026-05-28T23:02:00.000Z</time>
        <extensions>
          <ns3:TrackPointExtension/>
        </extensions>
      </trkpt>
      <trkpt lat="31.4064426720142364501953125" lon="119.48192761279642581939697265625">
        <ele>8.80000019073486328125</ele>
        <time>2026-05-28T23:02:01.000Z</time>
        <extensions>
          <ns3:TrackPointExtension/>
        </extensions>
      </trkpt>
      <trkpt lat="31.40644661150872707366943359375" lon="119.48190162889659404754638671875">
        <ele>8.6000003814697265625</ele>
        <time>2026-05-28T23:02:02.000Z</time>
        <extensions>
          <ns3:TrackPointExtension/>
        </extensions>
      </trkpt>
      <trkpt lat="31.40644912607967853546142578125" lon="119.48187665082514286041259765625">
        <ele>8.6000003814697265625</ele>
        <time>2026-05-28T23:02:03.000Z</time>
        <extensions>
          <ns3:TrackPointExtension/>
        </extensions>
      </trkpt>
      <trkpt lat="31.4064508862793445587158203125" lon="119.48185049928724765777587890625">
        <ele>8.6000003814697265625</ele>
        <time>2026-05-28T23:02:04.000Z</time>
        <extensions>
          <ns3:TrackPointExtension/>
        </extensions>
      </trkpt>
      <trkpt lat="31.40645365230739116668701171875" lon="119.48182300664484500885009765625">
        <ele>8.6000003814697265625</ele>
        <time>2026-05-28T23:02:05.000Z</time>
        <extensions>
          <ns3:TrackPointExtension/>
        </extensions>
      </trkpt>
      <trkpt lat="31.40645750798285007476806640625" lon="119.48179450817406177520751953125">
        <ele>8.6000003814697265625</ele>
        <time>2026-05-28T23:02:06.000Z</time>
        <extensions>
          <ns3:TrackPointExtension>
            <ns3:hr>126</ns3:hr>
          </ns3:TrackPointExtension>
        </extensions>
      </trkpt>
      <trkpt lat="31.406461112201213836669921875" lon="119.48176466859877109527587890625">
        <ele>8.6000003814697265625</ele>
        <time>2026-05-28T23:02:07.000Z</time>
        <extensions>
          <ns3:TrackPointExtension>
            <ns3:hr>126</ns3:hr>
          </ns3:TrackPointExtension>
        </extensions>
      </trkpt>
      <trkpt lat="31.4064632914960384368896484375" lon="119.4817335717380046844482421875">
        <ele>8.6000003814697265625</ele>
        <time>2026-05-28T23:02:08.000Z</time>
        <extensions>
          <ns3:TrackPointExtension/>
        </extensions>
      </trkpt>
      <trkpt lat="31.40646471641957759857177734375" lon="119.48170222342014312744140625">
        <ele>8.6000003814697265625</ele>
        <time>2026-05-28T23:02:09.000Z</time>
        <extensions>
          <ns3:TrackPointExtension/>
        </extensions>
      </trkpt>
      <trkpt lat="31.4064659737050533294677734375" lon="119.48167196474969387054443359375">
        <ele>8.6000003814697265625</ele>
        <time>2026-05-28T23:02:10.000Z</time>
        <extensions>
          <ns3:TrackPointExtension/>
        </extensions>
      </trkpt>
      <trkpt lat="31.4064673148095607757568359375" lon="119.48164262808859348297119140625">
        <ele>8.6000003814697265625</ele>
        <time>2026-05-28T23:02:11.000Z</time>
        <extensions>
          <ns3:TrackPointExtension>
            <ns3:hr>130</ns3:hr>
          </ns3:TrackPointExtension>
        </extensions>
      </trkpt>
      <trkpt lat="31.40646873973309993743896484375" lon="119.48161412961781024932861328125">
        <ele>8.3999996185302734375</ele>
        <time>2026-05-28T23:02:12.000Z</time>
        <extensions>
          <ns3:TrackPointExtension>
            <ns3:hr>130</ns3:hr>
          </ns3:TrackPointExtension>
        </extensions>
      </trkpt>
      <trkpt lat="31.40647024847567081451416015625" lon="119.4815867207944393157958984375">
        <ele>8.3999996185302734375</ele>
        <time>2026-05-28T23:02:13.000Z</time>
        <extensions>
          <ns3:TrackPointExtension>
            <ns3:hr>131</ns3:hr>
          </ns3:TrackPointExtension>
        </extensions>
      </trkpt>
      <trkpt lat="31.4064713381230831146240234375" lon="119.481559731066226959228515625">
        <ele>8.19999980926513671875</ele>
        <time>2026-05-28T23:02:14.000Z</time>
        <extensions>
          <ns3:TrackPointExtension/>
        </extensions>
      </trkpt>
      <trkpt lat="31.40647142194211483001708984375" lon="119.48153215460479259490966796875">
        <ele>8.19999980926513671875</ele>
        <time>2026-05-28T23:02:15.000Z</time>
        <extensions>
          <ns3:TrackPointExtension/>
        </extensions>
      </trkpt>
      <trkpt lat="31.4064706675708293914794921875" lon="119.48150508105754852294921875">
        <ele>8</ele>
        <time>2026-05-28T23:02:16.000Z</time>
        <extensions>
          <ns3:TrackPointExtension/>
        </extensions>
      </trkpt>
      <trkpt lat="31.40647058375179767608642578125" lon="119.4814790971577167510986328125">
        <ele>8</ele>
        <time>2026-05-28T23:02:17.000Z</time>
        <extensions>
          <ns3:TrackPointExtension/>
        </extensions>
      </trkpt>
      <trkpt lat="31.4064720086753368377685546875" lon="119.4814526103436946868896484375">
        <ele>8</ele>
        <time>2026-05-28T23:02:18.000Z</time>
        <extensions>
          <ns3:TrackPointExtension/>
        </extensions>
      </trkpt>
      <trkpt lat="31.40647460706532001495361328125" lon="119.48142453096807003021240234375">
        <ele>8</ele>
        <time>2026-05-28T23:02:19.000Z</time>
        <extensions>
          <ns3:TrackPointExtension>
            <ns3:hr>133</ns3:hr>
          </ns3:TrackPointExtension>
        </extensions>
      </trkpt>
      <trkpt lat="31.40647779218852519989013671875" lon="119.48139536194503307342529296875">
        <ele>8</ele>
        <time>2026-05-28T23:02:20.000Z</time>
        <extensions>
          <ns3:TrackPointExtension>
            <ns3:hr>133</ns3:hr>
          </ns3:TrackPointExtension>
        </extensions>
      </trkpt>
      <trkpt lat="31.40648114494979381561279296875" lon="119.48136569000780582427978515625">
        <ele>8</ele>
        <time>2026-05-28T23:02:21.000Z</time>
        <extensions>
          <ns3:TrackPointExtension/>
        </extensions>
      </trkpt>
      <trkpt lat="31.40648424625396728515625" lon="119.48133618570864200592041015625">
        <ele>7.80000019073486328125</ele>
        <time>2026-05-28T23:02:22.000Z</time>
        <extensions>
          <ns3:TrackPointExtension>
            <ns3:hr>134</ns3:hr>
          </ns3:TrackPointExtension>
        </extensions>
      </trkpt>
      <trkpt lat="31.40648759901523590087890625" lon="119.481306932866573333740234375">
        <ele>7.80000019073486328125</ele>
        <time>2026-05-28T23:02:23.000Z</time>
        <extensions>
          <ns3:TrackPointExtension>
            <ns3:hr>134</ns3:hr>
          </ns3:TrackPointExtension>
        </extensions>
      </trkpt>
      <trkpt lat="31.40649162232875823974609375" lon="119.481278099119663238525390625">
        <ele>7.599999904632568359375</ele>
        <time>2026-05-28T23:02:24.000Z</time>
        <extensions>
          <ns3:TrackPointExtension/>
        </extensions>
      </trkpt>
      <trkpt lat="31.40649572946131229400634765625" lon="119.48124951682984828948974609375">
        <ele>7.599999904632568359375</ele>
        <time>2026-05-28T23:02:25.000Z</time>
        <extensions>
          <ns3:TrackPointExtension/>
        </extensions>
      </trkpt>
      <trkpt lat="31.40649908222258090972900390625" lon="119.48122068308293819427490234375">
        <ele>7.400000095367431640625</ele>
        <time>2026-05-28T23:02:26.000Z</time>
        <extensions>
          <ns3:TrackPointExtension/>
        </extensions>
      </trkpt>
      <trkpt lat="31.4065008424222469329833984375" lon="119.48119126260280609130859375">
        <ele>7.19999980926513671875</ele>
        <time>2026-05-28T23:02:27.000Z</time>
        <extensions>
          <ns3:TrackPointExtension>
            <ns3:hr>135</ns3:hr>
          </ns3:TrackPointExtension>
        </extensions>
      </trkpt>
      <trkpt lat="31.40650101006031036376953125" lon="119.4811610877513885498046875">
        <ele>7</ele>
        <time>2026-05-28T23:02:28.000Z</time>
        <extensions>
          <ns3:TrackPointExtension>
            <ns3:hr>135</ns3:hr>
          </ns3:TrackPointExtension>
        </extensions>
      </trkpt>
      <trkpt lat="31.406500004231929779052734375" lon="119.48113066144287586212158203125">
        <ele>6.599999904632568359375</ele>
        <time>2026-05-28T23:02:29.000Z</time>
        <extensions>
          <ns3:TrackPointExtension/>
        </extensions>
      </trkpt>
      <trkpt lat="31.40649891458451747894287109375" lon="119.48110031895339488983154296875">
        <ele>6.599999904632568359375</ele>
        <time>2026-05-28T23:02:30.000Z</time>
        <extensions>
          <ns3:TrackPointExtension/>
        </extensions>
      </trkpt>
      <trkpt lat="31.40649857930839061737060546875" lon="119.4810700602829456329345703125">
        <ele>6.599999904632568359375</ele>
        <time>2026-05-28T23:02:31.000Z</time>
        <extensions>
          <ns3:TrackPointExtension/>
        </extensions>
      </trkpt>
      <trkpt lat="31.4065001718699932098388671875" lon="119.48104105889797210693359375">
        <ele>6.599999904632568359375</ele>
        <time>2026-05-28T23:02:32.000Z</time>
        <extensions>
          <ns3:TrackPointExtension/>
        </extensions>
      </trkpt>
      <trkpt lat="31.40650369226932525634765625" lon="119.4810135662555694580078125">
        <ele>6.400000095367431640625</ele>
        <time>2026-05-28T23:02:33.000Z</time>
        <extensions>
          <ns3:TrackPointExtension/>
        </extensions>
      </trkpt>
      <trkpt lat="31.40650779940187931060791015625" lon="119.48098615743219852447509765625">
        <ele>6.400000095367431640625</ele>
        <time>2026-05-28T23:02:34.000Z</time>
        <extensions>
          <ns3:TrackPointExtension/>
        </extensions>
      </trkpt>
      <trkpt lat="31.40651098452508449554443359375" lon="119.48095883242785930633544921875">
        <ele>6.599999904632568359375</ele>
        <time>2026-05-28T23:02:35.000Z</time>
        <extensions>
          <ns3:TrackPointExtension>
            <ns3:hr>136</ns3:hr>
          </ns3:TrackPointExtension>
        </extensions>
      </trkpt>
      <trkpt lat="31.4065129123628139495849609375" lon="119.48093117214739322662353515625">
        <ele>6.599999904632568359375</ele>
        <time>2026-05-28T23:02:36.000Z</time>
        <extensions>
          <ns3:TrackPointExtension>
            <ns3:hr>136</ns3:hr>
          </ns3:TrackPointExtension>
        </extensions>
      </trkpt>
      <trkpt lat="31.40651416964828968048095703125" lon="119.4809034280478954315185546875">
        <ele>6.80000019073486328125</ele>
        <time>2026-05-28T23:02:37.000Z</time>
        <extensions>
          <ns3:TrackPointExtension/>
        </extensions>
      </trkpt>
      <trkpt lat="31.40651576220989227294921875" lon="119.48087534867227077484130859375">
        <ele>6.80000019073486328125</ele>
        <time>2026-05-28T23:02:38.000Z</time>
        <extensions>
          <ns3:TrackPointExtension/>
        </extensions>
      </trkpt>
      <trkpt lat="31.4065176062285900115966796875" lon="119.4808464311063289642333984375">
        <ele>7</ele>
        <time>2026-05-28T23:02:39.000Z</time>
        <extensions>
          <ns3:TrackPointExtension/>
        </extensions>
      </trkpt>
      <trkpt lat="31.4065199531614780426025390625" lon="119.48081709444522857666015625">
        <ele>7</ele>
        <time>2026-05-28T23:02:40.000Z</time>
        <extensions>
          <ns3:TrackPointExtension/>
        </extensions>
      </trkpt>
      <trkpt lat="31.40652338974177837371826171875" lon="119.48078733868896961212158203125">
        <ele>7</ele>
        <time>2026-05-28T23:02:41.000Z</time>
        <extensions>
          <ns3:TrackPointExtension>
            <ns3:hr>134</ns3:hr>
          </ns3:TrackPointExtension>
        </extensions>
      </trkpt>
      <trkpt lat="31.4065269939601421356201171875" lon="119.48075749911367893218994140625">
        <ele>7</ele>
        <time>2026-05-28T23:02:42.000Z</time>
        <extensions>
          <ns3:TrackPointExtension>
            <ns3:hr>134</ns3:hr>
          </ns3:TrackPointExtension>
        </extensions>
      </trkpt>
      <trkpt lat="31.40653059817850589752197265625" lon="119.48072782717645168304443359375">
        <ele>7</ele>
        <time>2026-05-28T23:02:43.000Z</time>
        <extensions>
          <ns3:TrackPointExtension/>
        </extensions>
      </trkpt>
      <trkpt lat="31.4065333642065525054931640625" lon="119.480698741972446441650390625">
        <ele>7</ele>
        <time>2026-05-28T23:02:44.000Z</time>
        <extensions>
          <ns3:TrackPointExtension/>
        </extensions>
      </trkpt>
      <trkpt lat="31.40653512440621852874755859375" lon="119.4806702435016632080078125">
        <ele>7.19999980926513671875</ele>
        <time>2026-05-28T23:02:45.000Z</time>
        <extensions>
          <ns3:TrackPointExtension>
            <ns3:hr>134</ns3:hr>
          </ns3:TrackPointExtension>
        </extensions>
      </trkpt>
      <trkpt lat="31.40653646551072597503662109375" lon="119.4806422479450702667236328125">
        <ele>7.19999980926513671875</ele>
        <time>2026-05-28T23:02:46.000Z</time>
        <extensions>
          <ns3:TrackPointExtension>
            <ns3:hr>134</ns3:hr>
          </ns3:TrackPointExtension>
        </extensions>
      </trkpt>
      <trkpt lat="31.40653814189136028289794921875" lon="119.4806134141981601715087890625">
        <ele>7.400000095367431640625</ele>
        <time>2026-05-28T23:02:47.000Z</time>
        <extensions>
          <ns3:TrackPointExtension>
            <ns3:hr>135</ns3:hr>
          </ns3:TrackPointExtension>
        </extensions>
      </trkpt>
      <trkpt lat="31.40654048882424831390380859375" lon="119.48058382607996463775634765625">
        <ele>7.599999904632568359375</ele>
        <time>2026-05-28T23:02:48.000Z</time>
        <extensions>
          <ns3:TrackPointExtension>
            <ns3:hr>135</ns3:hr>
          </ns3:TrackPointExtension>
        </extensions>
      </trkpt>
      <trkpt lat="31.406544260680675506591796875" lon="119.48055381886661052703857421875">
        <ele>7.599999904632568359375</ele>
        <time>2026-05-28T23:02:49.000Z</time>
        <extensions>
          <ns3:TrackPointExtension/>
        </extensions>
      </trkpt>
      <trkpt lat="31.4065491221845149993896484375" lon="119.48052431456744670867919921875">
        <ele>7.80000019073486328125</ele>
        <time>2026-05-28T23:02:50.000Z</time>
        <extensions>
          <ns3:TrackPointExtension/>
        </extensions>
      </trkpt>
      <trkpt lat="31.4065539836883544921875" lon="119.4804950617253780364990234375">
        <ele>7.80000019073486328125</ele>
        <time>2026-05-28T23:02:51.000Z</time>
        <extensions>
          <ns3:TrackPointExtension/>
        </extensions>
      </trkpt>
      <trkpt lat="31.406557671725749969482421875" lon="119.4804662279784679412841796875">
        <ele>8</ele>
        <time>2026-05-28T23:02:52.000Z</time>
        <extensions>
          <ns3:TrackPointExtension/>
        </extensions>
      </trkpt>
      <trkpt lat="31.40656060539186000823974609375" lon="119.48043764568865299224853515625">
        <ele>8.19999980926513671875</ele>
        <time>2026-05-28T23:02:53.000Z</time>
        <extensions>
          <ns3:TrackPointExtension/>
        </extensions>
      </trkpt>
      <trkpt lat="31.40656345523893833160400390625" lon="119.4804088957607746124267578125">
        <ele>8.19999980926513671875</ele>
        <time>2026-05-28T23:02:54.000Z</time>
        <extensions>
          <ns3:TrackPointExtension>
            <ns3:hr>138</ns3:hr>
          </ns3:TrackPointExtension>
        </extensions>
      </trkpt>
      <trkpt lat="31.4065662212669849395751953125" lon="119.48037922382354736328125">
        <ele>8.3999996185302734375</ele>
        <time>2026-05-28T23:02:55.000Z</time>
        <extensions>
          <ns3:TrackPointExtension>
            <ns3:hr>138</ns3:hr>
          </ns3:TrackPointExtension>
        </extensions>
      </trkpt>
      <trkpt lat="31.40656848438084125518798828125" lon="119.48034812696278095245361328125">
        <ele>8.3999996185302734375</ele>
        <time>2026-05-28T23:02:56.000Z</time>
        <extensions>
          <ns3:TrackPointExtension/>
        </extensions>
      </trkpt>
      <trkpt lat="31.40657007694244384765625" lon="119.4803166948258876800537109375">
        <ele>8.6000003814697265625</ele>
        <time>2026-05-28T23:02:57.000Z</time>
        <extensions>
          <ns3:TrackPointExtension/>
        </extensions>
      </trkpt>
      <trkpt lat="31.40657166950404644012451171875" lon="119.4802861846983432769775390625">
        <ele>8.80000019073486328125</ele>
        <time>2026-05-28T23:02:58.000Z</time>
        <extensions>
          <ns3:TrackPointExtension/>
        </extensions>
      </trkpt>
      <trkpt lat="31.406573094427585601806640625" lon="119.48025827296078205108642578125">
        <ele>8.80000019073486328125</ele>
        <time>2026-05-28T23:02:59.000Z</time>
        <extensions>
          <ns3:TrackPointExtension/>
        </extensions>
      </trkpt>
      <trkpt lat="31.4065742678940296173095703125" lon="119.48023228906095027923583984375">
        <ele>9</ele>
        <time>2026-05-28T23:03:00.000Z</time>
        <extensions>
          <ns3:TrackPointExtension/>
        </extensions>
      </trkpt>
      <trkpt lat="31.406575106084346771240234375" lon="119.48020647279918193817138671875">
        <ele>9</ele>
        <time>2026-05-28T23:03:01.000Z</time>
        <extensions>
          <ns3:TrackPointExtension>
            <ns3:hr>139</ns3:hr>
          </ns3:TrackPointExtension>
        </extensions>
      </trkpt>
      <trkpt lat="31.406576447188854217529296875" lon="119.48017898015677928924560546875">
        <ele>9.19999980926513671875</ele>
        <time>2026-05-28T23:03:02.000Z</time>
        <extensions>
          <ns3:TrackPointExtension>
            <ns3:hr>139</ns3:hr>
          </ns3:TrackPointExtension>
        </extensions>
      </trkpt>
      <trkpt lat="31.4065779559314250946044921875" lon="119.4801493920385837554931640625">
        <ele>9.19999980926513671875</ele>
        <time>2026-05-28T23:03:03.000Z</time>
        <extensions>
          <ns3:TrackPointExtension/>
        </extensions>
      </trkpt>
      <trkpt lat="31.40657921321690082550048828125" lon="119.4801188819110393524169921875">
        <ele>9.3999996185302734375</ele>
        <time>2026-05-28T23:03:04.000Z</time>
        <extensions>
          <ns3:TrackPointExtension/>
        </extensions>
      </trkpt>
      <trkpt lat="31.406580470502376556396484375" lon="119.48008895851671695709228515625">
        <ele>9.3999996185302734375</ele>
        <time>2026-05-28T23:03:05.000Z</time>
        <extensions>
          <ns3:TrackPointExtension/>
        </extensions>
      </trkpt>
      <trkpt lat="31.40658281743526458740234375" lon="119.480060040950775146484375">
        <ele>9.6000003814697265625</ele>
        <time>2026-05-28T23:03:06.000Z</time>
        <extensions>
          <ns3:TrackPointExtension>
            <ns3:hr>141</ns3:hr>
          </ns3:TrackPointExtension>
        </extensions>
      </trkpt>
      <trkpt lat="31.406585834920406341552734375" lon="119.4800310395658016204833984375">
        <ele>9.6000003814697265625</ele>
        <time>2026-05-28T23:03:07.000Z</time>
        <extensions>
          <ns3:TrackPointExtension>
            <ns3:hr>141</ns3:hr>
          </ns3:TrackPointExtension>
        </extensions>
      </trkpt>
      <trkpt lat="31.4065880142152309417724609375" lon="119.4800011999905109405517578125">
        <ele>9.80000019073486328125</ele>
        <time>2026-05-28T23:03:08.000Z</time>
        <extensions>
          <ns3:TrackPointExtension>
            <ns3:hr>142</ns3:hr>
          </ns3:TrackPointExtension>
        </extensions>
      </trkpt>
      <trkpt lat="31.4065893553197383880615234375" lon="119.4799706898629665374755859375">
        <ele>9.80000019073486328125</ele>
        <time>2026-05-28T23:03:09.000Z</time>
        <extensions>
          <ns3:TrackPointExtension>
            <ns3:hr>142</ns3:hr>
          </ns3:TrackPointExtension>
        </extensions>
      </trkpt>
      <trkpt lat="31.40659086406230926513671875" lon="119.47994009591639041900634765625">
        <ele>9.80000019073486328125</ele>
        <time>2026-05-28T23:03:10.000Z</time>
        <extensions>
          <ns3:TrackPointExtension/>
        </extensions>
      </trkpt>
      <trkpt lat="31.4065928757190704345703125" lon="119.4799096696078777313232421875">
        <ele>9.6000003814697265625</ele>
        <time>2026-05-28T23:03:11.000Z</time>
        <extensions>
          <ns3:TrackPointExtension/>
        </extensions>
      </trkpt>
      <trkpt lat="31.40659480355679988861083984375" lon="119.479880668222904205322265625">
        <ele>9.6000003814697265625</ele>
        <time>2026-05-28T23:03:12.000Z</time>
        <extensions>
          <ns3:TrackPointExtension/>
        </extensions>
      </trkpt>
      <trkpt lat="31.40659622848033905029296875" lon="119.479853175580501556396484375">
        <ele>9.3999996185302734375</ele>
        <time>2026-05-28T23:03:13.000Z</time>
        <extensions>
          <ns3:TrackPointExtension/>
        </extensions>
      </trkpt>
      <trkpt lat="31.40659681521356105804443359375" lon="119.4798265211284160614013671875">
        <ele>9.3999996185302734375</ele>
        <time>2026-05-28T23:03:14.000Z</time>
        <extensions>
          <ns3:TrackPointExtension/>
        </extensions>
      </trkpt>
      <trkpt lat="31.4065977372229099273681640625" lon="119.47979986667633056640625">
        <ele>9.19999980926513671875</ele>
        <time>2026-05-28T23:03:15.000Z</time>
        <extensions>
          <ns3:TrackPointExtension/>
        </extensions>
      </trkpt>
      <trkpt lat="31.40659983269870281219482421875" lon="119.47977237403392791748046875">
        <ele>9.19999980926513671875</ele>
        <time>2026-05-28T23:03:16.000Z</time>
        <extensions>
          <ns3:TrackPointExtension>
            <ns3:hr>145</ns3:hr>
          </ns3:TrackPointExtension>
        </extensions>
      </trkpt>
      <trkpt lat="31.40660293400287628173828125" lon="119.47974421083927154541015625">
        <ele>9</ele>
        <time>2026-05-28T23:03:17.000Z</time>
        <extensions>
          <ns3:TrackPointExtension>
            <ns3:hr>145</ns3:hr>
          </ns3:TrackPointExtension>
        </extensions>
      </trkpt>
      <trkpt lat="31.40660603530704975128173828125" lon="119.47971596382558345794677734375">
        <ele>9</ele>
        <time>2026-05-28T23:03:18.000Z</time>
        <extensions>
          <ns3:TrackPointExtension>
            <ns3:hr>145</ns3:hr>
          </ns3:TrackPointExtension>
        </extensions>
      </trkpt>
      <trkpt lat="31.4066081307828426361083984375" lon="119.479688890278339385986328125">
        <ele>9</ele>
        <time>2026-05-28T23:03:19.000Z</time>
        <extensions>
          <ns3:TrackPointExtension/>
        </extensions>
      </trkpt>
      <trkpt lat="31.4066098071634769439697265625" lon="119.4796625711023807525634765625">
        <ele>8.80000019073486328125</ele>
        <time>2026-05-28T23:03:20.000Z</time>
        <extensions>
          <ns3:TrackPointExtension/>
        </extensions>
      </trkpt>
      <trkpt lat="31.40661123208701610565185546875" lon="119.47963650338351726531982421875">
        <ele>8.80000019073486328125</ele>
        <time>2026-05-28T23:03:21.000Z</time>
        <extensions>
          <ns3:TrackPointExtension/>
        </extensions>
      </trkpt>
      <trkpt lat="31.4066124893724918365478515625" lon="119.47960984893143177032470703125">
        <ele>8.6000003814697265625</ele>
        <time>2026-05-28T23:03:22.000Z</time>
        <extensions>
          <ns3:TrackPointExtension/>
        </extensions>
      </trkpt>
      <trkpt lat="31.4066138304769992828369140625" lon="119.479582272469997406005859375">
        <ele>8.6000003814697265625</ele>
        <time>2026-05-28T23:03:23.000Z</time>
        <extensions>
          <ns3:TrackPointExtension>
            <ns3:hr>145</ns3:hr>
          </ns3:TrackPointExtension>
        </extensions>
      </trkpt>
      <trkpt lat="31.40661508776247501373291015625" lon="119.4795532710850238800048828125">
        <ele>8.3999996185302734375</ele>
        <time>2026-05-28T23:03:24.000Z</time>
        <extensions>
          <ns3:TrackPointExtension>
            <ns3:hr>145</ns3:hr>
          </ns3:TrackPointExtension>
        </extensions>
      </trkpt>
      <trkpt lat="31.40661559067666530609130859375" lon="119.47952318005263805389404296875">
        <ele>8.3999996185302734375</ele>
        <time>2026-05-28T23:03:25.000Z</time>
        <extensions>
          <ns3:TrackPointExtension/>
        </extensions>
      </trkpt>
      <trkpt lat="31.40661559067666530609130859375" lon="119.47949233464896678924560546875">
        <ele>8.19999980926513671875</ele>
        <time>2026-05-28T23:03:26.000Z</time>
        <extensions>
          <ns3:TrackPointExtension/>
        </extensions>
      </trkpt>
      <trkpt lat="31.40661559067666530609130859375" lon="119.479460902512073516845703125">
        <ele>8</ele>
        <time>2026-05-28T23:03:27.000Z</time>
        <extensions>
          <ns3:TrackPointExtension>
            <ns3:hr>145</ns3:hr>
          </ns3:TrackPointExtension>
        </extensions>
      </trkpt>
      <trkpt lat="31.40661659650504589080810546875" lon="119.4794292189180850982666015625">
        <ele>8</ele>
        <time>2026-05-28T23:03:28.000Z</time>
        <extensions>
          <ns3:TrackPointExtension>
            <ns3:hr>145</ns3:hr>
          </ns3:TrackPointExtension>
        </extensions>
      </trkpt>
      <trkpt lat="31.4066191948950290679931640625" lon="119.479397200047969818115234375">
        <ele>8.19999980926513671875</ele>
        <time>2026-05-28T23:03:29.000Z</time>
        <extensions>
          <ns3:TrackPointExtension/>
        </extensions>
      </trkpt>
      <trkpt lat="31.40662279911339282989501953125" lon="119.4793658517301082611083984375">
        <ele>8.19999980926513671875</ele>
        <time>2026-05-28T23:03:30.000Z</time>
        <extensions>
          <ns3:TrackPointExtension/>
        </extensions>
      </trkpt>
      <trkpt lat="31.40662564896047115325927734375" lon="119.47933592833578586578369140625">
        <ele>8.3999996185302734375</ele>
        <time>2026-05-28T23:03:31.000Z</time>
        <extensions>
          <ns3:TrackPointExtension/>
        </extensions>
      </trkpt>
      <trkpt lat="31.40662707388401031494140625" lon="119.47930709458887577056884765625">
        <ele>8.3999996185302734375</ele>
        <time>2026-05-28T23:03:32.000Z</time>
        <extensions>
          <ns3:TrackPointExtension/>
        </extensions>
      </trkpt>
      <trkpt lat="31.40662841498851776123046875" lon="119.47927859611809253692626953125">
        <ele>8.6000003814697265625</ele>
        <time>2026-05-28T23:03:33.000Z</time>
        <extensions>
          <ns3:TrackPointExtension/>
        </extensions>
      </trkpt>
      <trkpt lat="31.4066302590072154998779296875" lon="119.479250349104404449462890625">
        <ele>8.6000003814697265625</ele>
        <time>2026-05-28T23:03:34.000Z</time>
        <extensions>
          <ns3:TrackPointExtension/>
        </extensions>
      </trkpt>
      <trkpt lat="31.4066326059401035308837890625" lon="119.4792216829955577850341796875">
        <ele>8.80000019073486328125</ele>
        <time>2026-05-28T23:03:35.000Z</time>
        <extensions>
          <ns3:TrackPointExtension/>
        </extensions>
      </trkpt>
      <trkpt lat="31.40663419850170612335205078125" lon="119.479193352162837982177734375">
        <ele>8.80000019073486328125</ele>
        <time>2026-05-28T23:03:36.000Z</time>
        <extensions>
          <ns3:TrackPointExtension>
            <ns3:hr>148</ns3:hr>
          </ns3:TrackPointExtension>
        </extensions>
      </trkpt>
      <trkpt lat="31.40663486905395984649658203125" lon="119.4791655242443084716796875">
        <ele>9</ele>
        <time>2026-05-28T23:03:37.000Z</time>
        <extensions>
          <ns3:TrackPointExtension>
            <ns3:hr>148</ns3:hr>
          </ns3:TrackPointExtension>
        </extensions>
      </trkpt>
      <trkpt lat="31.40663587488234043121337890625" lon="119.4791375286877155303955078125">
        <ele>9</ele>
        <time>2026-05-28T23:03:38.000Z</time>
        <extensions>
          <ns3:TrackPointExtension/>
        </extensions>
      </trkpt>
      <trkpt lat="31.4066384732723236083984375" lon="119.47910928167402744293212890625">
        <ele>9.19999980926513671875</ele>
        <time>2026-05-28T23:03:39.000Z</time>
        <extensions>
          <ns3:TrackPointExtension/>
        </extensions>
      </trkpt>
      <trkpt lat="31.406642831861972808837890625" lon="119.4790815375745296478271484375">
        <ele>9.19999980926513671875</ele>
        <time>2026-05-28T23:03:40.000Z</time>
        <extensions>
          <ns3:TrackPointExtension/>
        </extensions>
      </trkpt>
      <trkpt lat="31.4066483639180660247802734375" lon="119.4790547154843807220458984375">
        <ele>9.3999996185302734375</ele>
        <time>2026-05-28T23:03:41.000Z</time>
        <extensions>
          <ns3:TrackPointExtension>
            <ns3:hr>147</ns3:hr>
          </ns3:TrackPointExtension>
        </extensions>
      </trkpt>
      <trkpt lat="31.40665389597415924072265625" lon="119.47902831248939037322998046875">
        <ele>9.3999996185302734375</ele>
        <time>2026-05-28T23:03:42.000Z</time>
        <extensions>
          <ns3:TrackPointExtension>
            <ns3:hr>147</ns3:hr>
          </ns3:TrackPointExtension>
        </extensions>
      </trkpt>
      <trkpt lat="31.4066587574779987335205078125" lon="119.47900115512311458587646484375">
        <ele>9.6000003814697265625</ele>
        <time>2026-05-28T23:03:43.000Z</time>
        <extensions>
          <ns3:TrackPointExtension>
            <ns3:hr>148</ns3:hr>
          </ns3:TrackPointExtension>
        </extensions>
      </trkpt>
      <trkpt lat="31.40666269697248935699462890625" lon="119.47897315956652164459228515625">
        <ele>9.6000003814697265625</ele>
        <time>2026-05-28T23:03:44.000Z</time>
        <extensions>
          <ns3:TrackPointExtension>
            <ns3:hr>148</ns3:hr>
          </ns3:TrackPointExtension>
        </extensions>
      </trkpt>
      <trkpt lat="31.40666521154344081878662109375" lon="119.47894499637186527252197265625">
        <ele>9.6000003814697265625</ele>
        <time>2026-05-28T23:03:45.000Z</time>
        <extensions>
          <ns3:TrackPointExtension/>
        </extensions>
      </trkpt>
      <trkpt lat="31.40666672028601169586181640625" lon="119.47891616262495517730712890625">
        <ele>9.80000019073486328125</ele>
        <time>2026-05-28T23:03:46.000Z</time>
        <extensions>
          <ns3:TrackPointExtension/>
        </extensions>
      </trkpt>
      <trkpt lat="31.40666806139051914215087890625" lon="119.47888783179223537445068359375">
        <ele>9.80000019073486328125</ele>
        <time>2026-05-28T23:03:47.000Z</time>
        <extensions>
          <ns3:TrackPointExtension/>
        </extensions>
      </trkpt>
      <trkpt lat="31.406670324504375457763671875" lon="119.47886000387370586395263671875">
        <ele>9.80000019073486328125</ele>
        <time>2026-05-28T23:03:48.000Z</time>
        <extensions>
          <ns3:TrackPointExtension/>
        </extensions>
      </trkpt>
      <trkpt lat="31.40667342580854892730712890625" lon="119.47883184067904949188232421875">
        <ele>9.80000019073486328125</ele>
        <time>2026-05-28T23:03:49.000Z</time>
        <extensions>
          <ns3:TrackPointExtension>
            <ns3:hr>148</ns3:hr>
          </ns3:TrackPointExtension>
        </extensions>
      </trkpt>
      <trkpt lat="31.406677030026912689208984375" lon="119.47880300693213939666748046875">
        <ele>9.80000019073486328125</ele>
        <time>2026-05-28T23:03:50.000Z</time>
        <extensions>
          <ns3:TrackPointExtension>
            <ns3:hr>148</ns3:hr>
          </ns3:TrackPointExtension>
        </extensions>
      </trkpt>
      <trkpt lat="31.40668080188333988189697265625" lon="119.478773586452007293701171875">
        <ele>9.80000019073486328125</ele>
        <time>2026-05-28T23:03:51.000Z</time>
        <extensions>
          <ns3:TrackPointExtension/>
        </extensions>
      </trkpt>
      <trkpt lat="31.40668474137783050537109375" lon="119.4787439145147800445556640625">
        <ele>9.6000003814697265625</ele>
        <time>2026-05-28T23:03:52.000Z</time>
        <extensions>
          <ns3:TrackPointExtension/>
        </extensions>
      </trkpt>
      <trkpt lat="31.40668884851038455963134765625" lon="119.47871466167271137237548828125">
        <ele>9.6000003814697265625</ele>
        <time>2026-05-28T23:03:53.000Z</time>
        <extensions>
          <ns3:TrackPointExtension>
            <ns3:hr>147</ns3:hr>
          </ns3:TrackPointExtension>
        </extensions>
      </trkpt>
      <trkpt lat="31.40669270418584346771240234375" lon="119.47868566028773784637451171875">
        <ele>9.6000003814697265625</ele>
        <time>2026-05-28T23:03:54.000Z</time>
        <extensions>
          <ns3:TrackPointExtension>
            <ns3:hr>147</ns3:hr>
          </ns3:TrackPointExtension>
        </extensions>
      </trkpt>
      <trkpt lat="31.40669572167098522186279296875" lon="119.478656910359859466552734375">
        <ele>9.6000003814697265625</ele>
        <time>2026-05-28T23:03:55.000Z</time>
        <extensions>
          <ns3:TrackPointExtension/>
        </extensions>
      </trkpt>
      <trkpt lat="31.4066973142325878143310546875" lon="119.4786279089748859405517578125">
        <ele>9.3999996185302734375</ele>
        <time>2026-05-28T23:03:56.000Z</time>
        <extensions>
          <ns3:TrackPointExtension/>
        </extensions>
      </trkpt>
      <trkpt lat="31.4066979847848415374755859375" lon="119.47859798558056354522705078125">
        <ele>9.3999996185302734375</ele>
        <time>2026-05-28T23:03:57.000Z</time>
        <extensions>
          <ns3:TrackPointExtension>
            <ns3:hr>145</ns3:hr>
          </ns3:TrackPointExtension>
        </extensions>
      </trkpt>
      <trkpt lat="31.40669840388000011444091796875" lon="119.4785678945481777191162109375">
        <ele>9.19999980926513671875</ele>
        <time>2026-05-28T23:03:58.000Z</time>
        <extensions>
          <ns3:TrackPointExtension>
            <ns3:hr>145</ns3:hr>
          </ns3:TrackPointExtension>
        </extensions>
      </trkpt>
      <trkpt lat="31.4066989906132221221923828125" lon="119.4785373844206333160400390625">
        <ele>9.19999980926513671875</ele>
        <time>2026-05-28T23:03:59.000Z</time>
        <extensions>
          <ns3:TrackPointExtension/>
        </extensions>
      </trkpt>
      <trkpt lat="31.4066993258893489837646484375" lon="119.4785075448453426361083984375">
        <ele>9</ele>
        <time>2026-05-28T23:04:00.000Z</time>
        <extensions>
          <ns3:TrackPointExtension/>
        </extensions>
      </trkpt>
      <trkpt lat="31.4066996611654758453369140625" lon="119.47847879491746425628662109375">
        <ele>9</ele>
        <time>2026-05-28T23:04:01.000Z</time>
        <extensions>
          <ns3:TrackPointExtension/>
        </extensions>
      </trkpt>
      <trkpt lat="31.40670058317482471466064453125" lon="119.47845113463699817657470703125">
        <ele>8.80000019073486328125</ele>
        <time>2026-05-28T23:04:02.000Z</time>
        <extensions>
          <ns3:TrackPointExtension>
            <ns3:hr>144</ns3:hr>
          </ns3:TrackPointExtension>
        </extensions>
      </trkpt>
      <trkpt lat="31.4067026786506175994873046875" lon="119.4784237258136272430419921875">
        <ele>8.6000003814697265625</ele>
        <time>2026-05-28T23:04:03.000Z</time>
        <extensions>
          <ns3:TrackPointExtension>
            <ns3:hr>144</ns3:hr>
          </ns3:TrackPointExtension>
        </extensions>
      </trkpt>
      <trkpt lat="31.4067050255835056304931640625" lon="119.47839564643800258636474609375">
        <ele>8.6000003814697265625</ele>
        <time>2026-05-28T23:04:04.000Z</time>
        <extensions>
          <ns3:TrackPointExtension/>
        </extensions>
      </trkpt>
      <trkpt lat="31.40670661814510822296142578125" lon="119.47836731560528278350830078125">
        <ele>8.6000003814697265625</ele>
        <time>2026-05-28T23:04:05.000Z</time>
        <extensions>
          <ns3:TrackPointExtension/>
        </extensions>
      </trkpt>
      <trkpt lat="31.4067073725163936614990234375" lon="119.478339068591594696044921875">
        <ele>8.6000003814697265625</ele>
        <time>2026-05-28T23:04:06.000Z</time>
        <extensions>
          <ns3:TrackPointExtension/>
        </extensions>
      </trkpt>
      <trkpt lat="31.4067087136209011077880859375" lon="119.47831098921597003936767578125">
        <ele>8.6000003814697265625</ele>
        <time>2026-05-28T23:04:07.000Z</time>
        <extensions>
          <ns3:TrackPointExtension/>
        </extensions>
      </trkpt>
      <trkpt lat="31.40671131201088428497314453125" lon="119.47828316129744052886962890625">
        <ele>8.3999996185302734375</ele>
        <time>2026-05-28T23:04:08.000Z</time>
        <extensions>
          <ns3:TrackPointExtension/>
        </extensions>
      </trkpt>
      <trkpt lat="31.40671424567699432373046875" lon="119.4782562553882598876953125">
        <ele>8.3999996185302734375</ele>
        <time>2026-05-28T23:04:09.000Z</time>
        <extensions>
          <ns3:TrackPointExtension/>
        </extensions>
      </trkpt>
      <trkpt lat="31.4067170955240726470947265625" lon="119.4782296009361743927001953125">
        <ele>8.3999996185302734375</ele>
        <time>2026-05-28T23:04:10.000Z</time>
        <extensions>
          <ns3:TrackPointExtension/>
        </extensions>
      </trkpt>
      <trkpt lat="31.40671986155211925506591796875" lon="119.4782031141221523284912109375">
        <ele>8.3999996185302734375</ele>
        <time>2026-05-28T23:04:11.000Z</time>
        <extensions>
          <ns3:TrackPointExtension>
            <ns3:hr>145</ns3:hr>
          </ns3:TrackPointExtension>
        </extensions>
      </trkpt>
      <trkpt lat="31.4067231304943561553955078125" lon="119.47817570529878139495849609375">
        <ele>8.3999996185302734375</ele>
        <time>2026-05-28T23:04:12.000Z</time>
        <extensions>
          <ns3:TrackPointExtension>
            <ns3:hr>145</ns3:hr>
          </ns3:TrackPointExtension>
        </extensions>
      </trkpt>
      <trkpt lat="31.40672673471271991729736328125" lon="119.4781471230089664459228515625">
        <ele>8.3999996185302734375</ele>
        <time>2026-05-28T23:04:13.000Z</time>
        <extensions>
          <ns3:TrackPointExtension/>
        </extensions>
      </trkpt>
      <trkpt lat="31.40673033893108367919921875" lon="119.4781176187098026275634765625">
        <ele>8.3999996185302734375</ele>
        <time>2026-05-28T23:04:14.000Z</time>
        <extensions>
          <ns3:TrackPointExtension>
            <ns3:hr>146</ns3:hr>
          </ns3:TrackPointExtension>
        </extensions>
      </trkpt>
      <trkpt lat="31.4067335240542888641357421875" lon="119.478088282048702239990234375">
        <ele>8.6000003814697265625</ele>
        <time>2026-05-28T23:04:15.000Z</time>
        <extensions>
          <ns3:TrackPointExtension>
            <ns3:hr>146</ns3:hr>
          </ns3:TrackPointExtension>
        </extensions>
      </trkpt>
      <trkpt lat="31.40673578716814517974853515625" lon="119.47805986739695072174072265625">
        <ele>8.6000003814697265625</ele>
        <time>2026-05-28T23:04:16.000Z</time>
        <extensions>
          <ns3:TrackPointExtension/>
        </extensions>
      </trkpt>
      <trkpt lat="31.4067368768155574798583984375" lon="119.478031285107135772705078125">
        <ele>8.6000003814697265625</ele>
        <time>2026-05-28T23:04:17.000Z</time>
        <extensions>
          <ns3:TrackPointExtension>
            <ns3:hr>147</ns3:hr>
          </ns3:TrackPointExtension>
        </extensions>
      </trkpt>
      <trkpt lat="31.4067372120916843414306640625" lon="119.47800152935087680816650390625">
        <ele>8.6000003814697265625</ele>
        <time>2026-05-28T23:04:18.000Z</time>
        <extensions>
          <ns3:TrackPointExtension>
            <ns3:hr>147</ns3:hr>
          </ns3:TrackPointExtension>
        </extensions>
      </trkpt>
      <trkpt lat="31.4067377150058746337890625" lon="119.4779714383184909820556640625">
        <ele>8.6000003814697265625</ele>
        <time>2026-05-28T23:04:19.000Z</time>
        <extensions>
          <ns3:TrackPointExtension/>
        </extensions>
      </trkpt>
      <trkpt lat="31.40673930756747722625732421875" lon="119.47794252075254917144775390625">
        <ele>8.6000003814697265625</ele>
        <time>2026-05-28T23:04:20.000Z</time>
        <extensions>
          <ns3:TrackPointExtension/>
        </extensions>
      </trkpt>
      <trkpt lat="31.4067422412335872650146484375" lon="119.47791486047208309173583984375">
        <ele>8.6000003814697265625</ele>
        <time>2026-05-28T23:04:21.000Z</time>
        <extensions>
          <ns3:TrackPointExtension/>
        </extensions>
      </trkpt>
      <trkpt lat="31.40674643218517303466796875" lon="119.47788703255355358123779296875">
        <ele>8.6000003814697265625</ele>
        <time>2026-05-28T23:04:22.000Z</time>
        <extensions>
          <ns3:TrackPointExtension/>
        </extensions>
      </trkpt>
      <trkpt lat="31.406751461327075958251953125" lon="119.477857612073421478271484375">
        <ele>8.6000003814697265625</ele>
        <time>2026-05-28T23:04:23.000Z</time>
        <extensions>
          <ns3:TrackPointExtension/>
        </extensions>
      </trkpt>
      <trkpt lat="31.4067566581070423126220703125" lon="119.47782685048878192901611328125">
        <ele>8.6000003814697265625</ele>
        <time>2026-05-28T23:04:24.000Z</time>
        <extensions>
          <ns3:TrackPointExtension/>
        </extensions>
      </trkpt>
      <trkpt lat="31.4067616872489452362060546875" lon="119.47779416106641292572021484375">
        <ele>8.6000003814697265625</ele>
        <time>2026-05-28T23:04:25.000Z</time>
        <extensions>
          <ns3:TrackPointExtension/>
        </extensions>
      </trkpt>
      <trkpt lat="31.40676612965762615203857421875" lon="119.4777605496346950531005859375">
        <ele>8.6000003814697265625</ele>
        <time>2026-05-28T23:04:26.000Z</time>
        <extensions>
          <ns3:TrackPointExtension>
            <ns3:hr>145</ns3:hr>
          </ns3:TrackPointExtension>
        </extensions>
      </trkpt>
      <trkpt lat="31.4067699015140533447265625" lon="119.4777270220220088958740234375">
        <ele>8.3999996185302734375</ele>
        <time>2026-05-28T23:04:27.000Z</time>
        <extensions>
          <ns3:TrackPointExtension>
            <ns3:hr>145</ns3:hr>
          </ns3:TrackPointExtension>
        </extensions>
      </trkpt>
      <trkpt lat="31.4067725837230682373046875" lon="119.47769458405673503875732421875">
        <ele>8.19999980926513671875</ele>
        <time>2026-05-28T23:04:28.000Z</time>
        <extensions>
          <ns3:TrackPointExtension>
            <ns3:hr>144</ns3:hr>
          </ns3:TrackPointExtension>
        </extensions>
      </trkpt>
      <trkpt lat="31.40677467919886112213134765625" lon="119.47766290046274662017822265625">
        <ele>8.19999980926513671875</ele>
        <time>2026-05-28T23:04:29.000Z</time>
        <extensions>
          <ns3:TrackPointExtension>
            <ns3:hr>144</ns3:hr>
          </ns3:TrackPointExtension>
        </extensions>
      </trkpt>
      <trkpt lat="31.406776942312717437744140625" lon="119.477631635963916778564453125">
        <ele>8</ele>
        <time>2026-05-28T23:04:30.000Z</time>
        <extensions>
          <ns3:TrackPointExtension/>
        </extensions>
      </trkpt>
      <trkpt lat="31.4067797921597957611083984375" lon="119.477600790560245513916015625">
        <ele>7.80000019073486328125</ele>
        <time>2026-05-28T23:04:31.000Z</time>
        <extensions>
          <ns3:TrackPointExtension/>
        </extensions>
      </trkpt>
      <trkpt lat="31.4067824743688106536865234375" lon="119.4775711186230182647705078125">
        <ele>7.80000019073486328125</ele>
        <time>2026-05-28T23:04:32.000Z</time>
        <extensions>
          <ns3:TrackPointExtension/>
        </extensions>
      </trkpt>
      <trkpt lat="31.40678423456847667694091796875" lon="119.4775419495999813079833984375">
        <ele>7.599999904632568359375</ele>
        <time>2026-05-28T23:04:33.000Z</time>
        <extensions>
          <ns3:TrackPointExtension/>
        </extensions>
      </trkpt>
      <trkpt lat="31.4067848213016986846923828125" lon="119.47751219384372234344482421875">
        <ele>7.599999904632568359375</ele>
        <time>2026-05-28T23:04:34.000Z</time>
        <extensions>
          <ns3:TrackPointExtension/>
        </extensions>
      </trkpt>
      <trkpt lat="31.4067848213016986846923828125" lon="119.47748243808746337890625">
        <ele>7.400000095367431640625</ele>
        <time>2026-05-28T23:04:35.000Z</time>
        <extensions>
          <ns3:TrackPointExtension/>
        </extensions>
      </trkpt>
      <trkpt lat="31.406785659492015838623046875" lon="119.47745335288345813751220703125">
        <ele>7.400000095367431640625</ele>
        <time>2026-05-28T23:04:36.000Z</time>
        <extensions>
          <ns3:TrackPointExtension>
            <ns3:hr>145</ns3:hr>
          </ns3:TrackPointExtension>
        </extensions>
      </trkpt>
      <trkpt lat="31.40678741969168186187744140625" lon="119.47742518968880176544189453125">
        <ele>7.400000095367431640625</ele>
        <time>2026-05-28T23:04:37.000Z</time>
        <extensions>
          <ns3:TrackPointExtension>
            <ns3:hr>145</ns3:hr>
          </ns3:TrackPointExtension>
        </extensions>
      </trkpt>
      <trkpt lat="31.40678959898650646209716796875" lon="119.4773974455893039703369140625">
        <ele>7.400000095367431640625</ele>
        <time>2026-05-28T23:04:38.000Z</time>
        <extensions>
          <ns3:TrackPointExtension>
            <ns3:hr>145</ns3:hr>
          </ns3:TrackPointExtension>
        </extensions>
      </trkpt>
      <trkpt lat="31.40679228119552135467529296875" lon="119.47736911475658416748046875">
        <ele>7.400000095367431640625</ele>
        <time>2026-05-28T23:04:39.000Z</time>
        <extensions>
          <ns3:TrackPointExtension>
            <ns3:hr>145</ns3:hr>
          </ns3:TrackPointExtension>
        </extensions>
      </trkpt>
      <trkpt lat="31.40679538249969482421875" lon="119.4773389399051666259765625">
        <ele>7.400000095367431640625</ele>
        <time>2026-05-28T23:04:40.000Z</time>
        <extensions>
          <ns3:TrackPointExtension/>
        </extensions>
      </trkpt>
      <trkpt lat="31.40679798088967800140380859375" lon="119.47730876505374908447265625">
        <ele>7.400000095367431640625</ele>
        <time>2026-05-28T23:04:41.000Z</time>
        <extensions>
          <ns3:TrackPointExtension/>
        </extensions>
      </trkpt>
      <trkpt lat="31.40680032782256603240966796875" lon="119.4772811047732830047607421875">
        <ele>7.400000095367431640625</ele>
        <time>2026-05-28T23:04:42.000Z</time>
        <extensions>
          <ns3:TrackPointExtension/>
        </extensions>
      </trkpt>
      <trkpt lat="31.40680275857448577880859375" lon="119.47725570760667324066162109375">
        <ele>7.400000095367431640625</ele>
        <time>2026-05-28T23:04:43.000Z</time>
        <extensions>
          <ns3:TrackPointExtension/>
        </extensions>
      </trkpt>
      <trkpt lat="31.4068047702312469482421875" lon="119.477231316268444061279296875">
        <ele>7.400000095367431640625</ele>
        <time>2026-05-28T23:04:44.000Z</time>
        <extensions>
          <ns3:TrackPointExtension/>
        </extensions>
      </trkpt>
      <trkpt lat="31.406806446611881256103515625" lon="119.47720608673989772796630859375">
        <ele>7.400000095367431640625</ele>
        <time>2026-05-28T23:04:45.000Z</time>
        <extensions>
          <ns3:TrackPointExtension>
            <ns3:hr>148</ns3:hr>
          </ns3:TrackPointExtension>
        </extensions>
      </trkpt>
      <trkpt lat="31.40680854208767414093017578125" lon="119.4771791808307170867919921875">
        <ele>7.599999904632568359375</ele>
        <time>2026-05-28T23:04:46.000Z</time>
        <extensions>
          <ns3:TrackPointExtension>
            <ns3:hr>148</ns3:hr>
          </ns3:TrackPointExtension>
        </extensions>
      </trkpt>
      <trkpt lat="31.40681155957281589508056640625" lon="119.47714992798864841461181640625">
        <ele>7.599999904632568359375</ele>
        <time>2026-05-28T23:04:47.000Z</time>
        <extensions>
          <ns3:TrackPointExtension/>
        </extensions>
      </trkpt>
      <trkpt lat="31.4068146608769893646240234375" lon="119.47711941786110401153564453125">
        <ele>7.80000019073486328125</ele>
        <time>2026-05-28T23:04:48.000Z</time>
        <extensions>
          <ns3:TrackPointExtension/>
        </extensions>
      </trkpt>
      <trkpt lat="31.4068163372576236724853515625" lon="119.4770894944667816162109375">
        <ele>7.80000019073486328125</ele>
        <time>2026-05-28T23:04:49.000Z</time>
        <extensions>
          <ns3:TrackPointExtension/>
        </extensions>
      </trkpt>
      <trkpt lat="31.406815834343433380126953125" lon="119.47706091217696666717529296875">
        <ele>8</ele>
        <time>2026-05-28T23:04:50.000Z</time>
        <extensions>
          <ns3:TrackPointExtension/>
        </extensions>
      </trkpt>
      <trkpt lat="31.40681457705795764923095703125" lon="119.47703224606812000274658203125">
        <ele>8</ele>
        <time>2026-05-28T23:04:51.000Z</time>
        <extensions>
          <ns3:TrackPointExtension>
            <ns3:hr>149</ns3:hr>
          </ns3:TrackPointExtension>
        </extensions>
      </trkpt>
      <trkpt lat="31.406814157962799072265625" lon="119.47700240649282932281494140625">
        <ele>8.19999980926513671875</ele>
        <time>2026-05-28T23:04:52.000Z</time>
        <extensions>
          <ns3:TrackPointExtension>
            <ns3:hr>149</ns3:hr>
          </ns3:TrackPointExtension>
        </extensions>
      </trkpt>
      <trkpt lat="31.4068146608769893646240234375" lon="119.47697156108915805816650390625">
        <ele>8.19999980926513671875</ele>
        <time>2026-05-28T23:04:53.000Z</time>
        <extensions>
          <ns3:TrackPointExtension>
            <ns3:hr>148</ns3:hr>
          </ns3:TrackPointExtension>
        </extensions>
      </trkpt>
      <trkpt lat="31.4068154990673065185546875" lon="119.47694054804742336273193359375">
        <ele>8.3999996185302734375</ele>
        <time>2026-05-28T23:04:54.000Z</time>
        <extensions>
          <ns3:TrackPointExtension/>
        </extensions>
      </trkpt>
      <trkpt lat="31.406816504895687103271484375" lon="119.47690970264375209808349609375">
        <ele>8.6000003814697265625</ele>
        <time>2026-05-28T23:04:55.000Z</time>
        <extensions>
          <ns3:TrackPointExtension/>
        </extensions>
      </trkpt>
      <trkpt lat="31.40681876800954341888427734375" lon="119.47687961161136627197265625">
        <ele>8.80000019073486328125</ele>
        <time>2026-05-28T23:04:56.000Z</time>
        <extensions>
          <ns3:TrackPointExtension/>
        </extensions>
      </trkpt>
      <trkpt lat="31.4068220369517803192138671875" lon="119.47685069404542446136474609375">
        <ele>9</ele>
        <time>2026-05-28T23:04:57.000Z</time>
        <extensions>
          <ns3:TrackPointExtension/>
        </extensions>
      </trkpt>
      <trkpt lat="31.4068253897130489349365234375" lon="119.4768226146697998046875">
        <ele>9.19999980926513671875</ele>
        <time>2026-05-28T23:04:58.000Z</time>
        <extensions>
          <ns3:TrackPointExtension/>
        </extensions>
      </trkpt>
      <trkpt lat="31.40682823956012725830078125" lon="119.4767952896654605865478515625">
        <ele>9.6000003814697265625</ele>
        <time>2026-05-28T23:04:59.000Z</time>
        <extensions>
          <ns3:TrackPointExtension>
            <ns3:hr>148</ns3:hr>
          </ns3:TrackPointExtension>
        </extensions>
      </trkpt>
      <trkpt lat="31.406830586493015289306640625" lon="119.47676754556596279144287109375">
        <ele>9.80000019073486328125</ele>
        <time>2026-05-28T23:05:00.000Z</time>
        <extensions>
          <ns3:TrackPointExtension>
            <ns3:hr>148</ns3:hr>
          </ns3:TrackPointExtension>
        </extensions>
      </trkpt>
      <trkpt lat="31.406832598149776458740234375" lon="119.47673871181905269622802734375">
        <ele>10.19999980926513671875</ele>
        <time>2026-05-28T23:05:01.000Z</time>
        <extensions>
          <ns3:TrackPointExtension/>
        </extensions>
      </trkpt>
      <trkpt lat="31.4068347774446010589599609375" lon="119.4767091237008571624755859375">
        <ele>10.3999996185302734375</ele>
        <time>2026-05-28T23:05:02.000Z</time>
        <extensions>
          <ns3:TrackPointExtension/>
        </extensions>
      </trkpt>
      <trkpt lat="31.4068371243774890899658203125" lon="119.476680457592010498046875">
        <ele>10.80000019073486328125</ele>
        <time>2026-05-28T23:05:03.000Z</time>
        <extensions>
          <ns3:TrackPointExtension/>
        </extensions>
      </trkpt>
      <trkpt lat="31.40683955512940883636474609375" lon="119.476653635501861572265625">
        <ele>11</ele>
        <time>2026-05-28T23:05:04.000Z</time>
        <extensions>
          <ns3:TrackPointExtension>
            <ns3:hr>148</ns3:hr>
          </ns3:TrackPointExtension>
        </extensions>
      </trkpt>
      <trkpt lat="31.406841985881328582763671875" lon="119.4766283221542835235595703125">
        <ele>11.19999980926513671875</ele>
        <time>2026-05-28T23:05:05.000Z</time>
        <extensions>
          <ns3:TrackPointExtension>
            <ns3:hr>148</ns3:hr>
          </ns3:TrackPointExtension>
        </extensions>
      </trkpt>
      <trkpt lat="31.40684458427131175994873046875" lon="119.47660334408283233642578125">
        <ele>11.3999996185302734375</ele>
        <time>2026-05-28T23:05:06.000Z</time>
        <extensions>
          <ns3:TrackPointExtension/>
        </extensions>
      </trkpt>
      <trkpt lat="31.4068475179374217987060546875" lon="119.4765776954591274261474609375">
        <ele>11.6000003814697265625</ele>
        <time>2026-05-28T23:05:07.000Z</time>
        <extensions>
          <ns3:TrackPointExtension/>
        </extensions>
      </trkpt>
      <trkpt lat="31.40685045160353183746337890625" lon="119.47655095718801021575927734375">
        <ele>11.6000003814697265625</ele>
        <time>2026-05-28T23:05:08.000Z</time>
        <extensions>
          <ns3:TrackPointExtension/>
        </extensions>
      </trkpt>
      <trkpt lat="31.40685380436480045318603515625" lon="119.47652279399335384368896484375">
        <ele>11.80000019073486328125</ele>
        <time>2026-05-28T23:05:09.000Z</time>
        <extensions>
          <ns3:TrackPointExtension/>
        </extensions>
      </trkpt>
      <trkpt lat="31.40685715712606906890869140625" lon="119.4764948822557926177978515625">
        <ele>11.80000019073486328125</ele>
        <time>2026-05-28T23:05:10.000Z</time>
        <extensions>
          <ns3:TrackPointExtension>
            <ns3:hr>148</ns3:hr>
          </ns3:TrackPointExtension>
        </extensions>
      </trkpt>
      <trkpt lat="31.4068602584302425384521484375" lon="119.4764673896133899688720703125">
        <ele>12</ele>
        <time>2026-05-28T23:05:11.000Z</time>
        <extensions>
          <ns3:TrackPointExtension>
            <ns3:hr>148</ns3:hr>
          </ns3:TrackPointExtension>
        </extensions>
      </trkpt>
      <trkpt lat="31.4068632759153842926025390625" lon="119.47643964551389217376708984375">
        <ele>12</ele>
        <time>2026-05-28T23:05:12.000Z</time>
        <extensions>
          <ns3:TrackPointExtension/>
        </extensions>
      </trkpt>
      <trkpt lat="31.40686620958149433135986328125" lon="119.4764117337763309478759765625">
        <ele>12</ele>
        <time>2026-05-28T23:05:13.000Z</time>
        <extensions>
          <ns3:TrackPointExtension/>
        </extensions>
      </trkpt>
      <trkpt lat="31.4068689756095409393310546875" lon="119.47638340294361114501953125">
        <ele>12.19999980926513671875</ele>
        <time>2026-05-28T23:05:14.000Z</time>
        <extensions>
          <ns3:TrackPointExtension>
            <ns3:hr>147</ns3:hr>
          </ns3:TrackPointExtension>
        </extensions>
      </trkpt>
      <trkpt lat="31.4068719930946826934814453125" lon="119.47635448537766933441162109375">
        <ele>12</ele>
        <time>2026-05-28T23:05:15.000Z</time>
        <extensions>
          <ns3:TrackPointExtension>
            <ns3:hr>147</ns3:hr>
          </ns3:TrackPointExtension>
        </extensions>
      </trkpt>
      <trkpt lat="31.4068756811320781707763671875" lon="119.47632514871656894683837890625">
        <ele>11.80000019073486328125</ele>
        <time>2026-05-28T23:05:16.000Z</time>
        <extensions>
          <ns3:TrackPointExtension/>
        </extensions>
      </trkpt>
      <trkpt lat="31.40687928535044193267822265625" lon="119.476296901702880859375">
        <ele>11.6000003814697265625</ele>
        <time>2026-05-28T23:05:17.000Z</time>
        <extensions>
          <ns3:TrackPointExtension/>
        </extensions>
      </trkpt>
      <trkpt lat="31.40688247047364711761474609375" lon="119.47626949287950992584228515625">
        <ele>11.6000003814697265625</ele>
        <time>2026-05-28T23:05:18.000Z</time>
        <extensions>
          <ns3:TrackPointExtension/>
        </extensions>
      </trkpt>
      <trkpt lat="31.4068850688636302947998046875" lon="119.47624267078936100006103515625">
        <ele>11.3999996185302734375</ele>
        <time>2026-05-28T23:05:19.000Z</time>
        <extensions>
          <ns3:TrackPointExtension>
            <ns3:hr>148</ns3:hr>
          </ns3:TrackPointExtension>
        </extensions>
      </trkpt>
      <trkpt lat="31.4068874157965183258056640625" lon="119.47621668688952922821044921875">
        <ele>11.3999996185302734375</ele>
        <time>2026-05-28T23:05:20.000Z</time>
        <extensions>
          <ns3:TrackPointExtension>
            <ns3:hr>148</ns3:hr>
          </ns3:TrackPointExtension>
        </extensions>
      </trkpt>
      <trkpt lat="31.406889595091342926025390625" lon="119.476190619170665740966796875">
        <ele>11.3999996185302734375</ele>
        <time>2026-05-28T23:05:21.000Z</time>
        <extensions>
          <ns3:TrackPointExtension/>
        </extensions>
      </trkpt>
      <trkpt lat="31.40689127147197723388671875" lon="119.4761636294424533843994140625">
        <ele>11.19999980926513671875</ele>
        <time>2026-05-28T23:05:22.000Z</time>
        <extensions>
          <ns3:TrackPointExtension/>
        </extensions>
      </trkpt>
      <trkpt lat="31.4068924449384212493896484375" lon="119.4761347956955432891845703125">
        <ele>11.19999980926513671875</ele>
        <time>2026-05-28T23:05:23.000Z</time>
        <extensions>
          <ns3:TrackPointExtension/>
        </extensions>
      </trkpt>
      <trkpt lat="31.40689261257648468017578125" lon="119.47610604576766490936279296875">
        <ele>11</ele>
        <time>2026-05-28T23:05:24.000Z</time>
        <extensions>
          <ns3:TrackPointExtension/>
        </extensions>
      </trkpt>
      <trkpt lat="31.406892277300357818603515625" lon="119.476077966392040252685546875">
        <ele>10.80000019073486328125</ele>
        <time>2026-05-28T23:05:25.000Z</time>
        <extensions>
          <ns3:TrackPointExtension/>
        </extensions>
      </trkpt>
      <trkpt lat="31.40689261257648468017578125" lon="119.4760514795780181884765625">
        <ele>10.6000003814697265625</ele>
        <time>2026-05-28T23:05:26.000Z</time>
        <extensions>
          <ns3:TrackPointExtension>
            <ns3:hr>148</ns3:hr>
          </ns3:TrackPointExtension>
        </extensions>
      </trkpt>
      <trkpt lat="31.4068941213190555572509765625" lon="119.47602666914463043212890625">
        <ele>10.3999996185302734375</ele>
        <time>2026-05-28T23:05:27.000Z</time>
        <extensions>
          <ns3:TrackPointExtension>
            <ns3:hr>148</ns3:hr>
          </ns3:TrackPointExtension>
        </extensions>
      </trkpt>
      <trkpt lat="31.40689529478549957275390625" lon="119.4760020263493061065673828125">
        <ele>10.19999980926513671875</ele>
        <time>2026-05-28T23:05:28.000Z</time>
        <extensions>
          <ns3:TrackPointExtension/>
        </extensions>
      </trkpt>
      <trkpt lat="31.406895630061626434326171875" lon="119.4759758748114109039306640625">
        <ele>10</ele>
        <time>2026-05-28T23:05:29.000Z</time>
        <extensions>
          <ns3:TrackPointExtension/>
        </extensions>
      </trkpt>
      <trkpt lat="31.4068961329758167266845703125" lon="119.4759470410645008087158203125">
        <ele>9.80000019073486328125</ele>
        <time>2026-05-28T23:05:30.000Z</time>
        <extensions>
          <ns3:TrackPointExtension/>
        </extensions>
      </trkpt>
      <trkpt lat="31.406898312270641326904296875" lon="119.47591661475598812103271484375">
        <ele>9.6000003814697265625</ele>
        <time>2026-05-28T23:05:31.000Z</time>
        <extensions>
          <ns3:TrackPointExtension>
            <ns3:hr>148</ns3:hr>
          </ns3:TrackPointExtension>
        </extensions>
      </trkpt>
      <trkpt lat="31.40690208412706851959228515625" lon="119.475886188447475433349609375">
        <ele>9.3999996185302734375</ele>
        <time>2026-05-28T23:05:32.000Z</time>
        <extensions>
          <ns3:TrackPointExtension>
            <ns3:hr>148</ns3:hr>
          </ns3:TrackPointExtension>
        </extensions>
      </trkpt>
      <trkpt lat="31.406905688345432281494140625" lon="119.47585626505315303802490234375">
        <ele>9.19999980926513671875</ele>
        <time>2026-05-28T23:05:33.000Z</time>
        <extensions>
          <ns3:TrackPointExtension>
            <ns3:hr>147</ns3:hr>
          </ns3:TrackPointExtension>
        </extensions>
      </trkpt>
      <trkpt lat="31.40690862201154232025146484375" lon="119.47582684457302093505859375">
        <ele>9</ele>
        <time>2026-05-28T23:05:34.000Z</time>
        <extensions>
          <ns3:TrackPointExtension>
            <ns3:hr>147</ns3:hr>
          </ns3:TrackPointExtension>
        </extensions>
      </trkpt>
      <trkpt lat="31.406911052763462066650390625" lon="119.47579842992126941680908203125">
        <ele>8.80000019073486328125</ele>
        <time>2026-05-28T23:05:35.000Z</time>
        <extensions>
          <ns3:TrackPointExtension/>
        </extensions>
      </trkpt>
      <trkpt lat="31.4069128967821598052978515625" lon="119.4757698476314544677734375">
        <ele>8.80000019073486328125</ele>
        <time>2026-05-28T23:05:36.000Z</time>
        <extensions>
          <ns3:TrackPointExtension/>
        </extensions>
      </trkpt>
      <trkpt lat="31.4069139026105403900146484375" lon="119.475739337503910064697265625">
        <ele>8.6000003814697265625</ele>
        <time>2026-05-28T23:05:37.000Z</time>
        <extensions>
          <ns3:TrackPointExtension/>
        </extensions>
      </trkpt>
      <trkpt lat="31.406914405524730682373046875" lon="119.475707150995731353759765625">
        <ele>8.6000003814697265625</ele>
        <time>2026-05-28T23:05:38.000Z</time>
        <extensions>
          <ns3:TrackPointExtension>
            <ns3:hr>146</ns3:hr>
          </ns3:TrackPointExtension>
        </extensions>
      </trkpt>
      <trkpt lat="31.40691407024860382080078125" lon="119.47567471303045749664306640625">
        <ele>8.3999996185302734375</ele>
        <time>2026-05-28T23:05:39.000Z</time>
        <extensions>
          <ns3:TrackPointExtension>
            <ns3:hr>146</ns3:hr>
          </ns3:TrackPointExtension>
        </extensions>
      </trkpt>
      <trkpt lat="31.40691407024860382080078125" lon="119.4756429456174373626708984375">
        <ele>8.3999996185302734375</ele>
        <time>2026-05-28T23:05:40.000Z</time>
        <extensions>
          <ns3:TrackPointExtension/>
        </extensions>
      </trkpt>
      <trkpt lat="31.4069155789911746978759765625" lon="119.4756124354898929595947265625">
        <ele>8.19999980926513671875</ele>
        <time>2026-05-28T23:05:41.000Z</time>
        <extensions>
          <ns3:TrackPointExtension/>
        </extensions>
      </trkpt>
      <trkpt lat="31.40691851265728473663330078125" lon="119.47558351792395114898681640625">
        <ele>8.19999980926513671875</ele>
        <time>2026-05-28T23:05:42.000Z</time>
        <extensions>
          <ns3:TrackPointExtension/>
        </extensions>
      </trkpt>
      <trkpt lat="31.40692169778048992156982421875" lon="119.4755554385483264923095703125">
        <ele>8</ele>
        <time>2026-05-28T23:05:43.000Z</time>
        <extensions>
          <ns3:TrackPointExtension/>
        </extensions>
      </trkpt>
      <trkpt lat="31.406924463808536529541015625" lon="119.4755266048014163970947265625">
        <ele>8</ele>
        <time>2026-05-28T23:05:44.000Z</time>
        <extensions>
          <ns3:TrackPointExtension/>
        </extensions>
      </trkpt>
      <trkpt lat="31.40692672692239284515380859375" lon="119.47549735195934772491455078125">
        <ele>8.19999980926513671875</ele>
        <time>2026-05-28T23:05:45.000Z</time>
        <extensions>
          <ns3:TrackPointExtension/>
        </extensions>
      </trkpt>
      <trkpt lat="31.4069286547601222991943359375" lon="119.47546868585050106048583984375">
        <ele>8.19999980926513671875</ele>
        <time>2026-05-28T23:05:46.000Z</time>
        <extensions>
          <ns3:TrackPointExtension>
            <ns3:hr>144</ns3:hr>
          </ns3:TrackPointExtension>
        </extensions>
      </trkpt>
      <trkpt lat="31.40693125315010547637939453125" lon="119.47543985210359096527099609375">
        <ele>8.3999996185302734375</ele>
        <time>2026-05-28T23:05:47.000Z</time>
        <extensions>
          <ns3:TrackPointExtension>
            <ns3:hr>144</ns3:hr>
          </ns3:TrackPointExtension>
        </extensions>
      </trkpt>
      <trkpt lat="31.40693460591137409210205078125" lon="119.47541135363280773162841796875">
        <ele>8.3999996185302734375</ele>
        <time>2026-05-28T23:05:48.000Z</time>
        <extensions>
          <ns3:TrackPointExtension>
            <ns3:hr>143</ns3:hr>
          </ns3:TrackPointExtension>
        </extensions>
      </trkpt>
      <trkpt lat="31.40693862922489643096923828125" lon="119.47538436390459537506103515625">
        <ele>8.6000003814697265625</ele>
        <time>2026-05-28T23:05:49.000Z</time>
        <extensions>
          <ns3:TrackPointExtension/>
        </extensions>
      </trkpt>
      <trkpt lat="31.4069427363574504852294921875" lon="119.47535921819508075714111328125">
        <ele>8.6000003814697265625</ele>
        <time>2026-05-28T23:05:50.000Z</time>
        <extensions>
          <ns3:TrackPointExtension/>
        </extensions>
      </trkpt>
      <trkpt lat="31.4069467596709728240966796875" lon="119.4753344915807247161865234375">
        <ele>8.6000003814697265625</ele>
        <time>2026-05-28T23:05:51.000Z</time>
        <extensions>
          <ns3:TrackPointExtension/>
        </extensions>
      </trkpt>
      <trkpt lat="31.40695086680352687835693359375" lon="119.47530892677605152130126953125">
        <ele>8.80000019073486328125</ele>
        <time>2026-05-28T23:05:52.000Z</time>
        <extensions>
          <ns3:TrackPointExtension>
            <ns3:hr>143</ns3:hr>
          </ns3:TrackPointExtension>
        </extensions>
      </trkpt>
      <trkpt lat="31.40695539303123950958251953125" lon="119.475282020866870880126953125">
        <ele>8.80000019073486328125</ele>
        <time>2026-05-28T23:05:53.000Z</time>
        <extensions>
          <ns3:TrackPointExtension>
            <ns3:hr>143</ns3:hr>
          </ns3:TrackPointExtension>
        </extensions>
      </trkpt>
      <trkpt lat="31.406960003077983856201171875" lon="119.47525410912930965423583984375">
        <ele>8.80000019073486328125</ele>
        <time>2026-05-28T23:05:54.000Z</time>
        <extensions>
          <ns3:TrackPointExtension/>
        </extensions>
      </trkpt>
      <trkpt lat="31.40696360729634761810302734375" lon="119.4752265326678752899169921875">
        <ele>8.80000019073486328125</ele>
        <time>2026-05-28T23:05:55.000Z</time>
        <extensions>
          <ns3:TrackPointExtension/>
        </extensions>
      </trkpt>
      <trkpt lat="31.4069662056863307952880859375" lon="119.47519845329225063323974609375">
        <ele>8.80000019073486328125</ele>
        <time>2026-05-28T23:05:56.000Z</time>
        <extensions>
          <ns3:TrackPointExtension/>
        </extensions>
      </trkpt>
      <trkpt lat="31.40696763060986995697021484375" lon="119.4751695357263088226318359375">
        <ele>8.80000019073486328125</ele>
        <time>2026-05-28T23:05:57.000Z</time>
        <extensions>
          <ns3:TrackPointExtension/>
        </extensions>
      </trkpt>
      <trkpt lat="31.406968720257282257080078125" lon="119.4751400314271450042724609375">
        <ele>8.80000019073486328125</ele>
        <time>2026-05-28T23:05:58.000Z</time>
        <extensions>
          <ns3:TrackPointExtension/>
        </extensions>
      </trkpt>
      <trkpt lat="31.40697031281888484954833984375" lon="119.47511027567088603973388671875">
        <ele>8.80000019073486328125</ele>
        <time>2026-05-28T23:05:59.000Z</time>
        <extensions>
          <ns3:TrackPointExtension/>
        </extensions>
      </trkpt>
      <trkpt lat="31.40697232447564601898193359375" lon="119.47508110664784908294677734375">
        <ele>8.80000019073486328125</ele>
        <time>2026-05-28T23:06:00.000Z</time>
        <extensions>
          <ns3:TrackPointExtension>
            <ns3:hr>142</ns3:hr>
          </ns3:TrackPointExtension>
        </extensions>
      </trkpt>
      <trkpt lat="31.40697467140853404998779296875" lon="119.47505244053900241851806640625">
        <ele>8.80000019073486328125</ele>
        <time>2026-05-28T23:06:01.000Z</time>
        <extensions>
          <ns3:TrackPointExtension>
            <ns3:hr>142</ns3:hr>
          </ns3:TrackPointExtension>
        </extensions>
      </trkpt>
      <trkpt lat="31.406976766884326934814453125" lon="119.4750241935253143310546875">
        <ele>8.80000019073486328125</ele>
        <time>2026-05-28T23:06:02.000Z</time>
        <extensions>
          <ns3:TrackPointExtension/>
        </extensions>
      </trkpt>
      <trkpt lat="31.40697869472205638885498046875" lon="119.47499644942581653594970703125">
        <ele>8.80000019073486328125</ele>
        <time>2026-05-28T23:06:03.000Z</time>
        <extensions>
          <ns3:TrackPointExtension/>
        </extensions>
      </trkpt>
      <trkpt lat="31.4069802872836589813232421875" lon="119.47496945969760417938232421875">
        <ele>8.6000003814697265625</ele>
        <time>2026-05-28T23:06:04.000Z</time>
        <extensions>
          <ns3:TrackPointExtension/>
        </extensions>
      </trkpt>
      <trkpt lat="31.40698154456913471221923828125" lon="119.47494196705520153045654296875">
        <ele>8.3999996185302734375</ele>
        <time>2026-05-28T23:06:05.000Z</time>
        <extensions>
          <ns3:TrackPointExtension/>
        </extensions>
      </trkpt>
      <trkpt lat="31.40698305331170558929443359375" lon="119.47491355240345001220703125">
        <ele>8.19999980926513671875</ele>
        <time>2026-05-28T23:06:06.000Z</time>
        <extensions>
          <ns3:TrackPointExtension>
            <ns3:hr>142</ns3:hr>
          </ns3:TrackPointExtension>
        </extensions>
      </trkpt>
      <trkpt lat="31.4069853164255619049072265625" lon="119.47488446719944477081298828125">
        <ele>8</ele>
        <time>2026-05-28T23:06:07.000Z</time>
        <extensions>
          <ns3:TrackPointExtension>
            <ns3:hr>142</ns3:hr>
          </ns3:TrackPointExtension>
        </extensions>
      </trkpt>
      <trkpt lat="31.40698783099651336669921875" lon="119.4748557172715663909912109375">
        <ele>7.80000019073486328125</ele>
        <time>2026-05-28T23:06:08.000Z</time>
        <extensions>
          <ns3:TrackPointExtension>
            <ns3:hr>142</ns3:hr>
          </ns3:TrackPointExtension>
        </extensions>
      </trkpt>
      <trkpt lat="31.4069893397390842437744140625" lon="119.47482763789594173431396484375">
        <ele>7.599999904632568359375</ele>
        <time>2026-05-28T23:06:09.000Z</time>
        <extensions>
          <ns3:TrackPointExtension/>
        </extensions>
      </trkpt>
      <trkpt lat="31.40699009411036968231201171875" lon="119.47479897178709506988525390625">
        <ele>7.400000095367431640625</ele>
        <time>2026-05-28T23:06:10.000Z</time>
        <extensions>
          <ns3:TrackPointExtension/>
        </extensions>
      </trkpt>
      <trkpt lat="31.40699026174843311309814453125" lon="119.47476997040212154388427734375">
        <ele>7.19999980926513671875</ele>
        <time>2026-05-28T23:06:11.000Z</time>
        <extensions>
          <ns3:TrackPointExtension/>
        </extensions>
      </trkpt>
      <trkpt lat="31.406991183757781982421875" lon="119.47474046610295772552490234375">
        <ele>7</ele>
        <time>2026-05-28T23:06:12.000Z</time>
        <extensions>
          <ns3:TrackPointExtension>
            <ns3:hr>143</ns3:hr>
          </ns3:TrackPointExtension>
        </extensions>
      </trkpt>
      <trkpt lat="31.40699344687163829803466796875" lon="119.4747102074325084686279296875">
        <ele>7</ele>
        <time>2026-05-28T23:06:13.000Z</time>
        <extensions>
          <ns3:TrackPointExtension>
            <ns3:hr>143</ns3:hr>
          </ns3:TrackPointExtension>
        </extensions>
      </trkpt>
      <trkpt lat="31.4069967158138751983642578125" lon="119.474679864943027496337890625">
        <ele>7</ele>
        <time>2026-05-28T23:06:14.000Z</time>
        <extensions>
          <ns3:TrackPointExtension/>
        </extensions>
      </trkpt>
      <trkpt lat="31.40700065530836582183837890625" lon="119.47465044446289539337158203125">
        <ele>7</ele>
        <time>2026-05-28T23:06:15.000Z</time>
        <extensions>
          <ns3:TrackPointExtension/>
        </extensions>
      </trkpt>
      <trkpt lat="31.4070047624409198760986328125" lon="119.47462211363017559051513671875">
        <ele>7</ele>
        <time>2026-05-28T23:06:16.000Z</time>
        <extensions>
          <ns3:TrackPointExtension/>
        </extensions>
      </trkpt>
      <trkpt lat="31.40700803138315677642822265625" lon="119.47459478862583637237548828125">
        <ele>7</ele>
        <time>2026-05-28T23:06:17.000Z</time>
        <extensions>
          <ns3:TrackPointExtension/>
        </extensions>
      </trkpt>
      <trkpt lat="31.4070101268589496612548828125" lon="119.47456830181181430816650390625">
        <ele>7</ele>
        <time>2026-05-28T23:06:18.000Z</time>
        <extensions>
          <ns3:TrackPointExtension/>
        </extensions>
      </trkpt>
      <trkpt lat="31.40701121650636196136474609375" lon="119.47454064153134822845458984375">
        <ele>7</ele>
        <time>2026-05-28T23:06:19.000Z</time>
        <extensions>
          <ns3:TrackPointExtension/>
        </extensions>
      </trkpt>
      <trkpt lat="31.40701222233474254608154296875" lon="119.47451130487024784088134765625">
        <ele>7</ele>
        <time>2026-05-28T23:06:20.000Z</time>
        <extensions>
          <ns3:TrackPointExtension>
            <ns3:hr>144</ns3:hr>
          </ns3:TrackPointExtension>
        </extensions>
      </trkpt>
      <trkpt lat="31.407014317810535430908203125" lon="119.47448180057108402252197265625">
        <ele>7.19999980926513671875</ele>
        <time>2026-05-28T23:06:21.000Z</time>
        <extensions>
          <ns3:TrackPointExtension>
            <ns3:hr>144</ns3:hr>
          </ns3:TrackPointExtension>
        </extensions>
      </trkpt>
      <trkpt lat="31.407017670571804046630859375" lon="119.4744527153670787811279296875">
        <ele>7.400000095367431640625</ele>
        <time>2026-05-28T23:06:22.000Z</time>
        <extensions>
          <ns3:TrackPointExtension>
            <ns3:hr>145</ns3:hr>
          </ns3:TrackPointExtension>
        </extensions>
      </trkpt>
      <trkpt lat="31.4070218615233898162841796875" lon="119.4744235463440418243408203125">
        <ele>7.400000095367431640625</ele>
        <time>2026-05-28T23:06:23.000Z</time>
        <extensions>
          <ns3:TrackPointExtension>
            <ns3:hr>145</ns3:hr>
          </ns3:TrackPointExtension>
        </extensions>
      </trkpt>
      <trkpt lat="31.4070255495607852935791015625" lon="119.47439462877810001373291015625">
        <ele>7.599999904632568359375</ele>
        <time>2026-05-28T23:06:24.000Z</time>
        <extensions>
          <ns3:TrackPointExtension/>
        </extensions>
      </trkpt>
      <trkpt lat="31.4070278964936733245849609375" lon="119.47436646558344364166259765625">
        <ele>8</ele>
        <time>2026-05-28T23:06:25.000Z</time>
        <extensions>
          <ns3:TrackPointExtension/>
        </extensions>
      </trkpt>
      <trkpt lat="31.4070295728743076324462890625" lon="119.47433847002685070037841796875">
        <ele>8.19999980926513671875</ele>
        <time>2026-05-28T23:06:26.000Z</time>
        <extensions>
          <ns3:TrackPointExtension/>
        </extensions>
      </trkpt>
      <trkpt lat="31.407031081616878509521484375" lon="119.4743107259273529052734375">
        <ele>8.3999996185302734375</ele>
        <time>2026-05-28T23:06:27.000Z</time>
        <extensions>
          <ns3:TrackPointExtension/>
        </extensions>
      </trkpt>
      <trkpt lat="31.4070327579975128173828125" lon="119.47428323328495025634765625">
        <ele>8.6000003814697265625</ele>
        <time>2026-05-28T23:06:28.000Z</time>
        <extensions>
          <ns3:TrackPointExtension>
            <ns3:hr>146</ns3:hr>
          </ns3:TrackPointExtension>
        </extensions>
      </trkpt>
      <trkpt lat="31.40703435055911540985107421875" lon="119.47425733320415019989013671875">
        <ele>8.6000003814697265625</ele>
        <time>2026-05-28T23:06:29.000Z</time>
        <extensions>
          <ns3:TrackPointExtension>
            <ns3:hr>146</ns3:hr>
          </ns3:TrackPointExtension>
        </extensions>
      </trkpt>
      <trkpt lat="31.407035775482654571533203125" lon="119.47423201985657215118408203125">
        <ele>8.80000019073486328125</ele>
        <time>2026-05-28T23:06:30.000Z</time>
        <extensions>
          <ns3:TrackPointExtension/>
        </extensions>
      </trkpt>
      <trkpt lat="31.40703678131103515625" lon="119.4742056168615818023681640625">
        <ele>8.80000019073486328125</ele>
        <time>2026-05-28T23:06:31.000Z</time>
        <extensions>
          <ns3:TrackPointExtension/>
        </extensions>
      </trkpt>
      <trkpt lat="31.4070372842252254486083984375" lon="119.4741771183907985687255859375">
        <ele>9</ele>
        <time>2026-05-28T23:06:32.000Z</time>
        <extensions>
          <ns3:TrackPointExtension/>
        </extensions>
      </trkpt>
      <trkpt lat="31.4070372842252254486083984375" lon="119.47414753027260303497314453125">
        <ele>9</ele>
        <time>2026-05-28T23:06:33.000Z</time>
        <extensions>
          <ns3:TrackPointExtension/>
        </extensions>
      </trkpt>
      <trkpt lat="31.4070376195013523101806640625" lon="119.47411752305924892425537109375">
        <ele>9</ele>
        <time>2026-05-28T23:06:34.000Z</time>
        <extensions>
          <ns3:TrackPointExtension/>
        </extensions>
      </trkpt>
      <trkpt lat="31.40703904442489147186279296875" lon="119.4740882702171802520751953125">
        <ele>9</ele>
        <time>2026-05-28T23:06:35.000Z</time>
        <extensions>
          <ns3:TrackPointExtension>
            <ns3:hr>145</ns3:hr>
          </ns3:TrackPointExtension>
        </extensions>
      </trkpt>
      <trkpt lat="31.40704222954809665679931640625" lon="119.47406102903187274932861328125">
        <ele>9</ele>
        <time>2026-05-28T23:06:36.000Z</time>
        <extensions>
          <ns3:TrackPointExtension>
            <ns3:hr>145</ns3:hr>
          </ns3:TrackPointExtension>
        </extensions>
      </trkpt>
      <trkpt lat="31.40704642049968242645263671875" lon="119.47403571568429470062255859375">
        <ele>9</ele>
        <time>2026-05-28T23:06:37.000Z</time>
        <extensions>
          <ns3:TrackPointExtension/>
        </extensions>
      </trkpt>
      <trkpt lat="31.407050527632236480712890625" lon="119.47401098906993865966796875">
        <ele>9</ele>
        <time>2026-05-28T23:06:38.000Z</time>
        <extensions>
          <ns3:TrackPointExtension/>
        </extensions>
      </trkpt>
      <trkpt lat="31.407053880393505096435546875" lon="119.47398542426526546478271484375">
        <ele>9</ele>
        <time>2026-05-28T23:06:39.000Z</time>
        <extensions>
          <ns3:TrackPointExtension/>
        </extensions>
      </trkpt>
      <trkpt lat="31.40705564059317111968994140625" lon="119.4739588536322116851806640625">
        <ele>9</ele>
        <time>2026-05-28T23:06:40.000Z</time>
        <extensions>
          <ns3:TrackPointExtension/>
        </extensions>
      </trkpt>
      <trkpt lat="31.40705731697380542755126953125" lon="119.47393077425658702850341796875">
        <ele>9</ele>
        <time>2026-05-28T23:06:41.000Z</time>
        <extensions>
          <ns3:TrackPointExtension>
            <ns3:hr>146</ns3:hr>
          </ns3:TrackPointExtension>
        </extensions>
      </trkpt>
      <trkpt lat="31.407059244811534881591796875" lon="119.47390160523355007171630859375">
        <ele>9</ele>
        <time>2026-05-28T23:06:42.000Z</time>
        <extensions>
          <ns3:TrackPointExtension>
            <ns3:hr>146</ns3:hr>
          </ns3:TrackPointExtension>
        </extensions>
      </trkpt>
      <trkpt lat="31.40706159174442291259765625" lon="119.47387210093438625335693359375">
        <ele>8.80000019073486328125</ele>
        <time>2026-05-28T23:06:43.000Z</time>
        <extensions>
          <ns3:TrackPointExtension>
            <ns3:hr>145</ns3:hr>
          </ns3:TrackPointExtension>
        </extensions>
      </trkpt>
      <trkpt lat="31.4070644415915012359619140625" lon="119.4738435186445713043212890625">
        <ele>8.6000003814697265625</ele>
        <time>2026-05-28T23:06:44.000Z</time>
        <extensions>
          <ns3:TrackPointExtension>
            <ns3:hr>145</ns3:hr>
          </ns3:TrackPointExtension>
        </extensions>
      </trkpt>
      <trkpt lat="31.4070674590766429901123046875" lon="119.47381527163088321685791015625">
        <ele>8.19999980926513671875</ele>
        <time>2026-05-28T23:06:45.000Z</time>
        <extensions>
          <ns3:TrackPointExtension/>
        </extensions>
      </trkpt>
      <trkpt lat="31.4070694707334041595458984375" lon="119.4737868569791316986083984375">
        <ele>8</ele>
        <time>2026-05-28T23:06:46.000Z</time>
        <extensions>
          <ns3:TrackPointExtension/>
        </extensions>
      </trkpt>
      <trkpt lat="31.407071314752101898193359375" lon="119.473759196698665618896484375">
        <ele>7.599999904632568359375</ele>
        <time>2026-05-28T23:06:47.000Z</time>
        <extensions>
          <ns3:TrackPointExtension/>
        </extensions>
      </trkpt>
      <trkpt lat="31.40707424841821193695068359375" lon="119.47373229078948497772216796875">
        <ele>7.400000095367431640625</ele>
        <time>2026-05-28T23:06:48.000Z</time>
        <extensions>
          <ns3:TrackPointExtension>
            <ns3:hr>145</ns3:hr>
          </ns3:TrackPointExtension>
        </extensions>
      </trkpt>
      <trkpt lat="31.40707827173173427581787109375" lon="119.47370521724224090576171875">
        <ele>7.400000095367431640625</ele>
        <time>2026-05-28T23:06:49.000Z</time>
        <extensions>
          <ns3:TrackPointExtension>
            <ns3:hr>145</ns3:hr>
          </ns3:TrackPointExtension>
        </extensions>
      </trkpt>
      <trkpt lat="31.40708304941654205322265625" lon="119.47367780841886997222900390625">
        <ele>7.19999980926513671875</ele>
        <time>2026-05-28T23:06:50.000Z</time>
        <extensions>
          <ns3:TrackPointExtension/>
        </extensions>
      </trkpt>
      <trkpt lat="31.40708707273006439208984375" lon="119.47365098632872104644775390625">
        <ele>7</ele>
        <time>2026-05-28T23:06:51.000Z</time>
        <extensions>
          <ns3:TrackPointExtension/>
        </extensions>
      </trkpt>
      <trkpt lat="31.40708950348198413848876953125" lon="119.47362483479082584381103515625">
        <ele>6.80000019073486328125</ele>
        <time>2026-05-28T23:06:52.000Z</time>
        <extensions>
          <ns3:TrackPointExtension/>
        </extensions>
      </trkpt>
      <trkpt lat="31.4070912636816501617431640625" lon="119.47359985671937465667724609375">
        <ele>6.599999904632568359375</ele>
        <time>2026-05-28T23:06:53.000Z</time>
        <extensions>
          <ns3:TrackPointExtension/>
        </extensions>
      </trkpt>
      <trkpt lat="31.407094784080982208251953125" lon="119.47357638739049434661865234375">
        <ele>6.599999904632568359375</ele>
        <time>2026-05-28T23:06:54.000Z</time>
        <extensions>
          <ns3:TrackPointExtension>
            <ns3:hr>144</ns3:hr>
          </ns3:TrackPointExtension>
        </extensions>
      </trkpt>
      <trkpt lat="31.40710190869867801666259765625" lon="119.47355526499450206756591796875">
        <ele>6.599999904632568359375</ele>
        <time>2026-05-28T23:06:55.000Z</time>
        <extensions>
          <ns3:TrackPointExtension>
            <ns3:hr>144</ns3:hr>
          </ns3:TrackPointExtension>
        </extensions>
      </trkpt>
      <trkpt lat="31.40711481682956218719482421875" lon="119.473537914454936981201171875">
        <ele>6.80000019073486328125</ele>
        <time>2026-05-28T23:06:56.000Z</time>
        <extensions>
          <ns3:TrackPointExtension/>
        </extensions>
      </trkpt>
      <trkpt lat="31.40713443048298358917236328125" lon="119.47352643124759197235107421875">
        <ele>6.80000019073486328125</ele>
        <time>2026-05-28T23:06:57.000Z</time>
        <extensions>
          <ns3:TrackPointExtension/>
        </extensions>
      </trkpt>
      <trkpt lat="31.40715940855443477630615234375" lon="119.47352257557213306427001953125">
        <ele>6.80000019073486328125</ele>
        <time>2026-05-28T23:06:58.000Z</time>
        <extensions>
          <ns3:TrackPointExtension/>
        </extensions>
      </trkpt>
      <trkpt lat="31.40718656592071056365966796875" lon="119.4735250063240528106689453125">
        <ele>7</ele>
        <time>2026-05-28T23:06:59.000Z</time>
        <extensions>
          <ns3:TrackPointExtension/>
        </extensions>
      </trkpt>
      <trkpt lat="31.4072129689157009124755859375" lon="119.47353112511336803436279296875">
        <ele>7</ele>
        <time>2026-05-28T23:07:00.000Z</time>
        <extensions>
          <ns3:TrackPointExtension>
            <ns3:hr>141</ns3:hr>
          </ns3:TrackPointExtension>
        </extensions>
      </trkpt>
      <trkpt lat="31.40723652206361293792724609375" lon="119.47354017756879329681396484375">
        <ele>7.19999980926513671875</ele>
        <time>2026-05-28T23:07:01.000Z</time>
        <extensions>
          <ns3:TrackPointExtension>
            <ns3:hr>141</ns3:hr>
          </ns3:TrackPointExtension>
        </extensions>
      </trkpt>
      <trkpt lat="31.40725663863122463226318359375" lon="119.47355224750936031341552734375">
        <ele>7.19999980926513671875</ele>
        <time>2026-05-28T23:07:02.000Z</time>
        <extensions>
          <ns3:TrackPointExtension>
            <ns3:hr>141</ns3:hr>
          </ns3:TrackPointExtension>
        </extensions>
      </trkpt>
      <trkpt lat="31.407273821532726287841796875" lon="119.47356708347797393798828125">
        <ele>7.19999980926513671875</ele>
        <time>2026-05-28T23:07:03.000Z</time>
        <extensions>
          <ns3:TrackPointExtension>
            <ns3:hr>141</ns3:hr>
          </ns3:TrackPointExtension>
        </extensions>
      </trkpt>
      <trkpt lat="31.4072458259761333465576171875" lon="119.47366557084023952484130859375">
        <ele>7.400000095367431640625</ele>
        <time>2026-05-28T23:07:41.000Z</time>
        <extensions>
          <ns3:TrackPointExtension>
            <ns3:hr>130</ns3:hr>
          </ns3:TrackPointExtension>
        </extensions>
      </trkpt>
      <trkpt lat="31.407239623367786407470703125" lon="119.4736762158572673797607421875">
        <ele>7.599999904632568359375</ele>
        <time>2026-05-28T23:07:42.000Z</time>
        <extensions>
          <ns3:TrackPointExtension>
            <ns3:hr>130</ns3:hr>
          </ns3:TrackPointExtension>
        </extensions>
      </trkpt>
      <trkpt lat="31.40723283402621746063232421875" lon="119.47368920780718326568603515625">
        <ele>7.599999904632568359375</ele>
        <time>2026-05-28T23:07:43.000Z</time>
        <extensions>
          <ns3:TrackPointExtension>
            <ns3:hr>129</ns3:hr>
          </ns3:TrackPointExtension>
        </extensions>
      </trkpt>
      <trkpt lat="31.40722696669399738311767578125" lon="119.47370513342320919036865234375">
        <ele>7.80000019073486328125</ele>
        <time>2026-05-28T23:07:44.000Z</time>
        <extensions>
          <ns3:TrackPointExtension/>
        </extensions>
      </trkpt>
      <trkpt lat="31.40722386538982391357421875" lon="119.473724998533725738525390625">
        <ele>7.80000019073486328125</ele>
        <time>2026-05-28T23:07:45.000Z</time>
        <extensions>
          <ns3:TrackPointExtension/>
        </extensions>
      </trkpt>
      <trkpt lat="31.40722210519015789031982421875" lon="119.47374813258647918701171875">
        <ele>8</ele>
        <time>2026-05-28T23:07:46.000Z</time>
        <extensions>
          <ns3:TrackPointExtension/>
        </extensions>
      </trkpt>
      <trkpt lat="31.40721824951469898223876953125" lon="119.4737721048295497894287109375">
        <ele>8.19999980926513671875</ele>
        <time>2026-05-28T23:07:47.000Z</time>
        <extensions>
          <ns3:TrackPointExtension>
            <ns3:hr>122</ns3:hr>
          </ns3:TrackPointExtension>
        </extensions>
      </trkpt>
      <trkpt lat="31.4072146452963352203369140625" lon="119.47379616089165210723876953125">
        <ele>8.3999996185302734375</ele>
        <time>2026-05-28T23:07:49.000Z</time>
        <extensions>
          <ns3:TrackPointExtension>
            <ns3:hr>122</ns3:hr>
          </ns3:TrackPointExtension>
        </extensions>
      </trkpt>
      <trkpt lat="31.40721187926828861236572265625" lon="119.47382164187729358673095703125">
        <ele>8.6000003814697265625</ele>
        <time>2026-05-28T23:07:50.000Z</time>
        <extensions>
          <ns3:TrackPointExtension/>
        </extensions>
      </trkpt>
      <trkpt lat="31.407208777964115142822265625" lon="119.4738482125103473663330078125">
        <ele>8.80000019073486328125</ele>
        <time>2026-05-28T23:07:51.000Z</time>
        <extensions>
          <ns3:TrackPointExtension/>
        </extensions>
      </trkpt>
      <trkpt lat="31.407205425202846527099609375" lon="119.47387478314340114593505859375">
        <ele>9</ele>
        <time>2026-05-28T23:07:52.000Z</time>
        <extensions>
          <ns3:TrackPointExtension/>
        </extensions>
      </trkpt>
      <trkpt lat="31.40720215626060962677001953125" lon="119.4739011861383914947509765625">
        <ele>9</ele>
        <time>2026-05-28T23:07:53.000Z</time>
        <extensions>
          <ns3:TrackPointExtension/>
        </extensions>
      </trkpt>
      <trkpt lat="31.4071995578706264495849609375" lon="119.473928175866603851318359375">
        <ele>9</ele>
        <time>2026-05-28T23:07:54.000Z</time>
        <extensions>
          <ns3:TrackPointExtension/>
        </extensions>
      </trkpt>
      <trkpt lat="31.40719712711870670318603515625" lon="119.47395575232803821563720703125">
        <ele>9</ele>
        <time>2026-05-28T23:07:55.000Z</time>
        <extensions>
          <ns3:TrackPointExtension/>
        </extensions>
      </trkpt>
      <trkpt lat="31.40719494782388210296630859375" lon="119.4739834964275360107421875">
        <ele>9</ele>
        <time>2026-05-28T23:07:56.000Z</time>
        <extensions>
          <ns3:TrackPointExtension/>
        </extensions>
      </trkpt>
      <trkpt lat="31.40719293616712093353271484375" lon="119.4740111567080020904541015625">
        <ele>9</ele>
        <time>2026-05-28T23:07:57.000Z</time>
        <extensions>
          <ns3:TrackPointExtension>
            <ns3:hr>115</ns3:hr>
          </ns3:TrackPointExtension>
        </extensions>
      </trkpt>
      <trkpt lat="31.407190673053264617919921875" lon="119.47403839789330959320068359375">
        <ele>9</ele>
        <time>2026-05-28T23:07:58.000Z</time>
        <extensions>
          <ns3:TrackPointExtension>
            <ns3:hr>115</ns3:hr>
          </ns3:TrackPointExtension>
        </extensions>
      </trkpt>
      <trkpt lat="31.40718757174909114837646484375" lon="119.4740661419928073883056640625">
        <ele>9</ele>
        <time>2026-05-28T23:07:59.000Z</time>
        <extensions>
          <ns3:TrackPointExtension/>
        </extensions>
      </trkpt>
      <trkpt lat="31.4071851409971714019775390625" lon="119.47409455664455890655517578125">
        <ele>9</ele>
        <time>2026-05-28T23:08:00.000Z</time>
        <extensions>
          <ns3:TrackPointExtension/>
        </extensions>
      </trkpt>
      <trkpt lat="31.40718522481620311737060546875" lon="119.4741228036582469940185546875">
        <ele>9</ele>
        <time>2026-05-28T23:08:01.000Z</time>
        <extensions>
          <ns3:TrackPointExtension/>
        </extensions>
      </trkpt>
      <trkpt lat="31.40718631446361541748046875" lon="119.47415004484355449676513671875">
        <ele>9</ele>
        <time>2026-05-28T23:08:02.000Z</time>
        <extensions>
          <ns3:TrackPointExtension>
            <ns3:hr>114</ns3:hr>
          </ns3:TrackPointExtension>
        </extensions>
      </trkpt>
      <trkpt lat="31.40718757174909114837646484375" lon="119.474176950752735137939453125">
        <ele>9</ele>
        <time>2026-05-28T23:08:03.000Z</time>
        <extensions>
          <ns3:TrackPointExtension>
            <ns3:hr>114</ns3:hr>
          </ns3:TrackPointExtension>
        </extensions>
      </trkpt>
      <trkpt lat="31.40718924812972545623779296875" lon="119.47420385666191577911376953125">
        <ele>8.80000019073486328125</ele>
        <time>2026-05-28T23:08:04.000Z</time>
        <extensions>
          <ns3:TrackPointExtension>
            <ns3:hr>114</ns3:hr>
          </ns3:TrackPointExtension>
        </extensions>
      </trkpt>
      <trkpt lat="31.40718975104391574859619140625" lon="119.47423093020915985107421875">
        <ele>8.80000019073486328125</ele>
        <time>2026-05-28T23:08:05.000Z</time>
        <extensions>
          <ns3:TrackPointExtension/>
        </extensions>
      </trkpt>
      <trkpt lat="31.40718857757747173309326171875" lon="119.47425775229930877685546875">
        <ele>8.6000003814697265625</ele>
        <time>2026-05-28T23:08:06.000Z</time>
        <extensions>
          <ns3:TrackPointExtension/>
        </extensions>
      </trkpt>
      <trkpt lat="31.40718639828264713287353515625" lon="119.47428415529429912567138671875">
        <ele>8.6000003814697265625</ele>
        <time>2026-05-28T23:08:07.000Z</time>
        <extensions>
          <ns3:TrackPointExtension/>
        </extensions>
      </trkpt>
      <trkpt lat="31.4071834646165370941162109375" lon="119.474310390651226043701171875">
        <ele>8.3999996185302734375</ele>
        <time>2026-05-28T23:08:08.000Z</time>
        <extensions>
          <ns3:TrackPointExtension/>
        </extensions>
      </trkpt>
      <trkpt lat="31.4071804471313953399658203125" lon="119.4743363745510578155517578125">
        <ele>8.3999996185302734375</ele>
        <time>2026-05-28T23:08:09.000Z</time>
        <extensions>
          <ns3:TrackPointExtension/>
        </extensions>
      </trkpt>
      <trkpt lat="31.407177262008190155029296875" lon="119.47436227463185787200927734375">
        <ele>8.19999980926513671875</ele>
        <time>2026-05-28T23:08:10.000Z</time>
        <extensions>
          <ns3:TrackPointExtension/>
        </extensions>
      </trkpt>
      <trkpt lat="31.4071744121611118316650390625" lon="119.47438809089362621307373046875">
        <ele>8.19999980926513671875</ele>
        <time>2026-05-28T23:08:11.000Z</time>
        <extensions>
          <ns3:TrackPointExtension/>
        </extensions>
      </trkpt>
      <trkpt lat="31.40717198140919208526611328125" lon="119.47441407479345798492431640625">
        <ele>8</ele>
        <time>2026-05-28T23:08:12.000Z</time>
        <extensions>
          <ns3:TrackPointExtension>
            <ns3:hr>117</ns3:hr>
          </ns3:TrackPointExtension>
        </extensions>
      </trkpt>
      <trkpt lat="31.40716946683824062347412109375" lon="119.47444014251232147216796875">
        <ele>7.80000019073486328125</ele>
        <time>2026-05-28T23:08:13.000Z</time>
        <extensions>
          <ns3:TrackPointExtension>
            <ns3:hr>117</ns3:hr>
          </ns3:TrackPointExtension>
        </extensions>
      </trkpt>
      <trkpt lat="31.4071680419147014617919921875" lon="119.47446704842150211334228515625">
        <ele>7.80000019073486328125</ele>
        <time>2026-05-28T23:08:14.000Z</time>
        <extensions>
          <ns3:TrackPointExtension/>
        </extensions>
      </trkpt>
      <trkpt lat="31.40716762281954288482666015625" lon="119.47449537925422191619873046875">
        <ele>7.599999904632568359375</ele>
        <time>2026-05-28T23:08:15.000Z</time>
        <extensions>
          <ns3:TrackPointExtension/>
        </extensions>
      </trkpt>
      <trkpt lat="31.407167203724384307861328125" lon="119.474523626267910003662109375">
        <ele>7.599999904632568359375</ele>
        <time>2026-05-28T23:08:16.000Z</time>
        <extensions>
          <ns3:TrackPointExtension>
            <ns3:hr>121</ns3:hr>
          </ns3:TrackPointExtension>
        </extensions>
      </trkpt>
      <trkpt lat="31.40716644935309886932373046875" lon="119.474551118910312652587890625">
        <ele>7.400000095367431640625</ele>
        <time>2026-05-28T23:08:17.000Z</time>
        <extensions>
          <ns3:TrackPointExtension>
            <ns3:hr>121</ns3:hr>
          </ns3:TrackPointExtension>
        </extensions>
      </trkpt>
      <trkpt lat="31.407165192067623138427734375" lon="119.4745784439146518707275390625">
        <ele>7.400000095367431640625</ele>
        <time>2026-05-28T23:08:18.000Z</time>
        <extensions>
          <ns3:TrackPointExtension/>
        </extensions>
      </trkpt>
      <trkpt lat="31.407163180410861968994140625" lon="119.474605433642864227294921875">
        <ele>7.19999980926513671875</ele>
        <time>2026-05-28T23:08:19.000Z</time>
        <extensions>
          <ns3:TrackPointExtension/>
        </extensions>
      </trkpt>
      <trkpt lat="31.407160498201847076416015625" lon="119.4746325910091400146484375">
        <ele>7.19999980926513671875</ele>
        <time>2026-05-28T23:08:20.000Z</time>
        <extensions>
          <ns3:TrackPointExtension/>
        </extensions>
      </trkpt>
      <trkpt lat="31.4071573130786418914794921875" lon="119.474660418927669525146484375">
        <ele>7</ele>
        <time>2026-05-28T23:08:21.000Z</time>
        <extensions>
          <ns3:TrackPointExtension/>
        </extensions>
      </trkpt>
      <trkpt lat="31.4071539603173732757568359375" lon="119.47468833066523075103759765625">
        <ele>7</ele>
        <time>2026-05-28T23:08:22.000Z</time>
        <extensions>
          <ns3:TrackPointExtension>
            <ns3:hr>124</ns3:hr>
          </ns3:TrackPointExtension>
        </extensions>
      </trkpt>
      <trkpt lat="31.40715119428932666778564453125" lon="119.474716074764728546142578125">
        <ele>7</ele>
        <time>2026-05-28T23:08:23.000Z</time>
        <extensions>
          <ns3:TrackPointExtension>
            <ns3:hr>124</ns3:hr>
          </ns3:TrackPointExtension>
        </extensions>
      </trkpt>
      <trkpt lat="31.40714901499450206756591796875" lon="119.4747425615787506103515625">
        <ele>7</ele>
        <time>2026-05-28T23:08:24.000Z</time>
        <extensions>
          <ns3:TrackPointExtension>
            <ns3:hr>125</ns3:hr>
          </ns3:TrackPointExtension>
        </extensions>
      </trkpt>
      <trkpt lat="31.40714733861386775970458984375" lon="119.47476779110729694366455078125">
        <ele>7.19999980926513671875</ele>
        <time>2026-05-28T23:08:25.000Z</time>
        <extensions>
          <ns3:TrackPointExtension>
            <ns3:hr>125</ns3:hr>
          </ns3:TrackPointExtension>
        </extensions>
      </trkpt>
      <trkpt lat="31.40714666806161403656005859375" lon="119.47479209862649440765380859375">
        <ele>7.19999980926513671875</ele>
        <time>2026-05-28T23:08:26.000Z</time>
        <extensions>
          <ns3:TrackPointExtension/>
        </extensions>
      </trkpt>
      <trkpt lat="31.407146751880645751953125" lon="119.47481640614569187164306640625">
        <ele>7.400000095367431640625</ele>
        <time>2026-05-28T23:08:27.000Z</time>
        <extensions>
          <ns3:TrackPointExtension/>
        </extensions>
      </trkpt>
      <trkpt lat="31.4071452431380748748779296875" lon="119.47484155185520648956298828125">
        <ele>7.400000095367431640625</ele>
        <time>2026-05-28T23:08:28.000Z</time>
        <extensions>
          <ns3:TrackPointExtension/>
        </extensions>
      </trkpt>
      <trkpt lat="31.40714113600552082061767578125" lon="119.4748677872121334075927734375">
        <ele>7.599999904632568359375</ele>
        <time>2026-05-28T23:08:29.000Z</time>
        <extensions>
          <ns3:TrackPointExtension/>
        </extensions>
      </trkpt>
      <trkpt lat="31.40713577158749103546142578125" lon="119.47489452548325061798095703125">
        <ele>7.599999904632568359375</ele>
        <time>2026-05-28T23:08:30.000Z</time>
        <extensions>
          <ns3:TrackPointExtension>
            <ns3:hr>127</ns3:hr>
          </ns3:TrackPointExtension>
        </extensions>
      </trkpt>
      <trkpt lat="31.4071308262646198272705078125" lon="119.4749207608401775360107421875">
        <ele>7.80000019073486328125</ele>
        <time>2026-05-28T23:08:31.000Z</time>
        <extensions>
          <ns3:TrackPointExtension>
            <ns3:hr>127</ns3:hr>
          </ns3:TrackPointExtension>
        </extensions>
      </trkpt>
      <trkpt lat="31.4071264676749706268310546875" lon="119.474946074187755584716796875">
        <ele>8</ele>
        <time>2026-05-28T23:08:32.000Z</time>
        <extensions>
          <ns3:TrackPointExtension/>
        </extensions>
      </trkpt>
      <trkpt lat="31.40712269581854343414306640625" lon="119.47496912442147731781005859375">
        <ele>8</ele>
        <time>2026-05-28T23:08:33.000Z</time>
        <extensions>
          <ns3:TrackPointExtension/>
        </extensions>
      </trkpt>
      <trkpt lat="31.407118923962116241455078125" lon="119.47499074973165988922119140625">
        <ele>8.19999980926513671875</ele>
        <time>2026-05-28T23:08:34.000Z</time>
        <extensions>
          <ns3:TrackPointExtension>
            <ns3:hr>128</ns3:hr>
          </ns3:TrackPointExtension>
        </extensions>
      </trkpt>
      <trkpt lat="31.4071143977344036102294921875" lon="119.47501220740377902984619140625">
        <ele>8.19999980926513671875</ele>
        <time>2026-05-28T23:08:35.000Z</time>
        <extensions>
          <ns3:TrackPointExtension>
            <ns3:hr>128</ns3:hr>
          </ns3:TrackPointExtension>
        </extensions>
      </trkpt>
      <trkpt lat="31.4071090333163738250732421875" lon="119.47503450326621532440185546875">
        <ele>8.3999996185302734375</ele>
        <time>2026-05-28T23:08:36.000Z</time>
        <extensions>
          <ns3:TrackPointExtension/>
        </extensions>
      </trkpt>
      <trkpt lat="31.4071033336222171783447265625" lon="119.47505780495703220367431640625">
        <ele>8.3999996185302734375</ele>
        <time>2026-05-28T23:08:37.000Z</time>
        <extensions>
          <ns3:TrackPointExtension/>
        </extensions>
      </trkpt>
      <trkpt lat="31.40709771774709224700927734375" lon="119.4750820286571979522705078125">
        <ele>8.3999996185302734375</ele>
        <time>2026-05-28T23:08:38.000Z</time>
        <extensions>
          <ns3:TrackPointExtension>
            <ns3:hr>131</ns3:hr>
          </ns3:TrackPointExtension>
        </extensions>
      </trkpt>
      <trkpt lat="31.40709268860518932342529296875" lon="119.47510725818574428558349609375">
        <ele>8.3999996185302734375</ele>
        <time>2026-05-28T23:08:39.000Z</time>
        <extensions>
          <ns3:TrackPointExtension>
            <ns3:hr>131</ns3:hr>
          </ns3:TrackPointExtension>
        </extensions>
      </trkpt>
      <trkpt lat="31.4070890843868255615234375" lon="119.4751341640949249267578125">
        <ele>8.3999996185302734375</ele>
        <time>2026-05-28T23:08:40.000Z</time>
        <extensions>
          <ns3:TrackPointExtension/>
        </extensions>
      </trkpt>
      <trkpt lat="31.40708749182522296905517578125" lon="119.47516073472797870635986328125">
        <ele>8.3999996185302734375</ele>
        <time>2026-05-28T23:08:41.000Z</time>
        <extensions>
          <ns3:TrackPointExtension/>
        </extensions>
      </trkpt>
      <trkpt lat="31.40708782710134983062744140625" lon="119.4751873053610324859619140625">
        <ele>8.3999996185302734375</ele>
        <time>2026-05-28T23:08:42.000Z</time>
        <extensions>
          <ns3:TrackPointExtension/>
        </extensions>
      </trkpt>
      <trkpt lat="31.4070885814726352691650390625" lon="119.47521555237472057342529296875">
        <ele>8.3999996185302734375</ele>
        <time>2026-05-28T23:08:43.000Z</time>
        <extensions>
          <ns3:TrackPointExtension/>
        </extensions>
      </trkpt>
      <trkpt lat="31.40708849765360355377197265625" lon="119.47524572722613811492919921875">
        <ele>8.3999996185302734375</ele>
        <time>2026-05-28T23:08:44.000Z</time>
        <extensions>
          <ns3:TrackPointExtension/>
        </extensions>
      </trkpt>
      <trkpt lat="31.4070872403681278228759765625" lon="119.47527640499174594879150390625">
        <ele>8.3999996185302734375</ele>
        <time>2026-05-28T23:08:45.000Z</time>
        <extensions>
          <ns3:TrackPointExtension/>
        </extensions>
      </trkpt>
      <trkpt lat="31.4070852287113666534423828125" lon="119.47530590929090976715087890625">
        <ele>8.19999980926513671875</ele>
        <time>2026-05-28T23:08:46.000Z</time>
        <extensions>
          <ns3:TrackPointExtension/>
        </extensions>
      </trkpt>
      <trkpt lat="31.40708304941654205322265625" lon="119.47533373720943927764892578125">
        <ele>8.19999980926513671875</ele>
        <time>2026-05-28T23:08:47.000Z</time>
        <extensions>
          <ns3:TrackPointExtension>
            <ns3:hr>135</ns3:hr>
          </ns3:TrackPointExtension>
        </extensions>
      </trkpt>
      <trkpt lat="31.40708095394074916839599609375" lon="119.475360810756683349609375">
        <ele>8</ele>
        <time>2026-05-28T23:08:48.000Z</time>
        <extensions>
          <ns3:TrackPointExtension>
            <ns3:hr>135</ns3:hr>
          </ns3:TrackPointExtension>
        </extensions>
      </trkpt>
      <trkpt lat="31.40707894228398799896240234375" lon="119.4753888063132762908935546875">
        <ele>8</ele>
        <time>2026-05-28T23:08:49.000Z</time>
        <extensions>
          <ns3:TrackPointExtension>
            <ns3:hr>135</ns3:hr>
          </ns3:TrackPointExtension>
        </extensions>
      </trkpt>
      <trkpt lat="31.407077349722385406494140625" lon="119.4754183106124401092529296875">
        <ele>7.80000019073486328125</ele>
        <time>2026-05-28T23:08:50.000Z</time>
        <extensions>
          <ns3:TrackPointExtension/>
        </extensions>
      </trkpt>
      <trkpt lat="31.4070761762559413909912109375" lon="119.47544806636869907379150390625">
        <ele>7.80000019073486328125</ele>
        <time>2026-05-28T23:08:51.000Z</time>
        <extensions>
          <ns3:TrackPointExtension/>
        </extensions>
      </trkpt>
      <trkpt lat="31.4070758409798145294189453125" lon="119.4754763133823871612548828125">
        <ele>7.599999904632568359375</ele>
        <time>2026-05-28T23:08:52.000Z</time>
        <extensions>
          <ns3:TrackPointExtension/>
        </extensions>
      </trkpt>
      <trkpt lat="31.4070761762559413909912109375" lon="119.4755041413009166717529296875">
        <ele>7.599999904632568359375</ele>
        <time>2026-05-28T23:08:53.000Z</time>
        <extensions>
          <ns3:TrackPointExtension/>
        </extensions>
      </trkpt>
      <trkpt lat="31.407076679170131683349609375" lon="119.475532472133636474609375">
        <ele>7.400000095367431640625</ele>
        <time>2026-05-28T23:08:54.000Z</time>
        <extensions>
          <ns3:TrackPointExtension/>
        </extensions>
      </trkpt>
      <trkpt lat="31.40707676298916339874267578125" lon="119.47556105442345142364501953125">
        <ele>7.400000095367431640625</ele>
        <time>2026-05-28T23:08:55.000Z</time>
        <extensions>
          <ns3:TrackPointExtension/>
        </extensions>
      </trkpt>
      <trkpt lat="31.40707634389400482177734375" lon="119.4755882956087589263916015625">
        <ele>7.599999904632568359375</ele>
        <time>2026-05-28T23:08:56.000Z</time>
        <extensions>
          <ns3:TrackPointExtension>
            <ns3:hr>137</ns3:hr>
          </ns3:TrackPointExtension>
        </extensions>
      </trkpt>
      <trkpt lat="31.40707542188465595245361328125" lon="119.475614614784717559814453125">
        <ele>7.599999904632568359375</ele>
        <time>2026-05-28T23:08:57.000Z</time>
        <extensions>
          <ns3:TrackPointExtension>
            <ns3:hr>137</ns3:hr>
          </ns3:TrackPointExtension>
        </extensions>
      </trkpt>
      <trkpt lat="31.40707424841821193695068359375" lon="119.47564101777970790863037109375">
        <ele>7.80000019073486328125</ele>
        <time>2026-05-28T23:08:58.000Z</time>
        <extensions>
          <ns3:TrackPointExtension/>
        </extensions>
      </trkpt>
      <trkpt lat="31.40707257203757762908935546875" lon="119.4756679236888885498046875">
        <ele>7.80000019073486328125</ele>
        <time>2026-05-28T23:08:59.000Z</time>
        <extensions>
          <ns3:TrackPointExtension>
            <ns3:hr>138</ns3:hr>
          </ns3:TrackPointExtension>
        </extensions>
      </trkpt>
      <trkpt lat="31.40707056038081645965576171875" lon="119.47569533251225948333740234375">
        <ele>8</ele>
        <time>2026-05-28T23:09:00.000Z</time>
        <extensions>
          <ns3:TrackPointExtension>
            <ns3:hr>138</ns3:hr>
          </ns3:TrackPointExtension>
        </extensions>
      </trkpt>
      <trkpt lat="31.40706888400018215179443359375" lon="119.47572366334497928619384765625">
        <ele>8</ele>
        <time>2026-05-28T23:09:01.000Z</time>
        <extensions>
          <ns3:TrackPointExtension/>
        </extensions>
      </trkpt>
      <trkpt lat="31.4070664532482624053955078125" lon="119.475751407444477081298828125">
        <ele>8.19999980926513671875</ele>
        <time>2026-05-28T23:09:02.000Z</time>
        <extensions>
          <ns3:TrackPointExtension/>
        </extensions>
      </trkpt>
      <trkpt lat="31.40706268139183521270751953125" lon="119.47577730752527713775634765625">
        <ele>8.3999996185302734375</ele>
        <time>2026-05-28T23:09:03.000Z</time>
        <extensions>
          <ns3:TrackPointExtension/>
        </extensions>
      </trkpt>
      <trkpt lat="31.407058574259281158447265625" lon="119.4758011959493160247802734375">
        <ele>8.3999996185302734375</ele>
        <time>2026-05-28T23:09:04.000Z</time>
        <extensions>
          <ns3:TrackPointExtension>
            <ns3:hr>139</ns3:hr>
          </ns3:TrackPointExtension>
        </extensions>
      </trkpt>
      <trkpt lat="31.40705513767898082733154296875" lon="119.47582340799272060394287109375">
        <ele>8.3999996185302734375</ele>
        <time>2026-05-28T23:09:05.000Z</time>
        <extensions>
          <ns3:TrackPointExtension>
            <ns3:hr>139</ns3:hr>
          </ns3:TrackPointExtension>
        </extensions>
      </trkpt>
      <trkpt lat="31.40705228783190250396728515625" lon="119.47584629058837890625">
        <ele>8.6000003814697265625</ele>
        <time>2026-05-28T23:09:06.000Z</time>
        <extensions>
          <ns3:TrackPointExtension/>
        </extensions>
      </trkpt>
      <trkpt lat="31.40705061145126819610595703125" lon="119.47587017901241779327392578125">
        <ele>8.80000019073486328125</ele>
        <time>2026-05-28T23:09:07.000Z</time>
        <extensions>
          <ns3:TrackPointExtension/>
        </extensions>
      </trkpt>
      <trkpt lat="31.407049857079982757568359375" lon="119.4758932292461395263671875">
        <ele>9</ele>
        <time>2026-05-28T23:09:08.000Z</time>
        <extensions>
          <ns3:TrackPointExtension/>
        </extensions>
      </trkpt>
      <trkpt lat="31.40704893507063388824462890625" lon="119.4759148545563220977783203125">
        <ele>9.19999980926513671875</ele>
        <time>2026-05-28T23:09:09.000Z</time>
        <extensions>
          <ns3:TrackPointExtension/>
        </extensions>
      </trkpt>
      <trkpt lat="31.4070470072329044342041015625" lon="119.4759366475045680999755859375">
        <ele>9.3999996185302734375</ele>
        <time>2026-05-28T23:09:10.000Z</time>
        <extensions>
          <ns3:TrackPointExtension/>
        </extensions>
      </trkpt>
      <trkpt lat="31.4070443250238895416259765625" lon="119.4759601168334484100341796875">
        <ele>9.6000003814697265625</ele>
        <time>2026-05-28T23:09:11.000Z</time>
        <extensions>
          <ns3:TrackPointExtension/>
        </extensions>
      </trkpt>
      <trkpt lat="31.4070423133671283721923828125" lon="119.47598735801875591278076171875">
        <ele>9.80000019073486328125</ele>
        <time>2026-05-28T23:09:12.000Z</time>
        <extensions>
          <ns3:TrackPointExtension>
            <ns3:hr>138</ns3:hr>
          </ns3:TrackPointExtension>
        </extensions>
      </trkpt>
      <trkpt lat="31.4070408046245574951171875" lon="119.4760181196033954620361328125">
        <ele>10</ele>
        <time>2026-05-28T23:09:13.000Z</time>
        <extensions>
          <ns3:TrackPointExtension>
            <ns3:hr>138</ns3:hr>
          </ns3:TrackPointExtension>
        </extensions>
      </trkpt>
      <trkpt lat="31.40703870914876461029052734375" lon="119.47604946792125701904296875">
        <ele>10.19999980926513671875</ele>
        <time>2026-05-28T23:09:14.000Z</time>
        <extensions>
          <ns3:TrackPointExtension/>
        </extensions>
      </trkpt>
      <trkpt lat="31.4070356078445911407470703125" lon="119.4760784693062305450439453125">
        <ele>10.3999996185302734375</ele>
        <time>2026-05-28T23:09:15.000Z</time>
        <extensions>
          <ns3:TrackPointExtension/>
        </extensions>
      </trkpt>
      <trkpt lat="31.40703099779784679412841796875" lon="119.47610453702509403228759765625">
        <ele>10.6000003814697265625</ele>
        <time>2026-05-28T23:09:16.000Z</time>
        <extensions>
          <ns3:TrackPointExtension/>
        </extensions>
      </trkpt>
      <trkpt lat="31.40702529810369014739990234375" lon="119.47612859308719635009765625">
        <ele>10.80000019073486328125</ele>
        <time>2026-05-28T23:09:17.000Z</time>
        <extensions>
          <ns3:TrackPointExtension>
            <ns3:hr>138</ns3:hr>
          </ns3:TrackPointExtension>
        </extensions>
      </trkpt>
      <trkpt lat="31.40701892785727977752685546875" lon="119.476152397692203521728515625">
        <ele>10.80000019073486328125</ele>
        <time>2026-05-28T23:09:18.000Z</time>
        <extensions>
          <ns3:TrackPointExtension>
            <ns3:hr>138</ns3:hr>
          </ns3:TrackPointExtension>
        </extensions>
      </trkpt>
      <trkpt lat="31.407012641429901123046875" lon="119.47617678903043270111083984375">
        <ele>11</ele>
        <time>2026-05-28T23:09:19.000Z</time>
        <extensions>
          <ns3:TrackPointExtension/>
        </extensions>
      </trkpt>
      <trkpt lat="31.4070081152021884918212890625" lon="119.4762018509209156036376953125">
        <ele>11</ele>
        <time>2026-05-28T23:09:20.000Z</time>
        <extensions>
          <ns3:TrackPointExtension/>
        </extensions>
      </trkpt>
      <trkpt lat="31.40700635500252246856689453125" lon="119.47622724808752536773681640625">
        <ele>11.19999980926513671875</ele>
        <time>2026-05-28T23:09:21.000Z</time>
        <extensions>
          <ns3:TrackPointExtension/>
        </extensions>
      </trkpt>
      <trkpt lat="31.407006941735744476318359375" lon="119.47625272907316684722900390625">
        <ele>11.19999980926513671875</ele>
        <time>2026-05-28T23:09:22.000Z</time>
        <extensions>
          <ns3:TrackPointExtension>
            <ns3:hr>137</ns3:hr>
          </ns3:TrackPointExtension>
        </extensions>
      </trkpt>
      <trkpt lat="31.40700886957347393035888671875" lon="119.47627804242074489593505859375">
        <ele>11.19999980926513671875</ele>
        <time>2026-05-28T23:09:23.000Z</time>
        <extensions>
          <ns3:TrackPointExtension>
            <ns3:hr>137</ns3:hr>
          </ns3:TrackPointExtension>
        </extensions>
      </trkpt>
      <trkpt lat="31.40701188705861568450927734375" lon="119.47630268521606922149658203125">
        <ele>11.3999996185302734375</ele>
        <time>2026-05-28T23:09:24.000Z</time>
        <extensions>
          <ns3:TrackPointExtension>
            <ns3:hr>136</ns3:hr>
          </ns3:TrackPointExtension>
        </extensions>
      </trkpt>
      <trkpt lat="31.40701599419116973876953125" lon="119.476326741278171539306640625">
        <ele>11.3999996185302734375</ele>
        <time>2026-05-28T23:09:25.000Z</time>
        <extensions>
          <ns3:TrackPointExtension>
            <ns3:hr>136</ns3:hr>
          </ns3:TrackPointExtension>
        </extensions>
      </trkpt>
      <trkpt lat="31.40702060423791408538818359375" lon="119.4763518869876861572265625">
        <ele>11.6000003814697265625</ele>
        <time>2026-05-28T23:09:26.000Z</time>
        <extensions>
          <ns3:TrackPointExtension/>
        </extensions>
      </trkpt>
      <trkpt lat="31.40702345408499240875244140625" lon="119.47637996636331081390380859375">
        <ele>11.6000003814697265625</ele>
        <time>2026-05-28T23:09:27.000Z</time>
        <extensions>
          <ns3:TrackPointExtension/>
        </extensions>
      </trkpt>
      <trkpt lat="31.40702311880886554718017578125" lon="119.47640955448150634765625">
        <ele>11.6000003814697265625</ele>
        <time>2026-05-28T23:09:28.000Z</time>
        <extensions>
          <ns3:TrackPointExtension>
            <ns3:hr>135</ns3:hr>
          </ns3:TrackPointExtension>
        </extensions>
      </trkpt>
      <trkpt lat="31.40702010132372379302978515625" lon="119.47643838822841644287109375">
        <ele>11.6000003814697265625</ele>
        <time>2026-05-28T23:09:29.000Z</time>
        <extensions>
          <ns3:TrackPointExtension>
            <ns3:hr>135</ns3:hr>
          </ns3:TrackPointExtension>
        </extensions>
      </trkpt>
      <trkpt lat="31.40701591037213802337646484375" lon="119.47646479122340679168701171875">
        <ele>11.6000003814697265625</ele>
        <time>2026-05-28T23:09:30.000Z</time>
        <extensions>
          <ns3:TrackPointExtension/>
        </extensions>
      </trkpt>
      <trkpt lat="31.40701197087764739990234375" lon="119.476489014923572540283203125">
        <ele>11.6000003814697265625</ele>
        <time>2026-05-28T23:09:31.000Z</time>
        <extensions>
          <ns3:TrackPointExtension/>
        </extensions>
      </trkpt>
      <trkpt lat="31.407008953392505645751953125" lon="119.4765128195285797119140625">
        <ele>11.6000003814697265625</ele>
        <time>2026-05-28T23:09:32.000Z</time>
        <extensions>
          <ns3:TrackPointExtension/>
        </extensions>
      </trkpt>
      <trkpt lat="31.407006941735744476318359375" lon="119.47653704322874546051025390625">
        <ele>11.3999996185302734375</ele>
        <time>2026-05-28T23:09:33.000Z</time>
        <extensions>
          <ns3:TrackPointExtension>
            <ns3:hr>134</ns3:hr>
          </ns3:TrackPointExtension>
        </extensions>
      </trkpt>
      <trkpt lat="31.4070054329931735992431640625" lon="119.47656168602406978607177734375">
        <ele>11.3999996185302734375</ele>
        <time>2026-05-28T23:09:34.000Z</time>
        <extensions>
          <ns3:TrackPointExtension>
            <ns3:hr>134</ns3:hr>
          </ns3:TrackPointExtension>
        </extensions>
      </trkpt>
      <trkpt lat="31.4070040918886661529541015625" lon="119.476586245000362396240234375">
        <ele>11.19999980926513671875</ele>
        <time>2026-05-28T23:09:35.000Z</time>
        <extensions>
          <ns3:TrackPointExtension/>
        </extensions>
      </trkpt>
      <trkpt lat="31.407002918422222137451171875" lon="119.47661080397665500640869140625">
        <ele>11.19999980926513671875</ele>
        <time>2026-05-28T23:09:36.000Z</time>
        <extensions>
          <ns3:TrackPointExtension/>
        </extensions>
      </trkpt>
      <trkpt lat="31.40700166113674640655517578125" lon="119.4766360335052013397216796875">
        <ele>11</ele>
        <time>2026-05-28T23:09:37.000Z</time>
        <extensions>
          <ns3:TrackPointExtension/>
        </extensions>
      </trkpt>
      <trkpt lat="31.4070000685751438140869140625" lon="119.47666235268115997314453125">
        <ele>11</ele>
        <time>2026-05-28T23:09:38.000Z</time>
        <extensions>
          <ns3:TrackPointExtension/>
        </extensions>
      </trkpt>
      <trkpt lat="31.40699763782322406768798828125" lon="119.4766900129616260528564453125">
        <ele>10.80000019073486328125</ele>
        <time>2026-05-28T23:09:39.000Z</time>
        <extensions>
          <ns3:TrackPointExtension/>
        </extensions>
      </trkpt>
      <trkpt lat="31.40699462033808231353759765625" lon="119.47671859525144100189208984375">
        <ele>10.6000003814697265625</ele>
        <time>2026-05-28T23:09:40.000Z</time>
        <extensions>
          <ns3:TrackPointExtension/>
        </extensions>
      </trkpt>
      <trkpt lat="31.4069913513958454132080078125" lon="119.47674675844609737396240234375">
        <ele>10.3999996185302734375</ele>
        <time>2026-05-28T23:09:41.000Z</time>
        <extensions>
          <ns3:TrackPointExtension/>
        </extensions>
      </trkpt>
      <trkpt lat="31.406988166272640228271484375" lon="119.4767741672694683074951171875">
        <ele>10</ele>
        <time>2026-05-28T23:09:42.000Z</time>
        <extensions>
          <ns3:TrackPointExtension>
            <ns3:hr>134</ns3:hr>
          </ns3:TrackPointExtension>
        </extensions>
      </trkpt>
      <trkpt lat="31.406985484063625335693359375" lon="119.47680140845477581024169921875">
        <ele>9.80000019073486328125</ele>
        <time>2026-05-28T23:09:43.000Z</time>
        <extensions>
          <ns3:TrackPointExtension>
            <ns3:hr>134</ns3:hr>
          </ns3:TrackPointExtension>
        </extensions>
      </trkpt>
      <trkpt lat="31.406983472406864166259765625" lon="119.4768278114497661590576171875">
        <ele>9.3999996185302734375</ele>
        <time>2026-05-28T23:09:44.000Z</time>
        <extensions>
          <ns3:TrackPointExtension>
            <ns3:hr>134</ns3:hr>
          </ns3:TrackPointExtension>
        </extensions>
      </trkpt>
      <trkpt lat="31.4069816283881664276123046875" lon="119.476853795349597930908203125">
        <ele>9.19999980926513671875</ele>
        <time>2026-05-28T23:09:45.000Z</time>
        <extensions>
          <ns3:TrackPointExtension>
            <ns3:hr>134</ns3:hr>
          </ns3:TrackPointExtension>
        </extensions>
      </trkpt>
      <trkpt lat="31.4069791138172149658203125" lon="119.476879946887493133544921875">
        <ele>8.80000019073486328125</ele>
        <time>2026-05-28T23:09:46.000Z</time>
        <extensions>
          <ns3:TrackPointExtension/>
        </extensions>
      </trkpt>
      <trkpt lat="31.40697567723691463470458984375" lon="119.47690685279667377471923828125">
        <ele>8.6000003814697265625</ele>
        <time>2026-05-28T23:09:47.000Z</time>
        <extensions>
          <ns3:TrackPointExtension/>
        </extensions>
      </trkpt>
      <trkpt lat="31.4069719053804874420166015625" lon="119.47693501599133014678955078125">
        <ele>8.19999980926513671875</ele>
        <time>2026-05-28T23:09:48.000Z</time>
        <extensions>
          <ns3:TrackPointExtension>
            <ns3:hr>134</ns3:hr>
          </ns3:TrackPointExtension>
        </extensions>
      </trkpt>
      <trkpt lat="31.40696813352406024932861328125" lon="119.4769642688333988189697265625">
        <ele>8</ele>
        <time>2026-05-28T23:09:49.000Z</time>
        <extensions>
          <ns3:TrackPointExtension>
            <ns3:hr>134</ns3:hr>
          </ns3:TrackPointExtension>
        </extensions>
      </trkpt>
      <trkpt lat="31.4069648645818233489990234375" lon="119.47699385695159435272216796875">
        <ele>8</ele>
        <time>2026-05-28T23:09:50.000Z</time>
        <extensions>
          <ns3:TrackPointExtension/>
        </extensions>
      </trkpt>
      <trkpt lat="31.40696243382990360260009765625" lon="119.4770222716033458709716796875">
        <ele>7.80000019073486328125</ele>
        <time>2026-05-28T23:09:51.000Z</time>
        <extensions>
          <ns3:TrackPointExtension/>
        </extensions>
      </trkpt>
      <trkpt lat="31.40696092508733272552490234375" lon="119.4770490936934947967529296875">
        <ele>7.80000019073486328125</ele>
        <time>2026-05-28T23:09:52.000Z</time>
        <extensions>
          <ns3:TrackPointExtension/>
        </extensions>
      </trkpt>
      <trkpt lat="31.40695958398282527923583984375" lon="119.477075748145580291748046875">
        <ele>7.599999904632568359375</ele>
        <time>2026-05-28T23:09:53.000Z</time>
        <extensions>
          <ns3:TrackPointExtension>
            <ns3:hr>136</ns3:hr>
          </ns3:TrackPointExtension>
        </extensions>
      </trkpt>
      <trkpt lat="31.40695807524025440216064453125" lon="119.47710315696895122528076171875">
        <ele>7.599999904632568359375</ele>
        <time>2026-05-28T23:09:54.000Z</time>
        <extensions>
          <ns3:TrackPointExtension>
            <ns3:hr>136</ns3:hr>
          </ns3:TrackPointExtension>
        </extensions>
      </trkpt>
      <trkpt lat="31.40695623122155666351318359375" lon="119.47713115252554416656494140625">
        <ele>7.400000095367431640625</ele>
        <time>2026-05-28T23:09:55.000Z</time>
        <extensions>
          <ns3:TrackPointExtension/>
        </extensions>
      </trkpt>
      <trkpt lat="31.40695354901254177093505859375" lon="119.47716032154858112335205078125">
        <ele>7.400000095367431640625</ele>
        <time>2026-05-28T23:09:56.000Z</time>
        <extensions>
          <ns3:TrackPointExtension/>
        </extensions>
      </trkpt>
      <trkpt lat="31.40695036388933658599853515625" lon="119.47719116695225238800048828125">
        <ele>7.19999980926513671875</ele>
        <time>2026-05-28T23:09:57.000Z</time>
        <extensions>
          <ns3:TrackPointExtension/>
        </extensions>
      </trkpt>
      <trkpt lat="31.4069477654993534088134765625" lon="119.4772231020033359527587890625">
        <ele>7.19999980926513671875</ele>
        <time>2026-05-28T23:09:58.000Z</time>
        <extensions>
          <ns3:TrackPointExtension/>
        </extensions>
      </trkpt>
      <trkpt lat="31.4069460891187191009521484375" lon="119.47725453414022922515869140625">
        <ele>7</ele>
        <time>2026-05-28T23:09:59.000Z</time>
        <extensions>
          <ns3:TrackPointExtension>
            <ns3:hr>135</ns3:hr>
          </ns3:TrackPointExtension>
        </extensions>
      </trkpt>
      <trkpt lat="31.40694491565227508544921875" lon="119.47728462517261505126953125">
        <ele>7</ele>
        <time>2026-05-28T23:10:00.000Z</time>
        <extensions>
          <ns3:TrackPointExtension>
            <ns3:hr>135</ns3:hr>
          </ns3:TrackPointExtension>
        </extensions>
      </trkpt>
      <trkpt lat="31.40694332309067249298095703125" lon="119.477313794195652008056640625">
        <ele>7</ele>
        <time>2026-05-28T23:10:01.000Z</time>
        <extensions>
          <ns3:TrackPointExtension/>
        </extensions>
      </trkpt>
      <trkpt lat="31.40694131143391132354736328125" lon="119.4773427955806255340576171875">
        <ele>7</ele>
        <time>2026-05-28T23:10:02.000Z</time>
        <extensions>
          <ns3:TrackPointExtension/>
        </extensions>
      </trkpt>
      <trkpt lat="31.406939886510372161865234375" lon="119.47737221606075763702392578125">
        <ele>7</ele>
        <time>2026-05-28T23:10:03.000Z</time>
        <extensions>
          <ns3:TrackPointExtension/>
        </extensions>
      </trkpt>
      <trkpt lat="31.40693913213908672332763671875" lon="119.47740264236927032470703125">
        <ele>7</ele>
        <time>2026-05-28T23:10:04.000Z</time>
        <extensions>
          <ns3:TrackPointExtension/>
        </extensions>
      </trkpt>
      <trkpt lat="31.40693812631070613861083984375" lon="119.4774326495826244354248046875">
        <ele>7</ele>
        <time>2026-05-28T23:10:05.000Z</time>
        <extensions>
          <ns3:TrackPointExtension/>
        </extensions>
      </trkpt>
      <trkpt lat="31.4069363661110401153564453125" lon="119.477461986243724822998046875">
        <ele>7</ele>
        <time>2026-05-28T23:10:06.000Z</time>
        <extensions>
          <ns3:TrackPointExtension/>
        </extensions>
      </trkpt>
      <trkpt lat="31.40693326480686664581298828125" lon="119.4774903170764446258544921875">
        <ele>7</ele>
        <time>2026-05-28T23:10:07.000Z</time>
        <extensions>
          <ns3:TrackPointExtension>
            <ns3:hr>140</ns3:hr>
          </ns3:TrackPointExtension>
        </extensions>
      </trkpt>
      <trkpt lat="31.4069293253123760223388671875" lon="119.47751923464238643646240234375">
        <ele>7.19999980926513671875</ele>
        <time>2026-05-28T23:10:08.000Z</time>
        <extensions>
          <ns3:TrackPointExtension>
            <ns3:hr>140</ns3:hr>
          </ns3:TrackPointExtension>
        </extensions>
      </trkpt>
      <trkpt lat="31.40692572109401226043701171875" lon="119.477549828588962554931640625">
        <ele>7.19999980926513671875</ele>
        <time>2026-05-28T23:10:09.000Z</time>
        <extensions>
          <ns3:TrackPointExtension/>
        </extensions>
      </trkpt>
      <trkpt lat="31.406923122704029083251953125" lon="119.47758100926876068115234375">
        <ele>7.400000095367431640625</ele>
        <time>2026-05-28T23:10:10.000Z</time>
        <extensions>
          <ns3:TrackPointExtension/>
        </extensions>
      </trkpt>
      <trkpt lat="31.406921446323394775390625" lon="119.47761076502501964569091796875">
        <ele>7.400000095367431640625</ele>
        <time>2026-05-28T23:10:11.000Z</time>
        <extensions>
          <ns3:TrackPointExtension>
            <ns3:hr>140</ns3:hr>
          </ns3:TrackPointExtension>
        </extensions>
      </trkpt>
      <trkpt lat="31.4069201052188873291015625" lon="119.477638341486454010009765625">
        <ele>7.599999904632568359375</ele>
        <time>2026-05-28T23:10:12.000Z</time>
        <extensions>
          <ns3:TrackPointExtension>
            <ns3:hr>140</ns3:hr>
          </ns3:TrackPointExtension>
        </extensions>
      </trkpt>
      <trkpt lat="31.4069187641143798828125" lon="119.47766306810081005096435546875">
        <ele>7.599999904632568359375</ele>
        <time>2026-05-28T23:10:13.000Z</time>
        <extensions>
          <ns3:TrackPointExtension/>
        </extensions>
      </trkpt>
      <trkpt lat="31.40691733919084072113037109375" lon="119.4776857830584049224853515625">
        <ele>7.599999904632568359375</ele>
        <time>2026-05-28T23:10:14.000Z</time>
        <extensions>
          <ns3:TrackPointExtension>
            <ns3:hr>141</ns3:hr>
          </ns3:TrackPointExtension>
        </extensions>
      </trkpt>
      <trkpt lat="31.406916081905364990234375" lon="119.47770841419696807861328125">
        <ele>7.80000019073486328125</ele>
        <time>2026-05-28T23:10:15.000Z</time>
        <extensions>
          <ns3:TrackPointExtension>
            <ns3:hr>141</ns3:hr>
          </ns3:TrackPointExtension>
        </extensions>
      </trkpt>
      <trkpt lat="31.4069155789911746978759765625" lon="119.477731548249721527099609375">
        <ele>7.80000019073486328125</ele>
        <time>2026-05-28T23:10:16.000Z</time>
        <extensions>
          <ns3:TrackPointExtension/>
        </extensions>
      </trkpt>
      <trkpt lat="31.40691549517214298248291015625" lon="119.47775543667376041412353515625">
        <ele>8</ele>
        <time>2026-05-28T23:10:17.000Z</time>
        <extensions>
          <ns3:TrackPointExtension/>
        </extensions>
      </trkpt>
      <trkpt lat="31.406915746629238128662109375" lon="119.47777957655489444732666015625">
        <ele>8</ele>
        <time>2026-05-28T23:10:18.000Z</time>
        <extensions>
          <ns3:TrackPointExtension/>
        </extensions>
      </trkpt>
      <trkpt lat="31.40691541135311126708984375" lon="119.47780522517859935760498046875">
        <ele>8</ele>
        <time>2026-05-28T23:10:19.000Z</time>
        <extensions>
          <ns3:TrackPointExtension/>
        </extensions>
      </trkpt>
      <trkpt lat="31.4069135673344135284423828125" lon="119.47783305309712886810302734375">
        <ele>8</ele>
        <time>2026-05-28T23:10:20.000Z</time>
        <extensions>
          <ns3:TrackPointExtension/>
        </extensions>
      </trkpt>
      <trkpt lat="31.40691063366830348968505859375" lon="119.4778624735772609710693359375">
        <ele>8</ele>
        <time>2026-05-28T23:10:21.000Z</time>
        <extensions>
          <ns3:TrackPointExtension>
            <ns3:hr>141</ns3:hr>
          </ns3:TrackPointExtension>
        </extensions>
      </trkpt>
      <trkpt lat="31.40690694563090801239013671875" lon="119.477893821895122528076171875">
        <ele>8</ele>
        <time>2026-05-28T23:10:22.000Z</time>
        <extensions>
          <ns3:TrackPointExtension>
            <ns3:hr>141</ns3:hr>
          </ns3:TrackPointExtension>
        </extensions>
      </trkpt>
      <trkpt lat="31.40690292231738567352294921875" lon="119.4779268465936183929443359375">
        <ele>8</ele>
        <time>2026-05-28T23:10:23.000Z</time>
        <extensions>
          <ns3:TrackPointExtension/>
        </extensions>
      </trkpt>
      <trkpt lat="31.4068988151848316192626953125" lon="119.477958865463733673095703125">
        <ele>8</ele>
        <time>2026-05-28T23:10:24.000Z</time>
        <extensions>
          <ns3:TrackPointExtension/>
        </extensions>
      </trkpt>
      <trkpt lat="31.40689403750002384185791015625" lon="119.47798912413418292999267578125">
        <ele>8</ele>
        <time>2026-05-28T23:10:25.000Z</time>
        <extensions>
          <ns3:TrackPointExtension/>
        </extensions>
      </trkpt>
      <trkpt lat="31.40688783489167690277099609375" lon="119.47801762260496616363525390625">
        <ele>8.19999980926513671875</ele>
        <time>2026-05-28T23:10:26.000Z</time>
        <extensions>
          <ns3:TrackPointExtension/>
        </extensions>
      </trkpt>
      <trkpt lat="31.4068800397217273712158203125" lon="119.47804477997124195098876953125">
        <ele>8.19999980926513671875</ele>
        <time>2026-05-28T23:10:27.000Z</time>
        <extensions>
          <ns3:TrackPointExtension>
            <ns3:hr>143</ns3:hr>
          </ns3:TrackPointExtension>
        </extensions>
      </trkpt>
      <trkpt lat="31.40687224455177783966064453125" lon="119.47807185351848602294921875">
        <ele>8</ele>
        <time>2026-05-28T23:10:28.000Z</time>
        <extensions>
          <ns3:TrackPointExtension>
            <ns3:hr>143</ns3:hr>
          </ns3:TrackPointExtension>
        </extensions>
      </trkpt>
      <trkpt lat="31.40686587430536746978759765625" lon="119.478099346160888671875">
        <ele>8</ele>
        <time>2026-05-28T23:10:29.000Z</time>
        <extensions>
          <ns3:TrackPointExtension>
            <ns3:hr>143</ns3:hr>
          </ns3:TrackPointExtension>
        </extensions>
      </trkpt>
      <trkpt lat="31.406861431896686553955078125" lon="119.47812692262232303619384765625">
        <ele>8</ele>
        <time>2026-05-28T23:10:30.000Z</time>
        <extensions>
          <ns3:TrackPointExtension/>
        </extensions>
      </trkpt>
      <trkpt lat="31.4068585820496082305908203125" lon="119.47815441526472568511962890625">
        <ele>7.80000019073486328125</ele>
        <time>2026-05-28T23:10:31.000Z</time>
        <extensions>
          <ns3:TrackPointExtension/>
        </extensions>
      </trkpt>
      <trkpt lat="31.4068569056689739227294921875" lon="119.478182159364223480224609375">
        <ele>7.80000019073486328125</ele>
        <time>2026-05-28T23:10:32.000Z</time>
        <extensions>
          <ns3:TrackPointExtension/>
        </extensions>
      </trkpt>
      <trkpt lat="31.40685615129768848419189453125" lon="119.47821040637791156768798828125">
        <ele>7.599999904632568359375</ele>
        <time>2026-05-28T23:10:33.000Z</time>
        <extensions>
          <ns3:TrackPointExtension/>
        </extensions>
      </trkpt>
      <trkpt lat="31.406854726374149322509765625" lon="119.4782393239438533782958984375">
        <ele>7.599999904632568359375</ele>
        <time>2026-05-28T23:10:34.000Z</time>
        <extensions>
          <ns3:TrackPointExtension/>
        </extensions>
      </trkpt>
      <trkpt lat="31.4068522118031978607177734375" lon="119.478268325328826904296875">
        <ele>7.400000095367431640625</ele>
        <time>2026-05-28T23:10:35.000Z</time>
        <extensions>
          <ns3:TrackPointExtension>
            <ns3:hr>145</ns3:hr>
          </ns3:TrackPointExtension>
        </extensions>
      </trkpt>
      <trkpt lat="31.40684927813708782196044921875" lon="119.478296153247356414794921875">
        <ele>7.400000095367431640625</ele>
        <time>2026-05-28T23:10:36.000Z</time>
        <extensions>
          <ns3:TrackPointExtension>
            <ns3:hr>145</ns3:hr>
          </ns3:TrackPointExtension>
        </extensions>
      </trkpt>
      <trkpt lat="31.4068461768329143524169921875" lon="119.47832222096621990203857421875">
        <ele>7.599999904632568359375</ele>
        <time>2026-05-28T23:10:37.000Z</time>
        <extensions>
          <ns3:TrackPointExtension/>
        </extensions>
      </trkpt>
      <trkpt lat="31.40684307552874088287353515625" lon="119.47834736667573451995849609375">
        <ele>7.599999904632568359375</ele>
        <time>2026-05-28T23:10:38.000Z</time>
        <extensions>
          <ns3:TrackPointExtension/>
        </extensions>
      </trkpt>
      <trkpt lat="31.4068404771387577056884765625" lon="119.4783724285662174224853515625">
        <ele>7.599999904632568359375</ele>
        <time>2026-05-28T23:10:39.000Z</time>
        <extensions>
          <ns3:TrackPointExtension/>
        </extensions>
      </trkpt>
      <trkpt lat="31.40683854930102825164794921875" lon="119.47839816100895404815673828125">
        <ele>7.599999904632568359375</ele>
        <time>2026-05-28T23:10:40.000Z</time>
        <extensions>
          <ns3:TrackPointExtension/>
        </extensions>
      </trkpt>
      <trkpt lat="31.4068367891013622283935546875" lon="119.478424899280071258544921875">
        <ele>7.599999904632568359375</ele>
        <time>2026-05-28T23:10:41.000Z</time>
        <extensions>
          <ns3:TrackPointExtension/>
        </extensions>
      </trkpt>
      <trkpt lat="31.40683486126363277435302734375" lon="119.4784522242844104766845703125">
        <ele>7.599999904632568359375</ele>
        <time>2026-05-28T23:10:42.000Z</time>
        <extensions>
          <ns3:TrackPointExtension>
            <ns3:hr>144</ns3:hr>
          </ns3:TrackPointExtension>
        </extensions>
      </trkpt>
      <trkpt lat="31.40683268196880817413330078125" lon="119.4784790463745594024658203125">
        <ele>7.599999904632568359375</ele>
        <time>2026-05-28T23:10:43.000Z</time>
        <extensions>
          <ns3:TrackPointExtension>
            <ns3:hr>144</ns3:hr>
          </ns3:TrackPointExtension>
        </extensions>
      </trkpt>
      <trkpt lat="31.4068307541310787200927734375" lon="119.47850477881729602813720703125">
        <ele>7.599999904632568359375</ele>
        <time>2026-05-28T23:10:44.000Z</time>
        <extensions>
          <ns3:TrackPointExtension/>
        </extensions>
      </trkpt>
      <trkpt lat="31.406829245388507843017578125" lon="119.4785300083458423614501953125">
        <ele>7.599999904632568359375</ele>
        <time>2026-05-28T23:10:45.000Z</time>
        <extensions>
          <ns3:TrackPointExtension>
            <ns3:hr>143</ns3:hr>
          </ns3:TrackPointExtension>
        </extensions>
      </trkpt>
      <trkpt lat="31.406827904284000396728515625" lon="119.478556327521800994873046875">
        <ele>7.80000019073486328125</ele>
        <time>2026-05-28T23:10:46.000Z</time>
        <extensions>
          <ns3:TrackPointExtension>
            <ns3:hr>143</ns3:hr>
          </ns3:TrackPointExtension>
        </extensions>
      </trkpt>
      <trkpt lat="31.40682689845561981201171875" lon="119.47858356870710849761962890625">
        <ele>8</ele>
        <time>2026-05-28T23:10:47.000Z</time>
        <extensions>
          <ns3:TrackPointExtension/>
        </extensions>
      </trkpt>
      <trkpt lat="31.40682647936046123504638671875" lon="119.47860988788306713104248046875">
        <ele>8</ele>
        <time>2026-05-28T23:10:48.000Z</time>
        <extensions>
          <ns3:TrackPointExtension/>
        </extensions>
      </trkpt>
      <trkpt lat="31.40682580880820751190185546875" lon="119.47863553650677204132080078125">
        <ele>8.19999980926513671875</ele>
        <time>2026-05-28T23:10:49.000Z</time>
        <extensions>
          <ns3:TrackPointExtension/>
        </extensions>
      </trkpt>
      <trkpt lat="31.40682430006563663482666015625" lon="119.47866135276854038238525390625">
        <ele>8.19999980926513671875</ele>
        <time>2026-05-28T23:10:50.000Z</time>
        <extensions>
          <ns3:TrackPointExtension/>
        </extensions>
      </trkpt>
      <trkpt lat="31.40682195313274860382080078125" lon="119.4786885939538478851318359375">
        <ele>8.3999996185302734375</ele>
        <time>2026-05-28T23:10:51.000Z</time>
        <extensions>
          <ns3:TrackPointExtension/>
        </extensions>
      </trkpt>
      <trkpt lat="31.40681893564760684967041015625" lon="119.47871818207204341888427734375">
        <ele>8.3999996185302734375</ele>
        <time>2026-05-28T23:10:52.000Z</time>
        <extensions>
          <ns3:TrackPointExtension>
            <ns3:hr>144</ns3:hr>
          </ns3:TrackPointExtension>
        </extensions>
      </trkpt>
      <trkpt lat="31.40681558288633823394775390625" lon="119.47874919511377811431884765625">
        <ele>8.6000003814697265625</ele>
        <time>2026-05-28T23:10:53.000Z</time>
        <extensions>
          <ns3:TrackPointExtension>
            <ns3:hr>144</ns3:hr>
          </ns3:TrackPointExtension>
        </extensions>
      </trkpt>
      <trkpt lat="31.40681273303925991058349609375" lon="119.4787787832319736480712890625">
        <ele>8.80000019073486328125</ele>
        <time>2026-05-28T23:10:54.000Z</time>
        <extensions>
          <ns3:TrackPointExtension/>
        </extensions>
      </trkpt>
      <trkpt lat="31.40681038610637187957763671875" lon="119.47880677878856658935546875">
        <ele>8.80000019073486328125</ele>
        <time>2026-05-28T23:10:55.000Z</time>
        <extensions>
          <ns3:TrackPointExtension/>
        </extensions>
      </trkpt>
      <trkpt lat="31.406807787716388702392578125" lon="119.47883469052612781524658203125">
        <ele>8.80000019073486328125</ele>
        <time>2026-05-28T23:10:56.000Z</time>
        <extensions>
          <ns3:TrackPointExtension/>
        </extensions>
      </trkpt>
      <trkpt lat="31.40680544078350067138671875" lon="119.47886302135884761810302734375">
        <ele>8.80000019073486328125</ele>
        <time>2026-05-28T23:10:57.000Z</time>
        <extensions>
          <ns3:TrackPointExtension>
            <ns3:hr>143</ns3:hr>
          </ns3:TrackPointExtension>
        </extensions>
      </trkpt>
      <trkpt lat="31.4068032614886760711669921875" lon="119.47889135219156742095947265625">
        <ele>8.80000019073486328125</ele>
        <time>2026-05-28T23:10:58.000Z</time>
        <extensions>
          <ns3:TrackPointExtension>
            <ns3:hr>143</ns3:hr>
          </ns3:TrackPointExtension>
        </extensions>
      </trkpt>
      <trkpt lat="31.40680141746997833251953125" lon="119.4789199344813823699951171875">
        <ele>8.80000019073486328125</ele>
        <time>2026-05-28T23:10:59.000Z</time>
        <extensions>
          <ns3:TrackPointExtension>
            <ns3:hr>143</ns3:hr>
          </ns3:TrackPointExtension>
        </extensions>
      </trkpt>
      <trkpt lat="31.406799741089344024658203125" lon="119.4789494387805461883544921875">
        <ele>8.80000019073486328125</ele>
        <time>2026-05-28T23:11:00.000Z</time>
        <extensions>
          <ns3:TrackPointExtension/>
        </extensions>
      </trkpt>
      <trkpt lat="31.40679831616580486297607421875" lon="119.47897986508905887603759765625">
        <ele>8.80000019073486328125</ele>
        <time>2026-05-28T23:11:01.000Z</time>
        <extensions>
          <ns3:TrackPointExtension/>
        </extensions>
      </trkpt>
      <trkpt lat="31.40679747797548770904541015625" lon="119.4790101237595081329345703125">
        <ele>8.80000019073486328125</ele>
        <time>2026-05-28T23:11:02.000Z</time>
        <extensions>
          <ns3:TrackPointExtension/>
        </extensions>
      </trkpt>
      <trkpt lat="31.406797058880329132080078125" lon="119.47903853841125965118408203125">
        <ele>8.80000019073486328125</ele>
        <time>2026-05-28T23:11:03.000Z</time>
        <extensions>
          <ns3:TrackPointExtension/>
        </extensions>
      </trkpt>
      <trkpt lat="31.40679680742323398590087890625" lon="119.479065947234630584716796875">
        <ele>8.80000019073486328125</ele>
        <time>2026-05-28T23:11:04.000Z</time>
        <extensions>
          <ns3:TrackPointExtension/>
        </extensions>
      </trkpt>
      <trkpt lat="31.4067967236042022705078125" lon="119.47909385897219181060791015625">
        <ele>8.6000003814697265625</ele>
        <time>2026-05-28T23:11:05.000Z</time>
        <extensions>
          <ns3:TrackPointExtension/>
        </extensions>
      </trkpt>
      <trkpt lat="31.406796388328075408935546875" lon="119.4791227765381336212158203125">
        <ele>8.6000003814697265625</ele>
        <time>2026-05-28T23:11:06.000Z</time>
        <extensions>
          <ns3:TrackPointExtension/>
        </extensions>
      </trkpt>
      <trkpt lat="31.4067940413951873779296875" lon="119.47915202938020229339599609375">
        <ele>8.3999996185302734375</ele>
        <time>2026-05-28T23:11:07.000Z</time>
        <extensions>
          <ns3:TrackPointExtension>
            <ns3:hr>144</ns3:hr>
          </ns3:TrackPointExtension>
        </extensions>
      </trkpt>
      <trkpt lat="31.40678842552006244659423828125" lon="119.47918019257485866546630859375">
        <ele>8.3999996185302734375</ele>
        <time>2026-05-28T23:11:08.000Z</time>
        <extensions>
          <ns3:TrackPointExtension>
            <ns3:hr>144</ns3:hr>
          </ns3:TrackPointExtension>
        </extensions>
      </trkpt>
      <trkpt lat="31.40678037889301776885986328125" lon="119.4792062602937221527099609375">
        <ele>8.3999996185302734375</ele>
        <time>2026-05-28T23:11:09.000Z</time>
        <extensions>
          <ns3:TrackPointExtension/>
        </extensions>
      </trkpt>
      <trkpt lat="31.40677182935178279876708984375" lon="119.4792300648987293243408203125">
        <ele>8.6000003814697265625</ele>
        <time>2026-05-28T23:11:10.000Z</time>
        <extensions>
          <ns3:TrackPointExtension/>
        </extensions>
      </trkpt>
      <trkpt lat="31.4067645370960235595703125" lon="119.47925336658954620361328125">
        <ele>8.6000003814697265625</ele>
        <time>2026-05-28T23:11:11.000Z</time>
        <extensions>
          <ns3:TrackPointExtension/>
        </extensions>
      </trkpt>
      <trkpt lat="31.40675925649702548980712890625" lon="119.479277171194553375244140625">
        <ele>8.6000003814697265625</ele>
        <time>2026-05-28T23:11:12.000Z</time>
        <extensions>
          <ns3:TrackPointExtension>
            <ns3:hr>145</ns3:hr>
          </ns3:TrackPointExtension>
        </extensions>
      </trkpt>
      <trkpt lat="31.40675581991672515869140625" lon="119.47930206544697284698486328125">
        <ele>8.3999996185302734375</ele>
        <time>2026-05-28T23:11:13.000Z</time>
        <extensions>
          <ns3:TrackPointExtension>
            <ns3:hr>145</ns3:hr>
          </ns3:TrackPointExtension>
        </extensions>
      </trkpt>
      <trkpt lat="31.40675355680286884307861328125" lon="119.4793272949755191802978515625">
        <ele>8.3999996185302734375</ele>
        <time>2026-05-28T23:11:14.000Z</time>
        <extensions>
          <ns3:TrackPointExtension>
            <ns3:hr>145</ns3:hr>
          </ns3:TrackPointExtension>
        </extensions>
      </trkpt>
      <trkpt lat="31.4067519642412662506103515625" lon="119.4793527759611606597900390625">
        <ele>8.3999996185302734375</ele>
        <time>2026-05-28T23:11:15.000Z</time>
        <extensions>
          <ns3:TrackPointExtension/>
        </extensions>
      </trkpt>
      <trkpt lat="31.4067511260509490966796875" lon="119.4793785922229290008544921875">
        <ele>8.19999980926513671875</ele>
        <time>2026-05-28T23:11:16.000Z</time>
        <extensions>
          <ns3:TrackPointExtension/>
        </extensions>
      </trkpt>
      <trkpt lat="31.40675204806029796600341796875" lon="119.47940516285598278045654296875">
        <ele>8.19999980926513671875</ele>
        <time>2026-05-28T23:11:17.000Z</time>
        <extensions>
          <ns3:TrackPointExtension/>
        </extensions>
      </trkpt>
      <trkpt lat="31.40675506554543972015380859375" lon="119.4794322364032268524169921875">
        <ele>8</ele>
        <time>2026-05-28T23:11:18.000Z</time>
        <extensions>
          <ns3:TrackPointExtension/>
        </extensions>
      </trkpt>
      <trkpt lat="31.4067593403160572052001953125" lon="119.4794603995978832244873046875">
        <ele>8</ele>
        <time>2026-05-28T23:11:19.000Z</time>
        <extensions>
          <ns3:TrackPointExtension/>
        </extensions>
      </trkpt>
      <trkpt lat="31.40676361508667469024658203125" lon="119.47949015535414218902587890625">
        <ele>8.19999980926513671875</ele>
        <time>2026-05-28T23:11:20.000Z</time>
        <extensions>
          <ns3:TrackPointExtension/>
        </extensions>
      </trkpt>
      <trkpt lat="31.4067667163908481597900390625" lon="119.47952083311975002288818359375">
        <ele>8.19999980926513671875</ele>
        <time>2026-05-28T23:11:21.000Z</time>
        <extensions>
          <ns3:TrackPointExtension/>
        </extensions>
      </trkpt>
      <trkpt lat="31.40676881186664104461669921875" lon="119.479550421237945556640625">
        <ele>8.3999996185302734375</ele>
        <time>2026-05-28T23:11:22.000Z</time>
        <extensions>
          <ns3:TrackPointExtension>
            <ns3:hr>142</ns3:hr>
          </ns3:TrackPointExtension>
        </extensions>
      </trkpt>
      <trkpt lat="31.4067707397043704986572265625" lon="119.47957749478518962860107421875">
        <ele>8.3999996185302734375</ele>
        <time>2026-05-28T23:11:23.000Z</time>
        <extensions>
          <ns3:TrackPointExtension>
            <ns3:hr>142</ns3:hr>
          </ns3:TrackPointExtension>
        </extensions>
      </trkpt>
      <trkpt lat="31.40677325427532196044921875" lon="119.4796032272279262542724609375">
        <ele>8.6000003814697265625</ele>
        <time>2026-05-28T23:11:24.000Z</time>
        <extensions>
          <ns3:TrackPointExtension/>
        </extensions>
      </trkpt>
      <trkpt lat="31.40677602030336856842041015625" lon="119.47962828911840915679931640625">
        <ele>8.6000003814697265625</ele>
        <time>2026-05-28T23:11:25.000Z</time>
        <extensions>
          <ns3:TrackPointExtension>
            <ns3:hr>143</ns3:hr>
          </ns3:TrackPointExtension>
        </extensions>
      </trkpt>
      <trkpt lat="31.40677836723625659942626953125" lon="119.4796531833708286285400390625">
        <ele>8.80000019073486328125</ele>
        <time>2026-05-28T23:11:26.000Z</time>
        <extensions>
          <ns3:TrackPointExtension>
            <ns3:hr>143</ns3:hr>
          </ns3:TrackPointExtension>
        </extensions>
      </trkpt>
      <trkpt lat="31.406779624521732330322265625" lon="119.47967774234712123870849609375">
        <ele>8.80000019073486328125</ele>
        <time>2026-05-28T23:11:27.000Z</time>
        <extensions>
          <ns3:TrackPointExtension/>
        </extensions>
      </trkpt>
      <trkpt lat="31.4067794568836688995361328125" lon="119.47970288805663585662841796875">
        <ele>9</ele>
        <time>2026-05-28T23:11:28.000Z</time>
        <extensions>
          <ns3:TrackPointExtension/>
        </extensions>
      </trkpt>
      <trkpt lat="31.40677853487432003021240234375" lon="119.47972920723259449005126953125">
        <ele>9</ele>
        <time>2026-05-28T23:11:29.000Z</time>
        <extensions>
          <ns3:TrackPointExtension/>
        </extensions>
      </trkpt>
      <trkpt lat="31.40677769668400287628173828125" lon="119.4797571189701557159423828125">
        <ele>9.19999980926513671875</ele>
        <time>2026-05-28T23:11:30.000Z</time>
        <extensions>
          <ns3:TrackPointExtension>
            <ns3:hr>143</ns3:hr>
          </ns3:TrackPointExtension>
        </extensions>
      </trkpt>
      <trkpt lat="31.406777612864971160888671875" lon="119.47978553362190723419189453125">
        <ele>9.19999980926513671875</ele>
        <time>2026-05-28T23:11:31.000Z</time>
        <extensions>
          <ns3:TrackPointExtension>
            <ns3:hr>143</ns3:hr>
          </ns3:TrackPointExtension>
        </extensions>
      </trkpt>
      <trkpt lat="31.4067767746746540069580078125" lon="119.479813277721405029296875">
        <ele>9.3999996185302734375</ele>
        <time>2026-05-28T23:11:32.000Z</time>
        <extensions>
          <ns3:TrackPointExtension/>
        </extensions>
      </trkpt>
      <trkpt lat="31.406773589551448822021484375" lon="119.4798399321734905242919921875">
        <ele>9.3999996185302734375</ele>
        <time>2026-05-28T23:11:33.000Z</time>
        <extensions>
          <ns3:TrackPointExtension/>
        </extensions>
      </trkpt>
      <trkpt lat="31.40676847659051418304443359375" lon="119.4798664189875125885009765625">
        <ele>9.6000003814697265625</ele>
        <time>2026-05-28T23:11:34.000Z</time>
        <extensions>
          <ns3:TrackPointExtension>
            <ns3:hr>142</ns3:hr>
          </ns3:TrackPointExtension>
        </extensions>
      </trkpt>
      <trkpt lat="31.40676210634410381317138671875" lon="119.47989315725862979888916015625">
        <ele>9.6000003814697265625</ele>
        <time>2026-05-28T23:11:35.000Z</time>
        <extensions>
          <ns3:TrackPointExtension>
            <ns3:hr>142</ns3:hr>
          </ns3:TrackPointExtension>
        </extensions>
      </trkpt>
      <trkpt lat="31.40675506554543972015380859375" lon="119.47992098517715930938720703125">
        <ele>9.80000019073486328125</ele>
        <time>2026-05-28T23:11:36.000Z</time>
        <extensions>
          <ns3:TrackPointExtension/>
        </extensions>
      </trkpt>
      <trkpt lat="31.40674802474677562713623046875" lon="119.47995074093341827392578125">
        <ele>9.80000019073486328125</ele>
        <time>2026-05-28T23:11:37.000Z</time>
        <extensions>
          <ns3:TrackPointExtension/>
        </extensions>
      </trkpt>
      <trkpt lat="31.40674106776714324951171875" lon="119.47998133487999439239501953125">
        <ele>10</ele>
        <time>2026-05-28T23:11:38.000Z</time>
        <extensions>
          <ns3:TrackPointExtension/>
        </extensions>
      </trkpt>
      <trkpt lat="31.4067341946065425872802734375" lon="119.4800115935504436492919921875">
        <ele>10</ele>
        <time>2026-05-28T23:11:39.000Z</time>
        <extensions>
          <ns3:TrackPointExtension/>
        </extensions>
      </trkpt>
      <trkpt lat="31.406728327274322509765625" lon="119.4800407625734806060791015625">
        <ele>10</ele>
        <time>2026-05-28T23:11:40.000Z</time>
        <extensions>
          <ns3:TrackPointExtension>
            <ns3:hr>143</ns3:hr>
          </ns3:TrackPointExtension>
        </extensions>
      </trkpt>
      <trkpt lat="31.4067238010466098785400390625" lon="119.48006884194910526275634765625">
        <ele>10</ele>
        <time>2026-05-28T23:11:41.000Z</time>
        <extensions>
          <ns3:TrackPointExtension>
            <ns3:hr>143</ns3:hr>
          </ns3:TrackPointExtension>
        </extensions>
      </trkpt>
      <trkpt lat="31.40672019682824611663818359375" lon="119.4800947420299053192138671875">
        <ele>10</ele>
        <time>2026-05-28T23:11:42.000Z</time>
        <extensions>
          <ns3:TrackPointExtension/>
        </extensions>
      </trkpt>
      <trkpt lat="31.40671692788600921630859375" lon="119.48011879809200763702392578125">
        <ele>9.80000019073486328125</ele>
        <time>2026-05-28T23:11:43.000Z</time>
        <extensions>
          <ns3:TrackPointExtension>
            <ns3:hr>143</ns3:hr>
          </ns3:TrackPointExtension>
        </extensions>
      </trkpt>
      <trkpt lat="31.406713239848613739013671875" lon="119.48014142923057079315185546875">
        <ele>9.80000019073486328125</ele>
        <time>2026-05-28T23:11:44.000Z</time>
        <extensions>
          <ns3:TrackPointExtension>
            <ns3:hr>143</ns3:hr>
          </ns3:TrackPointExtension>
        </extensions>
      </trkpt>
      <trkpt lat="31.40670913271605968475341796875" lon="119.48016556911170482635498046875">
        <ele>9.6000003814697265625</ele>
        <time>2026-05-28T23:11:45.000Z</time>
        <extensions>
          <ns3:TrackPointExtension/>
        </extensions>
      </trkpt>
      <trkpt lat="31.40670460648834705352783203125" lon="119.4801928102970123291015625">
        <ele>9.6000003814697265625</ele>
        <time>2026-05-28T23:11:46.000Z</time>
        <extensions>
          <ns3:TrackPointExtension/>
        </extensions>
      </trkpt>
      <trkpt lat="31.40670008026063442230224609375" lon="119.48022290132939815521240234375">
        <ele>9.3999996185302734375</ele>
        <time>2026-05-28T23:11:47.000Z</time>
        <extensions>
          <ns3:TrackPointExtension/>
        </extensions>
      </trkpt>
      <trkpt lat="31.406696476042270660400390625" lon="119.48025383055210113525390625">
        <ele>9.19999980926513671875</ele>
        <time>2026-05-28T23:11:48.000Z</time>
        <extensions>
          <ns3:TrackPointExtension/>
        </extensions>
      </trkpt>
      <trkpt lat="31.40669387765228748321533203125" lon="119.48028442449867725372314453125">
        <ele>9.19999980926513671875</ele>
        <time>2026-05-28T23:11:49.000Z</time>
        <extensions>
          <ns3:TrackPointExtension/>
        </extensions>
      </trkpt>
      <trkpt lat="31.40669220127165317535400390625" lon="119.480314515531063079833984375">
        <ele>9</ele>
        <time>2026-05-28T23:11:50.000Z</time>
        <extensions>
          <ns3:TrackPointExtension>
            <ns3:hr>145</ns3:hr>
          </ns3:TrackPointExtension>
        </extensions>
      </trkpt>
      <trkpt lat="31.406690776348114013671875" lon="119.480344690382480621337890625">
        <ele>9</ele>
        <time>2026-05-28T23:11:51.000Z</time>
        <extensions>
          <ns3:TrackPointExtension>
            <ns3:hr>145</ns3:hr>
          </ns3:TrackPointExtension>
        </extensions>
      </trkpt>
      <trkpt lat="31.40668901614844799041748046875" lon="119.48037561960518360137939453125">
        <ele>8.80000019073486328125</ele>
        <time>2026-05-28T23:11:52.000Z</time>
        <extensions>
          <ns3:TrackPointExtension/>
        </extensions>
      </trkpt>
      <trkpt lat="31.4066867530345916748046875" lon="119.4804068841040134429931640625">
        <ele>8.6000003814697265625</ele>
        <time>2026-05-28T23:11:53.000Z</time>
        <extensions>
          <ns3:TrackPointExtension/>
        </extensions>
      </trkpt>
      <trkpt lat="31.4066840708255767822265625" lon="119.48043663986027240753173828125">
        <ele>8.6000003814697265625</ele>
        <time>2026-05-28T23:11:54.000Z</time>
        <extensions>
          <ns3:TrackPointExtension/>
        </extensions>
      </trkpt>
      <trkpt lat="31.4066812209784984588623046875" lon="119.480465389788150787353515625">
        <ele>8.3999996185302734375</ele>
        <time>2026-05-28T23:11:55.000Z</time>
        <extensions>
          <ns3:TrackPointExtension/>
        </extensions>
      </trkpt>
      <trkpt lat="31.40667811967432498931884765625" lon="119.4804940558969974517822265625">
        <ele>8.3999996185302734375</ele>
        <time>2026-05-28T23:11:56.000Z</time>
        <extensions>
          <ns3:TrackPointExtension>
            <ns3:hr>144</ns3:hr>
          </ns3:TrackPointExtension>
        </extensions>
      </trkpt>
      <trkpt lat="31.4066751860082149505615234375" lon="119.48052247054874897003173828125">
        <ele>8.19999980926513671875</ele>
        <time>2026-05-28T23:11:57.000Z</time>
        <extensions>
          <ns3:TrackPointExtension>
            <ns3:hr>144</ns3:hr>
          </ns3:TrackPointExtension>
        </extensions>
      </trkpt>
      <trkpt lat="31.40667258761823177337646484375" lon="119.4805493764579296112060546875">
        <ele>8.19999980926513671875</ele>
        <time>2026-05-28T23:11:58.000Z</time>
        <extensions>
          <ns3:TrackPointExtension>
            <ns3:hr>144</ns3:hr>
          </ns3:TrackPointExtension>
        </extensions>
      </trkpt>
      <trkpt lat="31.4066706597805023193359375" lon="119.48057460598647594451904296875">
        <ele>8</ele>
        <time>2026-05-28T23:11:59.000Z</time>
        <extensions>
          <ns3:TrackPointExtension>
            <ns3:hr>144</ns3:hr>
          </ns3:TrackPointExtension>
        </extensions>
      </trkpt>
      <trkpt lat="31.40666973777115345001220703125" lon="119.48059908114373683929443359375">
        <ele>8</ele>
        <time>2026-05-28T23:12:00.000Z</time>
        <extensions>
          <ns3:TrackPointExtension/>
        </extensions>
      </trkpt>
      <trkpt lat="31.406669653952121734619140625" lon="119.480622299015522003173828125">
        <ele>7.80000019073486328125</ele>
        <time>2026-05-28T23:12:01.000Z</time>
        <extensions>
          <ns3:TrackPointExtension/>
        </extensions>
      </trkpt>
      <trkpt lat="31.40667024068534374237060546875" lon="119.48064501397311687469482421875">
        <ele>7.80000019073486328125</ele>
        <time>2026-05-28T23:12:02.000Z</time>
        <extensions>
          <ns3:TrackPointExtension/>
        </extensions>
      </trkpt>
      <trkpt lat="31.40667091123759746551513671875" lon="119.48066881857812404632568359375">
        <ele>7.599999904632568359375</ele>
        <time>2026-05-28T23:12:03.000Z</time>
        <extensions>
          <ns3:TrackPointExtension/>
        </extensions>
      </trkpt>
      <trkpt lat="31.40667074359953403472900390625" lon="119.480694718658924102783203125">
        <ele>7.599999904632568359375</ele>
        <time>2026-05-28T23:12:04.000Z</time>
        <extensions>
          <ns3:TrackPointExtension/>
        </extensions>
      </trkpt>
      <trkpt lat="31.40666889958083629608154296875" lon="119.4807223789393901824951171875">
        <ele>7.400000095367431640625</ele>
        <time>2026-05-28T23:12:05.000Z</time>
        <extensions>
          <ns3:TrackPointExtension/>
        </extensions>
      </trkpt>
      <trkpt lat="31.406665630638599395751953125" lon="119.480751715600490570068359375">
        <ele>7.400000095367431640625</ele>
        <time>2026-05-28T23:12:06.000Z</time>
        <extensions>
          <ns3:TrackPointExtension>
            <ns3:hr>143</ns3:hr>
          </ns3:TrackPointExtension>
        </extensions>
      </trkpt>
      <trkpt lat="31.40666185878217220306396484375" lon="119.4807817228138446807861328125">
        <ele>7.19999980926513671875</ele>
        <time>2026-05-28T23:12:07.000Z</time>
        <extensions>
          <ns3:TrackPointExtension>
            <ns3:hr>143</ns3:hr>
          </ns3:TrackPointExtension>
        </extensions>
      </trkpt>
      <trkpt lat="31.406658254563808441162109375" lon="119.480811394751071929931640625">
        <ele>7.19999980926513671875</ele>
        <time>2026-05-28T23:12:08.000Z</time>
        <extensions>
          <ns3:TrackPointExtension/>
        </extensions>
      </trkpt>
      <trkpt lat="31.40665498562157154083251953125" lon="119.48083997704088687896728515625">
        <ele>7</ele>
        <time>2026-05-28T23:12:09.000Z</time>
        <extensions>
          <ns3:TrackPointExtension/>
        </extensions>
      </trkpt>
      <trkpt lat="31.4066523872315883636474609375" lon="119.480868391692638397216796875">
        <ele>6.80000019073486328125</ele>
        <time>2026-05-28T23:12:10.000Z</time>
        <extensions>
          <ns3:TrackPointExtension>
            <ns3:hr>143</ns3:hr>
          </ns3:TrackPointExtension>
        </extensions>
      </trkpt>
      <trkpt lat="31.40665029175579547882080078125" lon="119.48089730925858020782470703125">
        <ele>6.80000019073486328125</ele>
        <time>2026-05-28T23:12:11.000Z</time>
        <extensions>
          <ns3:TrackPointExtension>
            <ns3:hr>143</ns3:hr>
          </ns3:TrackPointExtension>
        </extensions>
      </trkpt>
      <trkpt lat="31.4066483639180660247802734375" lon="119.48092664591968059539794921875">
        <ele>6.599999904632568359375</ele>
        <time>2026-05-28T23:12:12.000Z</time>
        <extensions>
          <ns3:TrackPointExtension/>
        </extensions>
      </trkpt>
      <trkpt lat="31.406646855175495147705078125" lon="119.4809553958475589752197265625">
        <ele>6.599999904632568359375</ele>
        <time>2026-05-28T23:12:13.000Z</time>
        <extensions>
          <ns3:TrackPointExtension>
            <ns3:hr>143</ns3:hr>
          </ns3:TrackPointExtension>
        </extensions>
      </trkpt>
      <trkpt lat="31.40664559789001941680908203125" lon="119.48098473250865936279296875">
        <ele>6.400000095367431640625</ele>
        <time>2026-05-28T23:12:14.000Z</time>
        <extensions>
          <ns3:TrackPointExtension>
            <ns3:hr>143</ns3:hr>
          </ns3:TrackPointExtension>
        </extensions>
      </trkpt>
      <trkpt lat="31.406644172966480255126953125" lon="119.48101566173136234283447265625">
        <ele>6.400000095367431640625</ele>
        <time>2026-05-28T23:12:15.000Z</time>
        <extensions>
          <ns3:TrackPointExtension/>
        </extensions>
      </trkpt>
      <trkpt lat="31.406642496585845947265625" lon="119.48104667477309703826904296875">
        <ele>6.19999980926513671875</ele>
        <time>2026-05-28T23:12:16.000Z</time>
        <extensions>
          <ns3:TrackPointExtension/>
        </extensions>
      </trkpt>
      <trkpt lat="31.4066406525671482086181640625" lon="119.48107617907226085662841796875">
        <ele>6.19999980926513671875</ele>
        <time>2026-05-28T23:12:17.000Z</time>
        <extensions>
          <ns3:TrackPointExtension/>
        </extensions>
      </trkpt>
      <trkpt lat="31.4066386409103870391845703125" lon="119.481105096638202667236328125">
        <ele>6</ele>
        <time>2026-05-28T23:12:18.000Z</time>
        <extensions>
          <ns3:TrackPointExtension/>
        </extensions>
      </trkpt>
      <trkpt lat="31.40663637779653072357177734375" lon="119.48113434948027133941650390625">
        <ele>6.19999980926513671875</ele>
        <time>2026-05-28T23:12:19.000Z</time>
        <extensions>
          <ns3:TrackPointExtension/>
        </extensions>
      </trkpt>
      <trkpt lat="31.4066339470446109771728515625" lon="119.48116351850330829620361328125">
        <ele>6.400000095367431640625</ele>
        <time>2026-05-28T23:12:20.000Z</time>
        <extensions>
          <ns3:TrackPointExtension/>
        </extensions>
      </trkpt>
      <trkpt lat="31.40663067810237407684326171875" lon="119.48119251988828182220458984375">
        <ele>6.599999904632568359375</ele>
        <time>2026-05-28T23:12:21.000Z</time>
        <extensions>
          <ns3:TrackPointExtension/>
        </extensions>
      </trkpt>
      <trkpt lat="31.406626068055629730224609375" lon="119.48122085072100162506103515625">
        <ele>6.80000019073486328125</ele>
        <time>2026-05-28T23:12:22.000Z</time>
        <extensions>
          <ns3:TrackPointExtension>
            <ns3:hr>144</ns3:hr>
          </ns3:TrackPointExtension>
        </extensions>
      </trkpt>
      <trkpt lat="31.40662112273275852203369140625" lon="119.481249265372753143310546875">
        <ele>7.19999980926513671875</ele>
        <time>2026-05-28T23:12:23.000Z</time>
        <extensions>
          <ns3:TrackPointExtension>
            <ns3:hr>144</ns3:hr>
          </ns3:TrackPointExtension>
        </extensions>
      </trkpt>
      <trkpt lat="31.4066171832382678985595703125" lon="119.48127801530063152313232421875">
        <ele>7.400000095367431640625</ele>
        <time>2026-05-28T23:12:24.000Z</time>
        <extensions>
          <ns3:TrackPointExtension/>
        </extensions>
      </trkpt>
      <trkpt lat="31.40661424957215785980224609375" lon="119.48130735196173191070556640625">
        <ele>7.599999904632568359375</ele>
        <time>2026-05-28T23:12:25.000Z</time>
        <extensions>
          <ns3:TrackPointExtension>
            <ns3:hr>145</ns3:hr>
          </ns3:TrackPointExtension>
        </extensions>
      </trkpt>
      <trkpt lat="31.4066116511821746826171875" lon="119.48133668862283229827880859375">
        <ele>7.80000019073486328125</ele>
        <time>2026-05-28T23:12:26.000Z</time>
        <extensions>
          <ns3:TrackPointExtension>
            <ns3:hr>145</ns3:hr>
          </ns3:TrackPointExtension>
        </extensions>
      </trkpt>
      <trkpt lat="31.4066088013350963592529296875" lon="119.481365270912647247314453125">
        <ele>8</ele>
        <time>2026-05-28T23:12:27.000Z</time>
        <extensions>
          <ns3:TrackPointExtension/>
        </extensions>
      </trkpt>
      <trkpt lat="31.40660553239285945892333984375" lon="119.48139402084052562713623046875">
        <ele>8</ele>
        <time>2026-05-28T23:12:28.000Z</time>
        <extensions>
          <ns3:TrackPointExtension/>
        </extensions>
      </trkpt>
      <trkpt lat="31.4066020958125591278076171875" lon="119.481422603130340576171875">
        <ele>8</ele>
        <time>2026-05-28T23:12:29.000Z</time>
        <extensions>
          <ns3:TrackPointExtension/>
        </extensions>
      </trkpt>
      <trkpt lat="31.406599245965480804443359375" lon="119.4814499281346797943115234375">
        <ele>8</ele>
        <time>2026-05-28T23:12:30.000Z</time>
        <extensions>
          <ns3:TrackPointExtension/>
        </extensions>
      </trkpt>
      <trkpt lat="31.40659698285162448883056640625" lon="119.48147633112967014312744140625">
        <ele>8</ele>
        <time>2026-05-28T23:12:31.000Z</time>
        <extensions>
          <ns3:TrackPointExtension/>
        </extensions>
      </trkpt>
      <trkpt lat="31.40659497119486331939697265625" lon="119.4815017282962799072265625">
        <ele>8</ele>
        <time>2026-05-28T23:12:32.000Z</time>
        <extensions>
          <ns3:TrackPointExtension>
            <ns3:hr>147</ns3:hr>
          </ns3:TrackPointExtension>
        </extensions>
      </trkpt>
      <trkpt lat="31.4065928757190704345703125" lon="119.48152813129127025604248046875">
        <ele>8</ele>
        <time>2026-05-28T23:12:33.000Z</time>
        <extensions>
          <ns3:TrackPointExtension>
            <ns3:hr>147</ns3:hr>
          </ns3:TrackPointExtension>
        </extensions>
      </trkpt>
      <trkpt lat="31.40659061260521411895751953125" lon="119.4815562106668949127197265625">
        <ele>8</ele>
        <time>2026-05-28T23:12:34.000Z</time>
        <extensions>
          <ns3:TrackPointExtension>
            <ns3:hr>148</ns3:hr>
          </ns3:TrackPointExtension>
        </extensions>
      </trkpt>
      <trkpt lat="31.406589187681674957275390625" lon="119.48158462531864643096923828125">
        <ele>8</ele>
        <time>2026-05-28T23:12:35.000Z</time>
        <extensions>
          <ns3:TrackPointExtension/>
        </extensions>
      </trkpt>
      <trkpt lat="31.40658809803426265716552734375" lon="119.4816132076084613800048828125">
        <ele>8</ele>
        <time>2026-05-28T23:12:36.000Z</time>
        <extensions>
          <ns3:TrackPointExtension/>
        </extensions>
      </trkpt>
      <trkpt lat="31.40658658929169178009033203125" lon="119.481641538441181182861328125">
        <ele>8.19999980926513671875</ele>
        <time>2026-05-28T23:12:37.000Z</time>
        <extensions>
          <ns3:TrackPointExtension/>
        </extensions>
      </trkpt>
      <trkpt lat="31.40658424235880374908447265625" lon="119.48166995309293270111083984375">
        <ele>8.19999980926513671875</ele>
        <time>2026-05-28T23:12:38.000Z</time>
        <extensions>
          <ns3:TrackPointExtension/>
        </extensions>
      </trkpt>
      <trkpt lat="31.40658105723559856414794921875" lon="119.4816973619163036346435546875">
        <ele>8.19999980926513671875</ele>
        <time>2026-05-28T23:12:39.000Z</time>
        <extensions>
          <ns3:TrackPointExtension/>
        </extensions>
      </trkpt>
      <trkpt lat="31.4065776206552982330322265625" lon="119.48172292672097682952880859375">
        <ele>8.19999980926513671875</ele>
        <time>2026-05-28T23:12:40.000Z</time>
        <extensions>
          <ns3:TrackPointExtension/>
        </extensions>
      </trkpt>
      <trkpt lat="31.4065735973417758941650390625" lon="119.48174723424017429351806640625">
        <ele>8.19999980926513671875</ele>
        <time>2026-05-28T23:12:41.000Z</time>
        <extensions>
          <ns3:TrackPointExtension/>
        </extensions>
      </trkpt>
      <trkpt lat="31.40656881965696811676025390625" lon="119.48177187703549861907958984375">
        <ele>8.19999980926513671875</ele>
        <time>2026-05-28T23:12:42.000Z</time>
        <extensions>
          <ns3:TrackPointExtension>
            <ns3:hr>147</ns3:hr>
          </ns3:TrackPointExtension>
        </extensions>
      </trkpt>
      <trkpt lat="31.4065645448863506317138671875" lon="119.48179769329726696014404296875">
        <ele>8.19999980926513671875</ele>
        <time>2026-05-28T23:12:43.000Z</time>
        <extensions>
          <ns3:TrackPointExtension>
            <ns3:hr>147</ns3:hr>
          </ns3:TrackPointExtension>
        </extensions>
      </trkpt>
      <trkpt lat="31.40656135976314544677734375" lon="119.481825269758701324462890625">
        <ele>8.19999980926513671875</ele>
        <time>2026-05-28T23:12:44.000Z</time>
        <extensions>
          <ns3:TrackPointExtension>
            <ns3:hr>147</ns3:hr>
          </ns3:TrackPointExtension>
        </extensions>
      </trkpt>
      <trkpt lat="31.40655993483960628509521484375" lon="119.48185351677238941192626953125">
        <ele>8.19999980926513671875</ele>
        <time>2026-05-28T23:12:45.000Z</time>
        <extensions>
          <ns3:TrackPointExtension/>
        </extensions>
      </trkpt>
      <trkpt lat="31.406559683382511138916015625" lon="119.48188117705285549163818359375">
        <ele>8.19999980926513671875</ele>
        <time>2026-05-28T23:12:46.000Z</time>
        <extensions>
          <ns3:TrackPointExtension/>
        </extensions>
      </trkpt>
      <trkpt lat="31.4065598510205745697021484375" lon="119.48190766386687755584716796875">
        <ele>8.19999980926513671875</ele>
        <time>2026-05-28T23:12:47.000Z</time>
        <extensions>
          <ns3:TrackPointExtension/>
        </extensions>
      </trkpt>
      <trkpt lat="31.40655976720154285430908203125" lon="119.4819344021379947662353515625">
        <ele>8.19999980926513671875</ele>
        <time>2026-05-28T23:12:48.000Z</time>
        <extensions>
          <ns3:TrackPointExtension/>
        </extensions>
      </trkpt>
      <trkpt lat="31.4065598510205745697021484375" lon="119.48196197859942913055419921875">
        <ele>8.3999996185302734375</ele>
        <time>2026-05-28T23:12:49.000Z</time>
        <extensions>
          <ns3:TrackPointExtension>
            <ns3:hr>146</ns3:hr>
          </ns3:TrackPointExtension>
        </extensions>
      </trkpt>
      <trkpt lat="31.406560353934764862060546875" lon="119.4819903932511806488037109375">
        <ele>8.6000003814697265625</ele>
        <time>2026-05-28T23:12:50.000Z</time>
        <extensions>
          <ns3:TrackPointExtension>
            <ns3:hr>146</ns3:hr>
          </ns3:TrackPointExtension>
        </extensions>
      </trkpt>
      <trkpt lat="31.4065605215728282928466796875" lon="119.48201964609324932098388671875">
        <ele>8.80000019073486328125</ele>
        <time>2026-05-28T23:12:51.000Z</time>
        <extensions>
          <ns3:TrackPointExtension/>
        </extensions>
      </trkpt>
      <trkpt lat="31.40655959956347942352294921875" lon="119.48204998858273029327392578125">
        <ele>9</ele>
        <time>2026-05-28T23:12:52.000Z</time>
        <extensions>
          <ns3:TrackPointExtension/>
        </extensions>
      </trkpt>
      <trkpt lat="31.406557671725749969482421875" lon="119.482082761824131011962890625">
        <ele>9.3999996185302734375</ele>
        <time>2026-05-28T23:12:53.000Z</time>
        <extensions>
          <ns3:TrackPointExtension/>
        </extensions>
      </trkpt>
      <trkpt lat="31.40655557624995708465576171875" lon="119.48211654089391231536865234375">
        <ele>9.6000003814697265625</ele>
        <time>2026-05-28T23:12:54.000Z</time>
        <extensions>
          <ns3:TrackPointExtension/>
        </extensions>
      </trkpt>
      <trkpt lat="31.40655306167900562286376953125" lon="119.482149146497249603271484375">
        <ele>9.80000019073486328125</ele>
        <time>2026-05-28T23:12:55.000Z</time>
        <extensions>
          <ns3:TrackPointExtension/>
        </extensions>
      </trkpt>
      <trkpt lat="31.406549625098705291748046875" lon="119.4821778126060962677001953125">
        <ele>9.80000019073486328125</ele>
        <time>2026-05-28T23:12:56.000Z</time>
        <extensions>
          <ns3:TrackPointExtension/>
        </extensions>
      </trkpt>
      <trkpt lat="31.40654635615646839141845703125" lon="119.482202120125293731689453125">
        <ele>10</ele>
        <time>2026-05-28T23:12:57.000Z</time>
        <extensions>
          <ns3:TrackPointExtension>
            <ns3:hr>146</ns3:hr>
          </ns3:TrackPointExtension>
        </extensions>
      </trkpt>
      <trkpt lat="31.406543590128421783447265625" lon="119.48222517035901546478271484375">
        <ele>10</ele>
        <time>2026-05-28T23:12:58.000Z</time>
        <extensions>
          <ns3:TrackPointExtension>
            <ns3:hr>146</ns3:hr>
          </ns3:TrackPointExtension>
        </extensions>
      </trkpt>
      <trkpt lat="31.406540572643280029296875" lon="119.482251070439815521240234375">
        <ele>10.19999980926513671875</ele>
        <time>2026-05-28T23:12:59.000Z</time>
        <extensions>
          <ns3:TrackPointExtension>
            <ns3:hr>147</ns3:hr>
          </ns3:TrackPointExtension>
        </extensions>
      </trkpt>
      <trkpt lat="31.40653680078685283660888671875" lon="119.48228049091994762420654296875">
        <ele>10.19999980926513671875</ele>
        <time>2026-05-28T23:13:00.000Z</time>
        <extensions>
          <ns3:TrackPointExtension/>
        </extensions>
      </trkpt>
      <trkpt lat="31.406532861292362213134765625" lon="119.4823102466762065887451171875">
        <ele>10.3999996185302734375</ele>
        <time>2026-05-28T23:13:01.000Z</time>
        <extensions>
          <ns3:TrackPointExtension/>
        </extensions>
      </trkpt>
      <trkpt lat="31.40652892179787158966064453125" lon="119.48233924806118011474609375">
        <ele>10.3999996185302734375</ele>
        <time>2026-05-28T23:13:02.000Z</time>
        <extensions>
          <ns3:TrackPointExtension/>
        </extensions>
      </trkpt>
      <trkpt lat="31.40652489848434925079345703125" lon="119.482367075979709625244140625">
        <ele>10.6000003814697265625</ele>
        <time>2026-05-28T23:13:03.000Z</time>
        <extensions>
          <ns3:TrackPointExtension/>
        </extensions>
      </trkpt>
      <trkpt lat="31.40652112662792205810546875" lon="119.482394568622112274169921875">
        <ele>10.6000003814697265625</ele>
        <time>2026-05-28T23:13:04.000Z</time>
        <extensions>
          <ns3:TrackPointExtension>
            <ns3:hr>147</ns3:hr>
          </ns3:TrackPointExtension>
        </extensions>
      </trkpt>
      <trkpt lat="31.40651802532374858856201171875" lon="119.4824222289025783538818359375">
        <ele>10.80000019073486328125</ele>
        <time>2026-05-28T23:13:05.000Z</time>
        <extensions>
          <ns3:TrackPointExtension>
            <ns3:hr>147</ns3:hr>
          </ns3:TrackPointExtension>
        </extensions>
      </trkpt>
      <trkpt lat="31.40651601366698741912841796875" lon="119.4824493862688541412353515625">
        <ele>10.80000019073486328125</ele>
        <time>2026-05-28T23:13:06.000Z</time>
        <extensions>
          <ns3:TrackPointExtension/>
        </extensions>
      </trkpt>
      <trkpt lat="31.40651500783860683441162109375" lon="119.4824758730828762054443359375">
        <ele>11</ele>
        <time>2026-05-28T23:13:07.000Z</time>
        <extensions>
          <ns3:TrackPointExtension/>
        </extensions>
      </trkpt>
      <trkpt lat="31.40651442110538482666015625" lon="119.48250160552561283111572265625">
        <ele>11</ele>
        <time>2026-05-28T23:13:08.000Z</time>
        <extensions>
          <ns3:TrackPointExtension/>
        </extensions>
      </trkpt>
      <trkpt lat="31.4065142534673213958740234375" lon="119.48252725414931774139404296875">
        <ele>11</ele>
        <time>2026-05-28T23:13:09.000Z</time>
        <extensions>
          <ns3:TrackPointExtension/>
        </extensions>
      </trkpt>
      <trkpt lat="31.4065150916576385498046875" lon="119.48255323804914951324462890625">
        <ele>11</ele>
        <time>2026-05-28T23:13:10.000Z</time>
        <extensions>
          <ns3:TrackPointExtension/>
        </extensions>
      </trkpt>
      <trkpt lat="31.4065177738666534423828125" lon="119.4825788028538227081298828125">
        <ele>11</ele>
        <time>2026-05-28T23:13:11.000Z</time>
        <extensions>
          <ns3:TrackPointExtension/>
        </extensions>
      </trkpt>
      <trkpt lat="31.40652188099920749664306640625" lon="119.48260235600173473358154296875">
        <ele>11</ele>
        <time>2026-05-28T23:13:12.000Z</time>
        <extensions>
          <ns3:TrackPointExtension>
            <ns3:hr>145</ns3:hr>
          </ns3:TrackPointExtension>
        </extensions>
      </trkpt>
      <trkpt lat="31.4065256528556346893310546875" lon="119.4826257415115833282470703125">
        <ele>11</ele>
        <time>2026-05-28T23:13:13.000Z</time>
        <extensions>
          <ns3:TrackPointExtension>
            <ns3:hr>145</ns3:hr>
          </ns3:TrackPointExtension>
        </extensions>
      </trkpt>
      <trkpt lat="31.40652724541723728179931640625" lon="119.48265063576400279998779296875">
        <ele>11</ele>
        <time>2026-05-28T23:13:14.000Z</time>
        <extensions>
          <ns3:TrackPointExtension/>
        </extensions>
      </trkpt>
      <trkpt lat="31.406526826322078704833984375" lon="119.482676200568675994873046875">
        <ele>11</ele>
        <time>2026-05-28T23:13:15.000Z</time>
        <extensions>
          <ns3:TrackPointExtension/>
        </extensions>
      </trkpt>
      <trkpt lat="31.40652573667466640472412109375" lon="119.48270075954496860504150390625">
        <ele>11</ele>
        <time>2026-05-28T23:13:16.000Z</time>
        <extensions>
          <ns3:TrackPointExtension/>
        </extensions>
      </trkpt>
      <trkpt lat="31.40652506612241268157958984375" lon="119.48272288776934146881103515625">
        <ele>11</ele>
        <time>2026-05-28T23:13:17.000Z</time>
        <extensions>
          <ns3:TrackPointExtension>
            <ns3:hr>145</ns3:hr>
          </ns3:TrackPointExtension>
        </extensions>
      </trkpt>
      <trkpt lat="31.40652506612241268157958984375" lon="119.48274350725114345550537109375">
        <ele>11</ele>
        <time>2026-05-28T23:13:18.000Z</time>
        <extensions>
          <ns3:TrackPointExtension>
            <ns3:hr>145</ns3:hr>
          </ns3:TrackPointExtension>
        </extensions>
      </trkpt>
      <trkpt lat="31.40652523376047611236572265625" lon="119.4827625341713428497314453125">
        <ele>11</ele>
        <time>2026-05-28T23:13:19.000Z</time>
        <extensions>
          <ns3:TrackPointExtension>
            <ns3:hr>145</ns3:hr>
          </ns3:TrackPointExtension>
        </extensions>
      </trkpt>
      <trkpt lat="31.406512074172496795654296875" lon="119.48282246477901935577392578125">
        <ele>10.80000019073486328125</ele>
        <time>2026-05-28T23:14:34.000Z</time>
        <extensions>
          <ns3:TrackPointExtension>
            <ns3:hr>123</ns3:hr>
          </ns3:TrackPointExtension>
        </extensions>
      </trkpt>
      <trkpt lat="31.4065115712583065032958984375" lon="119.48283202014863491058349609375">
        <ele>10.80000019073486328125</ele>
        <time>2026-05-28T23:14:35.000Z</time>
        <extensions>
          <ns3:TrackPointExtension/>
        </extensions>
      </trkpt>
      <trkpt lat="31.40651148743927478790283203125" lon="119.4828517176210880279541015625">
        <ele>10.80000019073486328125</ele>
        <time>2026-05-28T23:14:36.000Z</time>
        <extensions>
          <ns3:TrackPointExtension/>
        </extensions>
      </trkpt>
      <trkpt lat="31.4065109007060527801513671875" lon="119.4828735105693340301513671875">
        <ele>10.6000003814697265625</ele>
        <time>2026-05-28T23:14:37.000Z</time>
        <extensions>
          <ns3:TrackPointExtension/>
        </extensions>
      </trkpt>
      <trkpt lat="31.40650964342057704925537109375" lon="119.482896812260150909423828125">
        <ele>10.6000003814697265625</ele>
        <time>2026-05-28T23:14:38.000Z</time>
        <extensions>
          <ns3:TrackPointExtension/>
        </extensions>
      </trkpt>
      <trkpt lat="31.4065088890492916107177734375" lon="119.482922293245792388916015625">
        <ele>10.3999996185302734375</ele>
        <time>2026-05-28T23:14:39.000Z</time>
        <extensions>
          <ns3:TrackPointExtension/>
        </extensions>
      </trkpt>
      <trkpt lat="31.4065078832209110260009765625" lon="119.48294936679303646087646484375">
        <ele>10.3999996185302734375</ele>
        <time>2026-05-28T23:14:40.000Z</time>
        <extensions>
          <ns3:TrackPointExtension>
            <ns3:hr>114</ns3:hr>
          </ns3:TrackPointExtension>
        </extensions>
      </trkpt>
      <trkpt lat="31.406505368649959564208984375" lon="119.48297736234962940216064453125">
        <ele>10.3999996185302734375</ele>
        <time>2026-05-28T23:14:41.000Z</time>
        <extensions>
          <ns3:TrackPointExtension>
            <ns3:hr>114</ns3:hr>
          </ns3:TrackPointExtension>
        </extensions>
      </trkpt>
      <trkpt lat="31.40650176443159580230712890625" lon="119.48300569318234920501708984375">
        <ele>10.6000003814697265625</ele>
        <time>2026-05-28T23:14:42.000Z</time>
        <extensions>
          <ns3:TrackPointExtension/>
        </extensions>
      </trkpt>
      <trkpt lat="31.406498663127422332763671875" lon="119.4830344431102275848388671875">
        <ele>10.6000003814697265625</ele>
        <time>2026-05-28T23:14:43.000Z</time>
        <extensions>
          <ns3:TrackPointExtension/>
        </extensions>
      </trkpt>
      <trkpt lat="31.40649564564228057861328125" lon="119.483063779771327972412109375">
        <ele>10.3999996185302734375</ele>
        <time>2026-05-28T23:14:44.000Z</time>
        <extensions>
          <ns3:TrackPointExtension/>
        </extensions>
      </trkpt>
      <trkpt lat="31.40649170614778995513916015625" lon="119.483093284070491790771484375">
        <ele>10.19999980926513671875</ele>
        <time>2026-05-28T23:14:45.000Z</time>
        <extensions>
          <ns3:TrackPointExtension/>
        </extensions>
      </trkpt>
      <trkpt lat="31.4064874313771724700927734375" lon="119.48312270455062389373779296875">
        <ele>10</ele>
        <time>2026-05-28T23:14:46.000Z</time>
        <extensions>
          <ns3:TrackPointExtension/>
        </extensions>
      </trkpt>
      <trkpt lat="31.4064834080636501312255859375" lon="119.48315195739269256591796875">
        <ele>9.80000019073486328125</ele>
        <time>2026-05-28T23:14:47.000Z</time>
        <extensions>
          <ns3:TrackPointExtension>
            <ns3:hr>105</ns3:hr>
          </ns3:TrackPointExtension>
        </extensions>
      </trkpt>
      <trkpt lat="31.40647779218852519989013671875" lon="119.4831812940537929534912109375">
        <ele>9.80000019073486328125</ele>
        <time>2026-05-28T23:14:48.000Z</time>
        <extensions>
          <ns3:TrackPointExtension>
            <ns3:hr>105</ns3:hr>
          </ns3:TrackPointExtension>
        </extensions>
      </trkpt>
      <trkpt lat="31.40647142194211483001708984375" lon="119.48321037925779819488525390625">
        <ele>9.80000019073486328125</ele>
        <time>2026-05-28T23:14:49.000Z</time>
        <extensions>
          <ns3:TrackPointExtension/>
        </extensions>
      </trkpt>
      <trkpt lat="31.40646454878151416778564453125" lon="119.4832397997379302978515625">
        <ele>10</ele>
        <time>2026-05-28T23:14:50.000Z</time>
        <extensions>
          <ns3:TrackPointExtension/>
        </extensions>
      </trkpt>
      <trkpt lat="31.4064572565257549285888671875" lon="119.48326922021806240081787109375">
        <ele>10</ele>
        <time>2026-05-28T23:14:51.000Z</time>
        <extensions>
          <ns3:TrackPointExtension>
            <ns3:hr>107</ns3:hr>
          </ns3:TrackPointExtension>
        </extensions>
      </trkpt>
      <trkpt lat="31.4064498804509639739990234375" lon="119.4832983054220676422119140625">
        <ele>10</ele>
        <time>2026-05-28T23:14:52.000Z</time>
        <extensions>
          <ns3:TrackPointExtension>
            <ns3:hr>107</ns3:hr>
          </ns3:TrackPointExtension>
        </extensions>
      </trkpt>
      <trkpt lat="31.4064414985477924346923828125" lon="119.483326971530914306640625">
        <ele>10.19999980926513671875</ele>
        <time>2026-05-28T23:14:53.000Z</time>
        <extensions>
          <ns3:TrackPointExtension/>
        </extensions>
      </trkpt>
      <trkpt lat="31.406432949006557464599609375" lon="119.48335505090653896331787109375">
        <ele>10.19999980926513671875</ele>
        <time>2026-05-28T23:14:54.000Z</time>
        <extensions>
          <ns3:TrackPointExtension/>
        </extensions>
      </trkpt>
      <trkpt lat="31.4064260758459568023681640625" lon="119.48338329792022705078125">
        <ele>10.19999980926513671875</ele>
        <time>2026-05-28T23:14:55.000Z</time>
        <extensions>
          <ns3:TrackPointExtension>
            <ns3:hr>111</ns3:hr>
          </ns3:TrackPointExtension>
        </extensions>
      </trkpt>
      <trkpt lat="31.4064233936369419097900390625" lon="119.4834116287529468536376953125">
        <ele>9.80000019073486328125</ele>
        <time>2026-05-28T23:14:56.000Z</time>
        <extensions>
          <ns3:TrackPointExtension>
            <ns3:hr>111</ns3:hr>
          </ns3:TrackPointExtension>
        </extensions>
      </trkpt>
      <trkpt lat="31.40642364509403705596923828125" lon="119.48344004340469837188720703125">
        <ele>9.6000003814697265625</ele>
        <time>2026-05-28T23:14:57.000Z</time>
        <extensions>
          <ns3:TrackPointExtension/>
        </extensions>
      </trkpt>
      <trkpt lat="31.4064243994653224945068359375" lon="119.4834686256945133209228515625">
        <ele>9.19999980926513671875</ele>
        <time>2026-05-28T23:14:58.000Z</time>
        <extensions>
          <ns3:TrackPointExtension>
            <ns3:hr>113</ns3:hr>
          </ns3:TrackPointExtension>
        </extensions>
      </trkpt>
      <trkpt lat="31.40642381273210048675537109375" lon="119.48349687270820140838623046875">
        <ele>9</ele>
        <time>2026-05-28T23:14:59.000Z</time>
        <extensions>
          <ns3:TrackPointExtension>
            <ns3:hr>113</ns3:hr>
          </ns3:TrackPointExtension>
        </extensions>
      </trkpt>
      <trkpt lat="31.406421549618244171142578125" lon="119.48352453298866748809814453125">
        <ele>8.6000003814697265625</ele>
        <time>2026-05-28T23:15:00.000Z</time>
        <extensions>
          <ns3:TrackPointExtension/>
        </extensions>
      </trkpt>
      <trkpt lat="31.4064185321331024169921875" lon="119.48355169035494327545166015625">
        <ele>8.3999996185302734375</ele>
        <time>2026-05-28T23:15:01.000Z</time>
        <extensions>
          <ns3:TrackPointExtension/>
        </extensions>
      </trkpt>
      <trkpt lat="31.40641442500054836273193359375" lon="119.48357851244509220123291015625">
        <ele>8.19999980926513671875</ele>
        <time>2026-05-28T23:15:02.000Z</time>
        <extensions>
          <ns3:TrackPointExtension/>
        </extensions>
      </trkpt>
      <trkpt lat="31.4064099825918674468994140625" lon="119.48360516689717769622802734375">
        <ele>7.80000019073486328125</ele>
        <time>2026-05-28T23:15:03.000Z</time>
        <extensions>
          <ns3:TrackPointExtension/>
        </extensions>
      </trkpt>
      <trkpt lat="31.40640570782124996185302734375" lon="119.4836315698921680450439453125">
        <ele>7.80000019073486328125</ele>
        <time>2026-05-28T23:15:04.000Z</time>
        <extensions>
          <ns3:TrackPointExtension/>
        </extensions>
      </trkpt>
      <trkpt lat="31.40640252269804477691650390625" lon="119.483657889068126678466796875">
        <ele>7.80000019073486328125</ele>
        <time>2026-05-28T23:15:05.000Z</time>
        <extensions>
          <ns3:TrackPointExtension/>
        </extensions>
      </trkpt>
      <trkpt lat="31.40640017576515674591064453125" lon="119.4836848787963390350341796875">
        <ele>7.80000019073486328125</ele>
        <time>2026-05-28T23:15:06.000Z</time>
        <extensions>
          <ns3:TrackPointExtension/>
        </extensions>
      </trkpt>
      <trkpt lat="31.40639908611774444580078125" lon="119.48371346108615398406982421875">
        <ele>7.80000019073486328125</ele>
        <time>2026-05-28T23:15:07.000Z</time>
        <extensions>
          <ns3:TrackPointExtension>
            <ns3:hr>124</ns3:hr>
          </ns3:TrackPointExtension>
        </extensions>
      </trkpt>
      <trkpt lat="31.40640000812709331512451171875" lon="119.48374212719500064849853515625">
        <ele>7.80000019073486328125</ele>
        <time>2026-05-28T23:15:08.000Z</time>
        <extensions>
          <ns3:TrackPointExtension>
            <ns3:hr>124</ns3:hr>
          </ns3:TrackPointExtension>
        </extensions>
      </trkpt>
      <trkpt lat="31.40640151686966419219970703125" lon="119.48376978747546672821044921875">
        <ele>7.80000019073486328125</ele>
        <time>2026-05-28T23:15:09.000Z</time>
        <extensions>
          <ns3:TrackPointExtension/>
        </extensions>
      </trkpt>
      <trkpt lat="31.40640168450772762298583984375" lon="119.4837968610227108001708984375">
        <ele>7.80000019073486328125</ele>
        <time>2026-05-28T23:15:10.000Z</time>
        <extensions>
          <ns3:TrackPointExtension>
            <ns3:hr>127</ns3:hr>
          </ns3:TrackPointExtension>
        </extensions>
      </trkpt>
      <trkpt lat="31.4063999243080615997314453125" lon="119.48382276110351085662841796875">
        <ele>7.80000019073486328125</ele>
        <time>2026-05-28T23:15:11.000Z</time>
        <extensions>
          <ns3:TrackPointExtension>
            <ns3:hr>127</ns3:hr>
          </ns3:TrackPointExtension>
        </extensions>
      </trkpt>
      <trkpt lat="31.40639665536582469940185546875" lon="119.483846314251422882080078125">
        <ele>7.80000019073486328125</ele>
        <time>2026-05-28T23:15:12.000Z</time>
        <extensions>
          <ns3:TrackPointExtension/>
        </extensions>
      </trkpt>
      <trkpt lat="31.4063925482332706451416015625" lon="119.4838696159422397613525390625">
        <ele>7.80000019073486328125</ele>
        <time>2026-05-28T23:15:13.000Z</time>
        <extensions>
          <ns3:TrackPointExtension>
            <ns3:hr>128</ns3:hr>
          </ns3:TrackPointExtension>
        </extensions>
      </trkpt>
      <trkpt lat="31.40638810582458972930908203125" lon="119.48389501310884952545166015625">
        <ele>7.80000019073486328125</ele>
        <time>2026-05-28T23:15:14.000Z</time>
        <extensions>
          <ns3:TrackPointExtension>
            <ns3:hr>128</ns3:hr>
          </ns3:TrackPointExtension>
        </extensions>
      </trkpt>
      <trkpt lat="31.4063841663300991058349609375" lon="119.4839232601225376129150390625">
        <ele>7.80000019073486328125</ele>
        <time>2026-05-28T23:15:15.000Z</time>
        <extensions>
          <ns3:TrackPointExtension/>
        </extensions>
      </trkpt>
      <trkpt lat="31.40638165175914764404296875" lon="119.48395393788814544677734375">
        <ele>7.599999904632568359375</ele>
        <time>2026-05-28T23:15:16.000Z</time>
        <extensions>
          <ns3:TrackPointExtension/>
        </extensions>
      </trkpt>
      <trkpt lat="31.4063798077404499053955078125" lon="119.48398419655859470367431640625">
        <ele>7.599999904632568359375</ele>
        <time>2026-05-28T23:15:17.000Z</time>
        <extensions>
          <ns3:TrackPointExtension/>
        </extensions>
      </trkpt>
      <trkpt lat="31.40637804754078388214111328125" lon="119.4840122759342193603515625">
        <ele>7.400000095367431640625</ele>
        <time>2026-05-28T23:15:18.000Z</time>
        <extensions>
          <ns3:TrackPointExtension>
            <ns3:hr>130</ns3:hr>
          </ns3:TrackPointExtension>
        </extensions>
      </trkpt>
      <trkpt lat="31.4063767902553081512451171875" lon="119.4840389303863048553466796875">
        <ele>7.400000095367431640625</ele>
        <time>2026-05-28T23:15:19.000Z</time>
        <extensions>
          <ns3:TrackPointExtension>
            <ns3:hr>130</ns3:hr>
          </ns3:TrackPointExtension>
        </extensions>
      </trkpt>
      <trkpt lat="31.406374610960483551025390625" lon="119.484066925942897796630859375">
        <ele>7.19999980926513671875</ele>
        <time>2026-05-28T23:15:20.000Z</time>
        <extensions>
          <ns3:TrackPointExtension/>
        </extensions>
      </trkpt>
      <trkpt lat="31.40637092292308807373046875" lon="119.48409651406109333038330078125">
        <ele>7.19999980926513671875</ele>
        <time>2026-05-28T23:15:21.000Z</time>
        <extensions>
          <ns3:TrackPointExtension/>
        </extensions>
      </trkpt>
      <trkpt lat="31.40636631287634372711181640625" lon="119.4841254316270351409912109375">
        <ele>7.19999980926513671875</ele>
        <time>2026-05-28T23:15:22.000Z</time>
        <extensions>
          <ns3:TrackPointExtension/>
        </extensions>
      </trkpt>
      <trkpt lat="31.406361199915409088134765625" lon="119.48415216989815235137939453125">
        <ele>7</ele>
        <time>2026-05-28T23:15:23.000Z</time>
        <extensions>
          <ns3:TrackPointExtension/>
        </extensions>
      </trkpt>
      <trkpt lat="31.40635608695447444915771484375" lon="119.4841770641505718231201171875">
        <ele>7</ele>
        <time>2026-05-28T23:15:24.000Z</time>
        <extensions>
          <ns3:TrackPointExtension/>
        </extensions>
      </trkpt>
      <trkpt lat="31.406351141631603240966796875" lon="119.48420195840299129486083984375">
        <ele>7</ele>
        <time>2026-05-28T23:15:25.000Z</time>
        <extensions>
          <ns3:TrackPointExtension/>
        </extensions>
      </trkpt>
      <trkpt lat="31.40634686686098575592041015625" lon="119.484227858483791351318359375">
        <ele>7</ele>
        <time>2026-05-28T23:15:26.000Z</time>
        <extensions>
          <ns3:TrackPointExtension/>
        </extensions>
      </trkpt>
      <trkpt lat="31.4063435979187488555908203125" lon="119.4842551834881305694580078125">
        <ele>7</ele>
        <time>2026-05-28T23:15:27.000Z</time>
        <extensions>
          <ns3:TrackPointExtension>
            <ns3:hr>137</ns3:hr>
          </ns3:TrackPointExtension>
        </extensions>
      </trkpt>
      <trkpt lat="31.4063412509858608245849609375" lon="119.48428326286375522613525390625">
        <ele>7</ele>
        <time>2026-05-28T23:15:28.000Z</time>
        <extensions>
          <ns3:TrackPointExtension>
            <ns3:hr>137</ns3:hr>
          </ns3:TrackPointExtension>
        </extensions>
      </trkpt>
      <trkpt lat="31.4063395746052265167236328125" lon="119.484311006963253021240234375">
        <ele>7</ele>
        <time>2026-05-28T23:15:29.000Z</time>
        <extensions>
          <ns3:TrackPointExtension/>
        </extensions>
      </trkpt>
      <trkpt lat="31.40633747912943363189697265625" lon="119.484338499605655670166015625">
        <ele>7</ele>
        <time>2026-05-28T23:15:30.000Z</time>
        <extensions>
          <ns3:TrackPointExtension>
            <ns3:hr>138</ns3:hr>
          </ns3:TrackPointExtension>
        </extensions>
      </trkpt>
      <trkpt lat="31.40633479692041873931884765625" lon="119.4843654893338680267333984375">
        <ele>7.19999980926513671875</ele>
        <time>2026-05-28T23:15:31.000Z</time>
        <extensions>
          <ns3:TrackPointExtension>
            <ns3:hr>138</ns3:hr>
          </ns3:TrackPointExtension>
        </extensions>
      </trkpt>
      <trkpt lat="31.40633211471140384674072265625" lon="119.48439382016658782958984375">
        <ele>7.19999980926513671875</ele>
        <time>2026-05-28T23:15:32.000Z</time>
        <extensions>
          <ns3:TrackPointExtension/>
        </extensions>
      </trkpt>
      <trkpt lat="31.40633077360689640045166015625" lon="119.48442374356091022491455078125">
        <ele>7.19999980926513671875</ele>
        <time>2026-05-28T23:15:33.000Z</time>
        <extensions>
          <ns3:TrackPointExtension/>
        </extensions>
      </trkpt>
      <trkpt lat="31.40633077360689640045166015625" lon="119.48445341549813747406005859375">
        <ele>7.19999980926513671875</ele>
        <time>2026-05-28T23:15:34.000Z</time>
        <extensions>
          <ns3:TrackPointExtension/>
        </extensions>
      </trkpt>
      <trkpt lat="31.40633077360689640045166015625" lon="119.48448258452117443084716796875">
        <ele>7.19999980926513671875</ele>
        <time>2026-05-28T23:15:35.000Z</time>
        <extensions>
          <ns3:TrackPointExtension/>
        </extensions>
      </trkpt>
      <trkpt lat="31.406330354511737823486328125" lon="119.484511502087116241455078125">
        <ele>7.400000095367431640625</ele>
        <time>2026-05-28T23:15:36.000Z</time>
        <extensions>
          <ns3:TrackPointExtension>
            <ns3:hr>141</ns3:hr>
          </ns3:TrackPointExtension>
        </extensions>
      </trkpt>
      <trkpt lat="31.4063288457691669464111328125" lon="119.48454041965305805206298828125">
        <ele>7.400000095367431640625</ele>
        <time>2026-05-28T23:15:37.000Z</time>
        <extensions>
          <ns3:TrackPointExtension>
            <ns3:hr>141</ns3:hr>
          </ns3:TrackPointExtension>
        </extensions>
      </trkpt>
      <trkpt lat="31.4063261635601520538330078125" lon="119.48456925339996814727783203125">
        <ele>7.599999904632568359375</ele>
        <time>2026-05-28T23:15:38.000Z</time>
        <extensions>
          <ns3:TrackPointExtension/>
        </extensions>
      </trkpt>
      <trkpt lat="31.406321637332439422607421875" lon="119.484598673880100250244140625">
        <ele>7.80000019073486328125</ele>
        <time>2026-05-28T23:15:39.000Z</time>
        <extensions>
          <ns3:TrackPointExtension/>
        </extensions>
      </trkpt>
      <trkpt lat="31.40631501562893390655517578125" lon="119.48462943546473979949951171875">
        <ele>7.80000019073486328125</ele>
        <time>2026-05-28T23:15:40.000Z</time>
        <extensions>
          <ns3:TrackPointExtension/>
        </extensions>
      </trkpt>
      <trkpt lat="31.4063070528209209442138671875" lon="119.48466078378260135650634765625">
        <ele>8</ele>
        <time>2026-05-28T23:15:41.000Z</time>
        <extensions>
          <ns3:TrackPointExtension/>
        </extensions>
      </trkpt>
      <trkpt lat="31.406299509108066558837890625" lon="119.48469288647174835205078125">
        <ele>8.19999980926513671875</ele>
        <time>2026-05-28T23:15:42.000Z</time>
        <extensions>
          <ns3:TrackPointExtension>
            <ns3:hr>143</ns3:hr>
          </ns3:TrackPointExtension>
        </extensions>
      </trkpt>
      <trkpt lat="31.406293809413909912109375" lon="119.48472431860864162445068359375">
        <ele>8.19999980926513671875</ele>
        <time>2026-05-28T23:15:43.000Z</time>
        <extensions>
          <ns3:TrackPointExtension>
            <ns3:hr>143</ns3:hr>
          </ns3:TrackPointExtension>
        </extensions>
      </trkpt>
      <trkpt lat="31.40629003755748271942138671875" lon="119.48475449346005916595458984375">
        <ele>8.19999980926513671875</ele>
        <time>2026-05-28T23:15:44.000Z</time>
        <extensions>
          <ns3:TrackPointExtension/>
        </extensions>
      </trkpt>
      <trkpt lat="31.40628735534846782684326171875" lon="119.4847835786640644073486328125">
        <ele>8</ele>
        <time>2026-05-28T23:15:45.000Z</time>
        <extensions>
          <ns3:TrackPointExtension/>
        </extensions>
      </trkpt>
      <trkpt lat="31.4062852598726749420166015625" lon="119.484811909496784210205078125">
        <ele>8</ele>
        <time>2026-05-28T23:15:46.000Z</time>
        <extensions>
          <ns3:TrackPointExtension/>
        </extensions>
      </trkpt>
      <trkpt lat="31.406284086406230926513671875" lon="119.4848412461578845977783203125">
        <ele>7.80000019073486328125</ele>
        <time>2026-05-28T23:15:47.000Z</time>
        <extensions>
          <ns3:TrackPointExtension>
            <ns3:hr>145</ns3:hr>
          </ns3:TrackPointExtension>
        </extensions>
      </trkpt>
      <trkpt lat="31.4062852598726749420166015625" lon="119.48487284593284130096435546875">
        <ele>7.80000019073486328125</ele>
        <time>2026-05-28T23:15:48.000Z</time>
        <extensions>
          <ns3:TrackPointExtension>
            <ns3:hr>145</ns3:hr>
          </ns3:TrackPointExtension>
        </extensions>
      </trkpt>
      <trkpt lat="31.406288109719753265380859375" lon="119.484906457364559173583984375">
        <ele>7.599999904632568359375</ele>
        <time>2026-05-28T23:15:49.000Z</time>
        <extensions>
          <ns3:TrackPointExtension/>
        </extensions>
      </trkpt>
      <trkpt lat="31.406291462481021881103515625" lon="119.48493897914886474609375">
        <ele>7.400000095367431640625</ele>
        <time>2026-05-28T23:15:50.000Z</time>
        <extensions>
          <ns3:TrackPointExtension/>
        </extensions>
      </trkpt>
      <trkpt lat="31.4062949828803539276123046875" lon="119.48496957309544086456298828125">
        <ele>7.400000095367431640625</ele>
        <time>2026-05-28T23:15:51.000Z</time>
        <extensions>
          <ns3:TrackPointExtension/>
        </extensions>
      </trkpt>
      <trkpt lat="31.406297497451305389404296875" lon="119.48499941267073154449462890625">
        <ele>7.19999980926513671875</ele>
        <time>2026-05-28T23:15:52.000Z</time>
        <extensions>
          <ns3:TrackPointExtension>
            <ns3:hr>145</ns3:hr>
          </ns3:TrackPointExtension>
        </extensions>
      </trkpt>
      <trkpt lat="31.4062983356416225433349609375" lon="119.4850293360650539398193359375">
        <ele>7</ele>
        <time>2026-05-28T23:15:53.000Z</time>
        <extensions>
          <ns3:TrackPointExtension>
            <ns3:hr>145</ns3:hr>
          </ns3:TrackPointExtension>
        </extensions>
      </trkpt>
      <trkpt lat="31.40629724599421024322509765625" lon="119.48506009764969348907470703125">
        <ele>6.80000019073486328125</ele>
        <time>2026-05-28T23:15:54.000Z</time>
        <extensions>
          <ns3:TrackPointExtension/>
        </extensions>
      </trkpt>
      <trkpt lat="31.4062949828803539276123046875" lon="119.485090859234333038330078125">
        <ele>6.599999904632568359375</ele>
        <time>2026-05-28T23:15:55.000Z</time>
        <extensions>
          <ns3:TrackPointExtension/>
        </extensions>
      </trkpt>
      <trkpt lat="31.40629271976649761199951171875" lon="119.48512061499059200286865234375">
        <ele>6.400000095367431640625</ele>
        <time>2026-05-28T23:15:56.000Z</time>
        <extensions>
          <ns3:TrackPointExtension>
            <ns3:hr>146</ns3:hr>
          </ns3:TrackPointExtension>
        </extensions>
      </trkpt>
      <trkpt lat="31.4062906242907047271728515625" lon="119.48515028692781925201416015625">
        <ele>6.19999980926513671875</ele>
        <time>2026-05-28T23:15:57.000Z</time>
        <extensions>
          <ns3:TrackPointExtension>
            <ns3:hr>146</ns3:hr>
          </ns3:TrackPointExtension>
        </extensions>
      </trkpt>
      <trkpt lat="31.40628852881491184234619140625" lon="119.48517979122698307037353515625">
        <ele>6</ele>
        <time>2026-05-28T23:15:58.000Z</time>
        <extensions>
          <ns3:TrackPointExtension/>
        </extensions>
      </trkpt>
      <trkpt lat="31.40628651715815067291259765625" lon="119.48520879261195659637451171875">
        <ele>5.80000019073486328125</ele>
        <time>2026-05-28T23:15:59.000Z</time>
        <extensions>
          <ns3:TrackPointExtension/>
        </extensions>
      </trkpt>
      <trkpt lat="31.406284086406230926513671875" lon="119.485235698521137237548828125">
        <ele>5.80000019073486328125</ele>
        <time>2026-05-28T23:16:00.000Z</time>
        <extensions>
          <ns3:TrackPointExtension>
            <ns3:hr>147</ns3:hr>
          </ns3:TrackPointExtension>
        </extensions>
      </trkpt>
      <trkpt lat="31.40628039836883544921875" lon="119.4852613471448421478271484375">
        <ele>5.599999904632568359375</ele>
        <time>2026-05-28T23:16:01.000Z</time>
        <extensions>
          <ns3:TrackPointExtension>
            <ns3:hr>147</ns3:hr>
          </ns3:TrackPointExtension>
        </extensions>
      </trkpt>
      <trkpt lat="31.40627511776983737945556640625" lon="119.48528775013983249664306640625">
        <ele>5.599999904632568359375</ele>
        <time>2026-05-28T23:16:02.000Z</time>
        <extensions>
          <ns3:TrackPointExtension/>
        </extensions>
      </trkpt>
      <trkpt lat="31.406267993152141571044921875" lon="119.48531574569642543792724609375">
        <ele>5.80000019073486328125</ele>
        <time>2026-05-28T23:16:03.000Z</time>
        <extensions>
          <ns3:TrackPointExtension/>
        </extensions>
      </trkpt>
      <trkpt lat="31.40626053325831890106201171875" lon="119.4853444956243038177490234375">
        <ele>6</ele>
        <time>2026-05-28T23:16:04.000Z</time>
        <extensions>
          <ns3:TrackPointExtension/>
        </extensions>
      </trkpt>
      <trkpt lat="31.4062547497451305389404296875" lon="119.4853721559047698974609375">
        <ele>6.19999980926513671875</ele>
        <time>2026-05-28T23:16:05.000Z</time>
        <extensions>
          <ns3:TrackPointExtension/>
        </extensions>
      </trkpt>
      <trkpt lat="31.4062503911554813385009765625" lon="119.48539922945201396942138671875">
        <ele>6.19999980926513671875</ele>
        <time>2026-05-28T23:16:06.000Z</time>
        <extensions>
          <ns3:TrackPointExtension>
            <ns3:hr>148</ns3:hr>
          </ns3:TrackPointExtension>
        </extensions>
      </trkpt>
      <trkpt lat="31.4062467031180858612060546875" lon="119.48542722500860691070556640625">
        <ele>6.400000095367431640625</ele>
        <time>2026-05-28T23:16:07.000Z</time>
        <extensions>
          <ns3:TrackPointExtension>
            <ns3:hr>148</ns3:hr>
          </ns3:TrackPointExtension>
        </extensions>
      </trkpt>
      <trkpt lat="31.406243182718753814697265625" lon="119.48545706458389759063720703125">
        <ele>6.400000095367431640625</ele>
        <time>2026-05-28T23:16:08.000Z</time>
        <extensions>
          <ns3:TrackPointExtension>
            <ns3:hr>149</ns3:hr>
          </ns3:TrackPointExtension>
        </extensions>
      </trkpt>
      <trkpt lat="31.40624041669070720672607421875" lon="119.48548841290175914764404296875">
        <ele>6.400000095367431640625</ele>
        <time>2026-05-28T23:16:09.000Z</time>
        <extensions>
          <ns3:TrackPointExtension>
            <ns3:hr>149</ns3:hr>
          </ns3:TrackPointExtension>
        </extensions>
      </trkpt>
      <trkpt lat="31.4062389917671680450439453125" lon="119.48551875539124011993408203125">
        <ele>6.400000095367431640625</ele>
        <time>2026-05-28T23:16:10.000Z</time>
        <extensions>
          <ns3:TrackPointExtension/>
        </extensions>
      </trkpt>
      <trkpt lat="31.4062386564910411834716796875" lon="119.4855476729571819305419921875">
        <ele>6.400000095367431640625</ele>
        <time>2026-05-28T23:16:11.000Z</time>
        <extensions>
          <ns3:TrackPointExtension/>
        </extensions>
      </trkpt>
      <trkpt lat="31.40623941086232662200927734375" lon="119.48557608760893344879150390625">
        <ele>6.599999904632568359375</ele>
        <time>2026-05-28T23:16:12.000Z</time>
        <extensions>
          <ns3:TrackPointExtension/>
        </extensions>
      </trkpt>
      <trkpt lat="31.40624008141458034515380859375" lon="119.485605172812938690185546875">
        <ele>6.599999904632568359375</ele>
        <time>2026-05-28T23:16:13.000Z</time>
        <extensions>
          <ns3:TrackPointExtension/>
        </extensions>
      </trkpt>
      <trkpt lat="31.4062399975955486297607421875" lon="119.485635347664356231689453125">
        <ele>6.80000019073486328125</ele>
        <time>2026-05-28T23:16:14.000Z</time>
        <extensions>
          <ns3:TrackPointExtension>
            <ns3:hr>149</ns3:hr>
          </ns3:TrackPointExtension>
        </extensions>
      </trkpt>
      <trkpt lat="31.40623974613845348358154296875" lon="119.4856656901538372039794921875">
        <ele>6.80000019073486328125</ele>
        <time>2026-05-28T23:16:15.000Z</time>
        <extensions>
          <ns3:TrackPointExtension>
            <ns3:hr>149</ns3:hr>
          </ns3:TrackPointExtension>
        </extensions>
      </trkpt>
      <trkpt lat="31.406239829957485198974609375" lon="119.48569460771977901458740234375">
        <ele>7</ele>
        <time>2026-05-28T23:16:16.000Z</time>
        <extensions>
          <ns3:TrackPointExtension/>
        </extensions>
      </trkpt>
      <trkpt lat="31.40624008141458034515380859375" lon="119.485720507800579071044921875">
        <ele>7</ele>
        <time>2026-05-28T23:16:17.000Z</time>
        <extensions>
          <ns3:TrackPointExtension/>
        </extensions>
      </trkpt>
      <trkpt lat="31.40623974613845348358154296875" lon="119.485745988786220550537109375">
        <ele>7</ele>
        <time>2026-05-28T23:16:18.000Z</time>
        <extensions>
          <ns3:TrackPointExtension/>
        </extensions>
      </trkpt>
      <trkpt lat="31.406239159405231475830078125" lon="119.4857729785144329071044921875">
        <ele>7</ele>
        <time>2026-05-28T23:16:19.000Z</time>
        <extensions>
          <ns3:TrackPointExtension>
            <ns3:hr>149</ns3:hr>
          </ns3:TrackPointExtension>
        </extensions>
      </trkpt>
      <trkpt lat="31.40623874031007289886474609375" lon="119.4858013093471527099609375">
        <ele>7</ele>
        <time>2026-05-28T23:16:20.000Z</time>
        <extensions>
          <ns3:TrackPointExtension>
            <ns3:hr>149</ns3:hr>
          </ns3:TrackPointExtension>
        </extensions>
      </trkpt>
      <trkpt lat="31.406238488852977752685546875" lon="119.48583123274147510528564453125">
        <ele>7</ele>
        <time>2026-05-28T23:16:21.000Z</time>
        <extensions>
          <ns3:TrackPointExtension/>
        </extensions>
      </trkpt>
      <trkpt lat="31.40623773448169231414794921875" lon="119.485862664878368377685546875">
        <ele>7</ele>
        <time>2026-05-28T23:16:22.000Z</time>
        <extensions>
          <ns3:TrackPointExtension/>
        </extensions>
      </trkpt>
      <trkpt lat="31.4062361419200897216796875" lon="119.48589527048170566558837890625">
        <ele>7</ele>
        <time>2026-05-28T23:16:23.000Z</time>
        <extensions>
          <ns3:TrackPointExtension/>
        </extensions>
      </trkpt>
      <trkpt lat="31.40623371116816997528076171875" lon="119.485927037894725799560546875">
        <ele>7</ele>
        <time>2026-05-28T23:16:24.000Z</time>
        <extensions>
          <ns3:TrackPointExtension/>
        </extensions>
      </trkpt>
      <trkpt lat="31.40623069368302822113037109375" lon="119.485957212746143341064453125">
        <ele>7</ele>
        <time>2026-05-28T23:16:25.000Z</time>
        <extensions>
          <ns3:TrackPointExtension/>
        </extensions>
      </trkpt>
      <trkpt lat="31.40622784383594989776611328125" lon="119.4859865494072437286376953125">
        <ele>7</ele>
        <time>2026-05-28T23:16:26.000Z</time>
        <extensions>
          <ns3:TrackPointExtension>
            <ns3:hr>149</ns3:hr>
          </ns3:TrackPointExtension>
        </extensions>
      </trkpt>
      <trkpt lat="31.40622516162693500518798828125" lon="119.48601563461124897003173828125">
        <ele>6.80000019073486328125</ele>
        <time>2026-05-28T23:16:27.000Z</time>
        <extensions>
          <ns3:TrackPointExtension>
            <ns3:hr>149</ns3:hr>
          </ns3:TrackPointExtension>
        </extensions>
      </trkpt>
      <trkpt lat="31.40622197650372982025146484375" lon="119.48604497127234935760498046875">
        <ele>6.80000019073486328125</ele>
        <time>2026-05-28T23:16:28.000Z</time>
        <extensions>
          <ns3:TrackPointExtension/>
        </extensions>
      </trkpt>
      <trkpt lat="31.40621845610439777374267578125" lon="119.48607346974313259124755859375">
        <ele>6.599999904632568359375</ele>
        <time>2026-05-28T23:16:29.000Z</time>
        <extensions>
          <ns3:TrackPointExtension>
            <ns3:hr>149</ns3:hr>
          </ns3:TrackPointExtension>
        </extensions>
      </trkpt>
      <trkpt lat="31.4062151871621608734130859375" lon="119.48610062710940837860107421875">
        <ele>6.400000095367431640625</ele>
        <time>2026-05-28T23:16:30.000Z</time>
        <extensions>
          <ns3:TrackPointExtension>
            <ns3:hr>149</ns3:hr>
          </ns3:TrackPointExtension>
        </extensions>
      </trkpt>
      <trkpt lat="31.4062118344008922576904296875" lon="119.4861263595521450042724609375">
        <ele>6.400000095367431640625</ele>
        <time>2026-05-28T23:16:31.000Z</time>
        <extensions>
          <ns3:TrackPointExtension/>
        </extensions>
      </trkpt>
      <trkpt lat="31.4062074758112430572509765625" lon="119.4861525110900402069091796875">
        <ele>6.19999980926513671875</ele>
        <time>2026-05-28T23:16:32.000Z</time>
        <extensions>
          <ns3:TrackPointExtension/>
        </extensions>
      </trkpt>
      <trkpt lat="31.40620253048837184906005859375" lon="119.48618017137050628662109375">
        <ele>6.19999980926513671875</ele>
        <time>2026-05-28T23:16:33.000Z</time>
        <extensions>
          <ns3:TrackPointExtension/>
        </extensions>
      </trkpt>
      <trkpt lat="31.40619833953678607940673828125" lon="119.4862095080316066741943359375">
        <ele>6</ele>
        <time>2026-05-28T23:16:34.000Z</time>
        <extensions>
          <ns3:TrackPointExtension/>
        </extensions>
      </trkpt>
      <trkpt lat="31.406195573508739471435546875" lon="119.48624026961624622344970703125">
        <ele>6</ele>
        <time>2026-05-28T23:16:35.000Z</time>
        <extensions>
          <ns3:TrackPointExtension>
            <ns3:hr>148</ns3:hr>
          </ns3:TrackPointExtension>
        </extensions>
      </trkpt>
      <trkpt lat="31.40619431622326374053955078125" lon="119.48627195321023464202880859375">
        <ele>5.80000019073486328125</ele>
        <time>2026-05-28T23:16:36.000Z</time>
        <extensions>
          <ns3:TrackPointExtension>
            <ns3:hr>148</ns3:hr>
          </ns3:TrackPointExtension>
        </extensions>
      </trkpt>
      <trkpt lat="31.40619456768035888671875" lon="119.486304558813571929931640625">
        <ele>5.599999904632568359375</ele>
        <time>2026-05-28T23:16:37.000Z</time>
        <extensions>
          <ns3:TrackPointExtension/>
        </extensions>
      </trkpt>
      <trkpt lat="31.40619548968970775604248046875" lon="119.48633708059787750244140625">
        <ele>5.599999904632568359375</ele>
        <time>2026-05-28T23:16:38.000Z</time>
        <extensions>
          <ns3:TrackPointExtension/>
        </extensions>
      </trkpt>
      <trkpt lat="31.40619616024196147918701171875" lon="119.4863690994679927825927734375">
        <ele>5.400000095367431640625</ele>
        <time>2026-05-28T23:16:39.000Z</time>
        <extensions>
          <ns3:TrackPointExtension/>
        </extensions>
      </trkpt>
      <trkpt lat="31.406196914613246917724609375" lon="119.48640002869069576263427734375">
        <ele>5.400000095367431640625</ele>
        <time>2026-05-28T23:16:40.000Z</time>
        <extensions>
          <ns3:TrackPointExtension>
            <ns3:hr>147</ns3:hr>
          </ns3:TrackPointExtension>
        </extensions>
      </trkpt>
      <trkpt lat="31.40619817189872264862060546875" lon="119.48643037118017673492431640625">
        <ele>5.400000095367431640625</ele>
        <time>2026-05-28T23:16:41.000Z</time>
        <extensions>
          <ns3:TrackPointExtension>
            <ns3:hr>147</ns3:hr>
          </ns3:TrackPointExtension>
        </extensions>
      </trkpt>
      <trkpt lat="31.406199596822261810302734375" lon="119.48646046221256256103515625">
        <ele>5.400000095367431640625</ele>
        <time>2026-05-28T23:16:42.000Z</time>
        <extensions>
          <ns3:TrackPointExtension/>
        </extensions>
      </trkpt>
      <trkpt lat="31.4062004350125789642333984375" lon="119.486489631235599517822265625">
        <ele>5.400000095367431640625</ele>
        <time>2026-05-28T23:16:43.000Z</time>
        <extensions>
          <ns3:TrackPointExtension>
            <ns3:hr>147</ns3:hr>
          </ns3:TrackPointExtension>
        </extensions>
      </trkpt>
      <trkpt lat="31.40620060265064239501953125" lon="119.4865169562399387359619140625">
        <ele>5.400000095367431640625</ele>
        <time>2026-05-28T23:16:44.000Z</time>
        <extensions>
          <ns3:TrackPointExtension>
            <ns3:hr>147</ns3:hr>
          </ns3:TrackPointExtension>
        </extensions>
      </trkpt>
      <trkpt lat="31.40620018355548381805419921875" lon="119.48654335923492908477783203125">
        <ele>5.400000095367431640625</ele>
        <time>2026-05-28T23:16:45.000Z</time>
        <extensions>
          <ns3:TrackPointExtension/>
        </extensions>
      </trkpt>
      <trkpt lat="31.4061994291841983795166015625" lon="119.48657101951539516448974609375">
        <ele>5.400000095367431640625</ele>
        <time>2026-05-28T23:16:46.000Z</time>
        <extensions>
          <ns3:TrackPointExtension/>
        </extensions>
      </trkpt>
      <trkpt lat="31.4061980880796909332275390625" lon="119.48660018853843212127685546875">
        <ele>5.400000095367431640625</ele>
        <time>2026-05-28T23:16:47.000Z</time>
        <extensions>
          <ns3:TrackPointExtension/>
        </extensions>
      </trkpt>
      <trkpt lat="31.4061957411468029022216796875" lon="119.48663002811372280120849609375">
        <ele>5.400000095367431640625</ele>
        <time>2026-05-28T23:16:48.000Z</time>
        <extensions>
          <ns3:TrackPointExtension>
            <ns3:hr>147</ns3:hr>
          </ns3:TrackPointExtension>
        </extensions>
      </trkpt>
      <trkpt lat="31.40619263984262943267822265625" lon="119.48665894567966461181640625">
        <ele>5.400000095367431640625</ele>
        <time>2026-05-28T23:16:49.000Z</time>
        <extensions>
          <ns3:TrackPointExtension>
            <ns3:hr>147</ns3:hr>
          </ns3:TrackPointExtension>
        </extensions>
      </trkpt>
      <trkpt lat="31.40618945471942424774169921875" lon="119.4866864383220672607421875">
        <ele>5.400000095367431640625</ele>
        <time>2026-05-28T23:16:50.000Z</time>
        <extensions>
          <ns3:TrackPointExtension/>
        </extensions>
      </trkpt>
      <trkpt lat="31.40618727542459964752197265625" lon="119.486712254583835601806640625">
        <ele>5.599999904632568359375</ele>
        <time>2026-05-28T23:16:51.000Z</time>
        <extensions>
          <ns3:TrackPointExtension/>
        </extensions>
      </trkpt>
      <trkpt lat="31.40618593432009220123291015625" lon="119.48673664592206478118896484375">
        <ele>5.599999904632568359375</ele>
        <time>2026-05-28T23:16:52.000Z</time>
        <extensions>
          <ns3:TrackPointExtension/>
        </extensions>
      </trkpt>
      <trkpt lat="31.4061851799488067626953125" lon="119.4867596961557865142822265625">
        <ele>5.80000019073486328125</ele>
        <time>2026-05-28T23:16:53.000Z</time>
        <extensions>
          <ns3:TrackPointExtension/>
        </extensions>
      </trkpt>
      <trkpt lat="31.4061843417584896087646484375" lon="119.4867838360369205474853515625">
        <ele>5.80000019073486328125</ele>
        <time>2026-05-28T23:16:54.000Z</time>
        <extensions>
          <ns3:TrackPointExtension/>
        </extensions>
      </trkpt>
      <trkpt lat="31.40618274919688701629638671875" lon="119.48680990375578403472900390625">
        <ele>5.80000019073486328125</ele>
        <time>2026-05-28T23:16:55.000Z</time>
        <extensions>
          <ns3:TrackPointExtension/>
        </extensions>
      </trkpt>
      <trkpt lat="31.40618006698787212371826171875" lon="119.4868368096649646759033203125">
        <ele>5.599999904632568359375</ele>
        <time>2026-05-28T23:16:56.000Z</time>
        <extensions>
          <ns3:TrackPointExtension>
            <ns3:hr>150</ns3:hr>
          </ns3:TrackPointExtension>
        </extensions>
      </trkpt>
      <trkpt lat="31.4061762951314449310302734375" lon="119.48686522431671619415283203125">
        <ele>5.599999904632568359375</ele>
        <time>2026-05-28T23:16:57.000Z</time>
        <extensions>
          <ns3:TrackPointExtension>
            <ns3:hr>150</ns3:hr>
          </ns3:TrackPointExtension>
        </extensions>
      </trkpt>
      <trkpt lat="31.40617285855114459991455078125" lon="119.48689472861588001251220703125">
        <ele>5.599999904632568359375</ele>
        <time>2026-05-28T23:16:58.000Z</time>
        <extensions>
          <ns3:TrackPointExtension>
            <ns3:hr>150</ns3:hr>
          </ns3:TrackPointExtension>
        </extensions>
      </trkpt>
      <trkpt lat="31.4061705954372882843017578125" lon="119.48692456819117069244384765625">
        <ele>5.599999904632568359375</ele>
        <time>2026-05-28T23:16:59.000Z</time>
        <extensions>
          <ns3:TrackPointExtension>
            <ns3:hr>150</ns3:hr>
          </ns3:TrackPointExtension>
        </extensions>
      </trkpt>
      <trkpt lat="31.40617000870406627655029296875" lon="119.48695373721420764923095703125">
        <ele>5.599999904632568359375</ele>
        <time>2026-05-28T23:17:00.000Z</time>
        <extensions>
          <ns3:TrackPointExtension/>
        </extensions>
      </trkpt>
      <trkpt lat="31.4061712659895420074462890625" lon="119.48698273859918117523193359375">
        <ele>5.80000019073486328125</ele>
        <time>2026-05-28T23:17:01.000Z</time>
        <extensions>
          <ns3:TrackPointExtension/>
        </extensions>
      </trkpt>
      <trkpt lat="31.4061746187508106231689453125" lon="119.48701207526028156280517578125">
        <ele>6</ele>
        <time>2026-05-28T23:17:02.000Z</time>
        <extensions>
          <ns3:TrackPointExtension/>
        </extensions>
      </trkpt>
      <trkpt lat="31.40617914497852325439453125" lon="119.4870409928262233734130859375">
        <ele>6</ele>
        <time>2026-05-28T23:17:03.000Z</time>
        <extensions>
          <ns3:TrackPointExtension/>
        </extensions>
      </trkpt>
      <trkpt lat="31.406183503568172454833984375" lon="119.48706873692572116851806640625">
        <ele>6.19999980926513671875</ele>
        <time>2026-05-28T23:17:04.000Z</time>
        <extensions>
          <ns3:TrackPointExtension/>
        </extensions>
      </trkpt>
      <trkpt lat="31.4061856828629970550537109375" lon="119.48709547519683837890625">
        <ele>6.400000095367431640625</ele>
        <time>2026-05-28T23:17:05.000Z</time>
        <extensions>
          <ns3:TrackPointExtension/>
        </extensions>
      </trkpt>
      <trkpt lat="31.40618492849171161651611328125" lon="119.487123303115367889404296875">
        <ele>6.599999904632568359375</ele>
        <time>2026-05-28T23:17:06.000Z</time>
        <extensions>
          <ns3:TrackPointExtension/>
        </extensions>
      </trkpt>
      <trkpt lat="31.406182162463665008544921875" lon="119.48715255595743656158447265625">
        <ele>6.80000019073486328125</ele>
        <time>2026-05-28T23:17:07.000Z</time>
        <extensions>
          <ns3:TrackPointExtension>
            <ns3:hr>151</ns3:hr>
          </ns3:TrackPointExtension>
        </extensions>
      </trkpt>
      <trkpt lat="31.406178139150142669677734375" lon="119.48718289844691753387451171875">
        <ele>7</ele>
        <time>2026-05-28T23:17:08.000Z</time>
        <extensions>
          <ns3:TrackPointExtension>
            <ns3:hr>151</ns3:hr>
          </ns3:TrackPointExtension>
        </extensions>
      </trkpt>
      <trkpt lat="31.40617419965565204620361328125" lon="119.48721407912671566009521484375">
        <ele>7.19999980926513671875</ele>
        <time>2026-05-28T23:17:09.000Z</time>
        <extensions>
          <ns3:TrackPointExtension/>
        </extensions>
      </trkpt>
      <trkpt lat="31.4061705954372882843017578125" lon="119.48724576272070407867431640625">
        <ele>7.599999904632568359375</ele>
        <time>2026-05-28T23:17:10.000Z</time>
        <extensions>
          <ns3:TrackPointExtension/>
        </extensions>
      </trkpt>
      <trkpt lat="31.40616648830473423004150390625" lon="119.4872773624956607818603515625">
        <ele>7.80000019073486328125</ele>
        <time>2026-05-28T23:17:11.000Z</time>
        <extensions>
          <ns3:TrackPointExtension/>
        </extensions>
      </trkpt>
      <trkpt lat="31.4061610400676727294921875" lon="119.487307369709014892578125">
        <ele>8</ele>
        <time>2026-05-28T23:17:12.000Z</time>
        <extensions>
          <ns3:TrackPointExtension>
            <ns3:hr>151</ns3:hr>
          </ns3:TrackPointExtension>
        </extensions>
      </trkpt>
      <trkpt lat="31.4061545021831989288330078125" lon="119.4873353652656078338623046875">
        <ele>8</ele>
        <time>2026-05-28T23:17:13.000Z</time>
        <extensions>
          <ns3:TrackPointExtension>
            <ns3:hr>151</ns3:hr>
          </ns3:TrackPointExtension>
        </extensions>
      </trkpt>
      <trkpt lat="31.4061481319367885589599609375" lon="119.48736126534640789031982421875">
        <ele>8.19999980926513671875</ele>
        <time>2026-05-28T23:17:14.000Z</time>
        <extensions>
          <ns3:TrackPointExtension/>
        </extensions>
      </trkpt>
      <trkpt lat="31.4061410911381244659423828125" lon="119.4873866625130176544189453125">
        <ele>8.3999996185302734375</ele>
        <time>2026-05-28T23:17:15.000Z</time>
        <extensions>
          <ns3:TrackPointExtension/>
        </extensions>
      </trkpt>
      <trkpt lat="31.40613229013979434967041015625" lon="119.48741122148931026458740234375">
        <ele>8.6000003814697265625</ele>
        <time>2026-05-28T23:17:16.000Z</time>
        <extensions>
          <ns3:TrackPointExtension/>
        </extensions>
      </trkpt>
      <trkpt lat="31.4061226509511470794677734375" lon="119.48743368498980998992919921875">
        <ele>8.6000003814697265625</ele>
        <time>2026-05-28T23:17:17.000Z</time>
        <extensions>
          <ns3:TrackPointExtension>
            <ns3:hr>151</ns3:hr>
          </ns3:TrackPointExtension>
        </extensions>
      </trkpt>
      <trkpt lat="31.40611301176249980926513671875" lon="119.487454891204833984375">
        <ele>8.80000019073486328125</ele>
        <time>2026-05-28T23:17:18.000Z</time>
        <extensions>
          <ns3:TrackPointExtension>
            <ns3:hr>151</ns3:hr>
          </ns3:TrackPointExtension>
        </extensions>
      </trkpt>
      <trkpt lat="31.40610345639288425445556640625" lon="119.48747727088630199432373046875">
        <ele>9</ele>
        <time>2026-05-28T23:17:19.000Z</time>
        <extensions>
          <ns3:TrackPointExtension>
            <ns3:hr>151</ns3:hr>
          </ns3:TrackPointExtension>
        </extensions>
      </trkpt>
      <trkpt lat="31.4060948230326175689697265625" lon="119.4875023327767848968505859375">
        <ele>9</ele>
        <time>2026-05-28T23:17:20.000Z</time>
        <extensions>
          <ns3:TrackPointExtension/>
        </extensions>
      </trkpt>
      <trkpt lat="31.40608971007168292999267578125" lon="119.48752957396209239959716796875">
        <ele>9.19999980926513671875</ele>
        <time>2026-05-28T23:17:21.000Z</time>
        <extensions>
          <ns3:TrackPointExtension/>
        </extensions>
      </trkpt>
      <trkpt lat="31.40608803369104862213134765625" lon="119.48755840770900249481201171875">
        <ele>9.3999996185302734375</ele>
        <time>2026-05-28T23:17:22.000Z</time>
        <extensions>
          <ns3:TrackPointExtension/>
        </extensions>
      </trkpt>
      <trkpt lat="31.40608870424330234527587890625" lon="119.48758606798946857452392578125">
        <ele>9.6000003814697265625</ele>
        <time>2026-05-28T23:17:23.000Z</time>
        <extensions>
          <ns3:TrackPointExtension>
            <ns3:hr>151</ns3:hr>
          </ns3:TrackPointExtension>
        </extensions>
      </trkpt>
      <trkpt lat="31.4060894586145877838134765625" lon="119.4876126386225223541259765625">
        <ele>9.80000019073486328125</ele>
        <time>2026-05-28T23:17:24.000Z</time>
        <extensions>
          <ns3:TrackPointExtension>
            <ns3:hr>151</ns3:hr>
          </ns3:TrackPointExtension>
        </extensions>
      </trkpt>
      <trkpt lat="31.40608870424330234527587890625" lon="119.48763937689363956451416015625">
        <ele>10</ele>
        <time>2026-05-28T23:17:25.000Z</time>
        <extensions>
          <ns3:TrackPointExtension/>
        </extensions>
      </trkpt>
      <trkpt lat="31.40608669258654117584228515625" lon="119.48766552843153476715087890625">
        <ele>10.19999980926513671875</ele>
        <time>2026-05-28T23:17:26.000Z</time>
        <extensions>
          <ns3:TrackPointExtension/>
        </extensions>
      </trkpt>
      <trkpt lat="31.40608417801558971405029296875" lon="119.4876907579600811004638671875">
        <ele>10.3999996185302734375</ele>
        <time>2026-05-28T23:17:27.000Z</time>
        <extensions>
          <ns3:TrackPointExtension/>
        </extensions>
      </trkpt>
      <trkpt lat="31.40608149580657482147216796875" lon="119.48771548457443714141845703125">
        <ele>10.6000003814697265625</ele>
        <time>2026-05-28T23:17:28.000Z</time>
        <extensions>
          <ns3:TrackPointExtension/>
        </extensions>
      </trkpt>
      <trkpt lat="31.40607856214046478271484375" lon="119.4877420552074909210205078125">
        <ele>10.80000019073486328125</ele>
        <time>2026-05-28T23:17:29.000Z</time>
        <extensions>
          <ns3:TrackPointExtension/>
        </extensions>
      </trkpt>
      <trkpt lat="31.40607587993144989013671875" lon="119.4877705536782741546630859375">
        <ele>10.80000019073486328125</ele>
        <time>2026-05-28T23:17:30.000Z</time>
        <extensions>
          <ns3:TrackPointExtension>
            <ns3:hr>152</ns3:hr>
          </ns3:TrackPointExtension>
        </extensions>
      </trkpt>
      <trkpt lat="31.406073532998561859130859375" lon="119.487799219787120819091796875">
        <ele>10.80000019073486328125</ele>
        <time>2026-05-28T23:17:31.000Z</time>
        <extensions>
          <ns3:TrackPointExtension>
            <ns3:hr>152</ns3:hr>
          </ns3:TrackPointExtension>
        </extensions>
      </trkpt>
      <trkpt lat="31.40607177279889583587646484375" lon="119.487827718257904052734375">
        <ele>10.6000003814697265625</ele>
        <time>2026-05-28T23:17:32.000Z</time>
        <extensions>
          <ns3:TrackPointExtension/>
        </extensions>
      </trkpt>
      <trkpt lat="31.40607026405632495880126953125" lon="119.487855546176433563232421875">
        <ele>10.6000003814697265625</ele>
        <time>2026-05-28T23:17:33.000Z</time>
        <extensions>
          <ns3:TrackPointExtension/>
        </extensions>
      </trkpt>
      <trkpt lat="31.40606825239956378936767578125" lon="119.4878828711807727813720703125">
        <ele>10.3999996185302734375</ele>
        <time>2026-05-28T23:17:34.000Z</time>
        <extensions>
          <ns3:TrackPointExtension/>
        </extensions>
      </trkpt>
      <trkpt lat="31.40606582164764404296875" lon="119.487909860908985137939453125">
        <ele>10.3999996185302734375</ele>
        <time>2026-05-28T23:17:35.000Z</time>
        <extensions>
          <ns3:TrackPointExtension/>
        </extensions>
      </trkpt>
      <trkpt lat="31.4060629718005657196044921875" lon="119.48793760500848293304443359375">
        <ele>10.19999980926513671875</ele>
        <time>2026-05-28T23:17:36.000Z</time>
        <extensions>
          <ns3:TrackPointExtension>
            <ns3:hr>152</ns3:hr>
          </ns3:TrackPointExtension>
        </extensions>
      </trkpt>
      <trkpt lat="31.4060602895915508270263671875" lon="119.48796576820313930511474609375">
        <ele>10</ele>
        <time>2026-05-28T23:17:37.000Z</time>
        <extensions>
          <ns3:TrackPointExtension>
            <ns3:hr>152</ns3:hr>
          </ns3:TrackPointExtension>
        </extensions>
      </trkpt>
      <trkpt lat="31.40605735592544078826904296875" lon="119.48799309320747852325439453125">
        <ele>10</ele>
        <time>2026-05-28T23:17:38.000Z</time>
        <extensions>
          <ns3:TrackPointExtension/>
        </extensions>
      </trkpt>
      <trkpt lat="31.4060537517070770263671875" lon="119.4880189932882785797119140625">
        <ele>9.80000019073486328125</ele>
        <time>2026-05-28T23:17:39.000Z</time>
        <extensions>
          <ns3:TrackPointExtension/>
        </extensions>
      </trkpt>
      <trkpt lat="31.40604905784130096435546875" lon="119.48804430663585662841796875">
        <ele>9.80000019073486328125</ele>
        <time>2026-05-28T23:17:40.000Z</time>
        <extensions>
          <ns3:TrackPointExtension/>
        </extensions>
      </trkpt>
      <trkpt lat="31.406043358147144317626953125" lon="119.48807003907859325408935546875">
        <ele>9.80000019073486328125</ele>
        <time>2026-05-28T23:17:41.000Z</time>
        <extensions>
          <ns3:TrackPointExtension>
            <ns3:hr>152</ns3:hr>
          </ns3:TrackPointExtension>
        </extensions>
      </trkpt>
      <trkpt lat="31.406037323176860809326171875" lon="119.48809635825455188751220703125">
        <ele>9.6000003814697265625</ele>
        <time>2026-05-28T23:17:42.000Z</time>
        <extensions>
          <ns3:TrackPointExtension>
            <ns3:hr>152</ns3:hr>
          </ns3:TrackPointExtension>
        </extensions>
      </trkpt>
      <trkpt lat="31.4060321263968944549560546875" lon="119.4881232641637325286865234375">
        <ele>9.19999980926513671875</ele>
        <time>2026-05-28T23:17:43.000Z</time>
        <extensions>
          <ns3:TrackPointExtension/>
        </extensions>
      </trkpt>
      <trkpt lat="31.40602919273078441619873046875" lon="119.488149583339691162109375">
        <ele>9</ele>
        <time>2026-05-28T23:17:44.000Z</time>
        <extensions>
          <ns3:TrackPointExtension>
            <ns3:hr>151</ns3:hr>
          </ns3:TrackPointExtension>
        </extensions>
      </trkpt>
      <trkpt lat="31.406028270721435546875" lon="119.48817648924887180328369140625">
        <ele>9</ele>
        <time>2026-05-28T23:17:45.000Z</time>
        <extensions>
          <ns3:TrackPointExtension>
            <ns3:hr>151</ns3:hr>
          </ns3:TrackPointExtension>
        </extensions>
      </trkpt>
      <trkpt lat="31.40602952800691127777099609375" lon="119.48820431716740131378173828125">
        <ele>8.80000019073486328125</ele>
        <time>2026-05-28T23:17:46.000Z</time>
        <extensions>
          <ns3:TrackPointExtension/>
        </extensions>
      </trkpt>
      <trkpt lat="31.4060314558446407318115234375" lon="119.4882322289049625396728515625">
        <ele>8.6000003814697265625</ele>
        <time>2026-05-28T23:17:47.000Z</time>
        <extensions>
          <ns3:TrackPointExtension/>
        </extensions>
      </trkpt>
      <trkpt lat="31.40603254549205303192138671875" lon="119.4882608950138092041015625">
        <ele>8.3999996185302734375</ele>
        <time>2026-05-28T23:17:48.000Z</time>
        <extensions>
          <ns3:TrackPointExtension/>
        </extensions>
      </trkpt>
      <trkpt lat="31.406031958758831024169921875" lon="119.4882902316749095916748046875">
        <ele>8.19999980926513671875</ele>
        <time>2026-05-28T23:17:49.000Z</time>
        <extensions>
          <ns3:TrackPointExtension/>
        </extensions>
      </trkpt>
      <trkpt lat="31.40602952800691127777099609375" lon="119.48831923305988311767578125">
        <ele>8</ele>
        <time>2026-05-28T23:17:50.000Z</time>
        <extensions>
          <ns3:TrackPointExtension/>
        </extensions>
      </trkpt>
      <trkpt lat="31.4060264267027378082275390625" lon="119.48834748007357120513916015625">
        <ele>8</ele>
        <time>2026-05-28T23:17:51.000Z</time>
        <extensions>
          <ns3:TrackPointExtension>
            <ns3:hr>151</ns3:hr>
          </ns3:TrackPointExtension>
        </extensions>
      </trkpt>
      <trkpt lat="31.4060230739414691925048828125" lon="119.48837555944919586181640625">
        <ele>8</ele>
        <time>2026-05-28T23:17:52.000Z</time>
        <extensions>
          <ns3:TrackPointExtension>
            <ns3:hr>151</ns3:hr>
          </ns3:TrackPointExtension>
        </extensions>
      </trkpt>
      <trkpt lat="31.406019888818264007568359375" lon="119.4884035550057888031005859375">
        <ele>8</ele>
        <time>2026-05-28T23:17:53.000Z</time>
        <extensions>
          <ns3:TrackPointExtension>
            <ns3:hr>151</ns3:hr>
          </ns3:TrackPointExtension>
        </extensions>
      </trkpt>
      <trkpt lat="31.4060162007808685302734375" lon="119.48843146674335002899169921875">
        <ele>8</ele>
        <time>2026-05-28T23:17:54.000Z</time>
        <extensions>
          <ns3:TrackPointExtension>
            <ns3:hr>151</ns3:hr>
          </ns3:TrackPointExtension>
        </extensions>
      </trkpt>
      <trkpt lat="31.4060123451054096221923828125" lon="119.488459043204784393310546875">
        <ele>8</ele>
        <time>2026-05-28T23:17:55.000Z</time>
        <extensions>
          <ns3:TrackPointExtension/>
        </extensions>
      </trkpt>
      <trkpt lat="31.406008489429950714111328125" lon="119.48848695494234561920166015625">
        <ele>8</ele>
        <time>2026-05-28T23:17:56.000Z</time>
        <extensions>
          <ns3:TrackPointExtension/>
        </extensions>
      </trkpt>
      <trkpt lat="31.406004466116428375244140625" lon="119.48851545341312885284423828125">
        <ele>8</ele>
        <time>2026-05-28T23:17:57.000Z</time>
        <extensions>
          <ns3:TrackPointExtension/>
        </extensions>
      </trkpt>
      <trkpt lat="31.40600002370774745941162109375" lon="119.48854386806488037109375">
        <ele>8</ele>
        <time>2026-05-28T23:17:58.000Z</time>
        <extensions>
          <ns3:TrackPointExtension/>
        </extensions>
      </trkpt>
      <trkpt lat="31.4059945754706859588623046875" lon="119.48857245035469532012939453125">
        <ele>8</ele>
        <time>2026-05-28T23:17:59.000Z</time>
        <extensions>
          <ns3:TrackPointExtension>
            <ns3:hr>151</ns3:hr>
          </ns3:TrackPointExtension>
        </extensions>
      </trkpt>
      <trkpt lat="31.40598828904330730438232421875" lon="119.4886003620922565460205078125">
        <ele>8</ele>
        <time>2026-05-28T23:18:00.000Z</time>
        <extensions>
          <ns3:TrackPointExtension>
            <ns3:hr>151</ns3:hr>
          </ns3:TrackPointExtension>
        </extensions>
      </trkpt>
      <trkpt lat="31.40598041005432605743408203125" lon="119.48862726800143718719482421875">
        <ele>8.19999980926513671875</ele>
        <time>2026-05-28T23:18:01.000Z</time>
        <extensions>
          <ns3:TrackPointExtension/>
        </extensions>
      </trkpt>
      <trkpt lat="31.40597085468471050262451171875" lon="119.48865308426320552825927734375">
        <ele>8.3999996185302734375</ele>
        <time>2026-05-28T23:18:02.000Z</time>
        <extensions>
          <ns3:TrackPointExtension/>
        </extensions>
      </trkpt>
      <trkpt lat="31.40595995821058750152587890625" lon="119.48867999017238616943359375">
        <ele>8.6000003814697265625</ele>
        <time>2026-05-28T23:18:03.000Z</time>
        <extensions>
          <ns3:TrackPointExtension/>
        </extensions>
      </trkpt>
      <trkpt lat="31.405950821936130523681640625" lon="119.48870823718607425689697265625">
        <ele>8.80000019073486328125</ele>
        <time>2026-05-28T23:18:04.000Z</time>
        <extensions>
          <ns3:TrackPointExtension/>
        </extensions>
      </trkpt>
      <trkpt lat="31.405946798622608184814453125" lon="119.4887356460094451904296875">
        <ele>9</ele>
        <time>2026-05-28T23:18:05.000Z</time>
        <extensions>
          <ns3:TrackPointExtension/>
        </extensions>
      </trkpt>
      <trkpt lat="31.40594847500324249267578125" lon="119.48876137845218181610107421875">
        <ele>9</ele>
        <time>2026-05-28T23:18:06.000Z</time>
        <extensions>
          <ns3:TrackPointExtension/>
        </extensions>
      </trkpt>
      <trkpt lat="31.4059531688690185546875" lon="119.48878635652363300323486328125">
        <ele>9</ele>
        <time>2026-05-28T23:18:07.000Z</time>
        <extensions>
          <ns3:TrackPointExtension>
            <ns3:hr>151</ns3:hr>
          </ns3:TrackPointExtension>
        </extensions>
      </trkpt>
      <trkpt lat="31.4059566892683506011962890625" lon="119.4888125918805599212646484375">
        <ele>9</ele>
        <time>2026-05-28T23:18:08.000Z</time>
        <extensions>
          <ns3:TrackPointExtension>
            <ns3:hr>151</ns3:hr>
          </ns3:TrackPointExtension>
        </extensions>
      </trkpt>
      <trkpt lat="31.4059570245444774627685546875" lon="119.48884167708456516265869140625">
        <ele>9</ele>
        <time>2026-05-28T23:18:09.000Z</time>
        <extensions>
          <ns3:TrackPointExtension>
            <ns3:hr>150</ns3:hr>
          </ns3:TrackPointExtension>
        </extensions>
      </trkpt>
      <trkpt lat="31.40595459379255771636962890625" lon="119.48887269012629985809326171875">
        <ele>9</ele>
        <time>2026-05-28T23:18:10.000Z</time>
        <extensions>
          <ns3:TrackPointExtension>
            <ns3:hr>150</ns3:hr>
          </ns3:TrackPointExtension>
        </extensions>
      </trkpt>
      <trkpt lat="31.40595174394547939300537109375" lon="119.488902278244495391845703125">
        <ele>9</ele>
        <time>2026-05-28T23:18:11.000Z</time>
        <extensions>
          <ns3:TrackPointExtension/>
        </extensions>
      </trkpt>
      <trkpt lat="31.40594922937452793121337890625" lon="119.4889285974204540252685546875">
        <ele>8.80000019073486328125</ele>
        <time>2026-05-28T23:18:12.000Z</time>
        <extensions>
          <ns3:TrackPointExtension/>
        </extensions>
      </trkpt>
      <trkpt lat="31.4059466309845447540283203125" lon="119.4889524020254611968994140625">
        <ele>8.80000019073486328125</ele>
        <time>2026-05-28T23:18:13.000Z</time>
        <extensions>
          <ns3:TrackPointExtension/>
        </extensions>
      </trkpt>
      <trkpt lat="31.4059432782232761383056640625" lon="119.48897645808756351470947265625">
        <ele>8.6000003814697265625</ele>
        <time>2026-05-28T23:18:14.000Z</time>
        <extensions>
          <ns3:TrackPointExtension/>
        </extensions>
      </trkpt>
      <trkpt lat="31.405939422547817230224609375" lon="119.4890026934444904327392578125">
        <ele>8.6000003814697265625</ele>
        <time>2026-05-28T23:18:15.000Z</time>
        <extensions>
          <ns3:TrackPointExtension>
            <ns3:hr>149</ns3:hr>
          </ns3:TrackPointExtension>
        </extensions>
      </trkpt>
      <trkpt lat="31.40593615360558032989501953125" lon="119.4890308566391468048095703125">
        <ele>8.3999996185302734375</ele>
        <time>2026-05-28T23:18:16.000Z</time>
        <extensions>
          <ns3:TrackPointExtension>
            <ns3:hr>149</ns3:hr>
          </ns3:TrackPointExtension>
        </extensions>
      </trkpt>
      <trkpt lat="31.40593380667269229888916015625" lon="119.4890586845576763153076171875">
        <ele>8.19999980926513671875</ele>
        <time>2026-05-28T23:18:17.000Z</time>
        <extensions>
          <ns3:TrackPointExtension/>
        </extensions>
      </trkpt>
      <trkpt lat="31.405932046473026275634765625" lon="119.48908441700041294097900390625">
        <ele>8.19999980926513671875</ele>
        <time>2026-05-28T23:18:18.000Z</time>
        <extensions>
          <ns3:TrackPointExtension/>
        </extensions>
      </trkpt>
      <trkpt lat="31.40592961572110652923583984375" lon="119.48910738341510295867919921875">
        <ele>8</ele>
        <time>2026-05-28T23:18:19.000Z</time>
        <extensions>
          <ns3:TrackPointExtension>
            <ns3:hr>149</ns3:hr>
          </ns3:TrackPointExtension>
        </extensions>
      </trkpt>
      <trkpt lat="31.4059265144169330596923828125" lon="119.48913060128688812255859375">
        <ele>8</ele>
        <time>2026-05-28T23:18:20.000Z</time>
        <extensions>
          <ns3:TrackPointExtension>
            <ns3:hr>149</ns3:hr>
          </ns3:TrackPointExtension>
        </extensions>
      </trkpt>
      <trkpt lat="31.40592299401760101318359375" lon="119.4891567528247833251953125">
        <ele>7.80000019073486328125</ele>
        <time>2026-05-28T23:18:21.000Z</time>
        <extensions>
          <ns3:TrackPointExtension/>
        </extensions>
      </trkpt>
      <trkpt lat="31.405919305980205535888671875" lon="119.4891844131052494049072265625">
        <ele>7.599999904632568359375</ele>
        <time>2026-05-28T23:18:22.000Z</time>
        <extensions>
          <ns3:TrackPointExtension/>
        </extensions>
      </trkpt>
      <trkpt lat="31.405915953218936920166015625" lon="119.489211402833461761474609375">
        <ele>7.400000095367431640625</ele>
        <time>2026-05-28T23:18:23.000Z</time>
        <extensions>
          <ns3:TrackPointExtension/>
        </extensions>
      </trkpt>
      <trkpt lat="31.4059154503047466278076171875" lon="119.489236883819103240966796875">
        <ele>7.19999980926513671875</ele>
        <time>2026-05-28T23:18:24.000Z</time>
        <extensions>
          <ns3:TrackPointExtension/>
        </extensions>
      </trkpt>
      <trkpt lat="31.40591905452311038970947265625" lon="119.489260353147983551025390625">
        <ele>7.19999980926513671875</ele>
        <time>2026-05-28T23:18:25.000Z</time>
        <extensions>
          <ns3:TrackPointExtension/>
        </extensions>
      </trkpt>
      <trkpt lat="31.40592240728437900543212890625" lon="119.48928558267652988433837890625">
        <ele>7</ele>
        <time>2026-05-28T23:18:26.000Z</time>
        <extensions>
          <ns3:TrackPointExtension>
            <ns3:hr>149</ns3:hr>
          </ns3:TrackPointExtension>
        </extensions>
      </trkpt>
      <trkpt lat="31.4059211499989032745361328125" lon="119.4893161766231060028076171875">
        <ele>6.80000019073486328125</ele>
        <time>2026-05-28T23:18:27.000Z</time>
        <extensions>
          <ns3:TrackPointExtension>
            <ns3:hr>149</ns3:hr>
          </ns3:TrackPointExtension>
        </extensions>
      </trkpt>
      <trkpt lat="31.405915953218936920166015625" lon="119.48934894986450672149658203125">
        <ele>6.80000019073486328125</ele>
        <time>2026-05-28T23:18:28.000Z</time>
        <extensions>
          <ns3:TrackPointExtension>
            <ns3:hr>149</ns3:hr>
          </ns3:TrackPointExtension>
        </extensions>
      </trkpt>
      <trkpt lat="31.40591000206768512725830078125" lon="119.48937945999205112457275390625">
        <ele>6.599999904632568359375</ele>
        <time>2026-05-28T23:18:29.000Z</time>
        <extensions>
          <ns3:TrackPointExtension>
            <ns3:hr>149</ns3:hr>
          </ns3:TrackPointExtension>
        </extensions>
      </trkpt>
      <trkpt lat="31.4059057272970676422119140625" lon="119.489406533539295196533203125">
        <ele>6.400000095367431640625</ele>
        <time>2026-05-28T23:18:30.000Z</time>
        <extensions>
          <ns3:TrackPointExtension/>
        </extensions>
      </trkpt>
      <trkpt lat="31.4059030450880527496337890625" lon="119.489432014524936676025390625">
        <ele>6.400000095367431640625</ele>
        <time>2026-05-28T23:18:31.000Z</time>
        <extensions>
          <ns3:TrackPointExtension/>
        </extensions>
      </trkpt>
      <trkpt lat="31.40590027906000614166259765625" lon="119.48945841751992702484130859375">
        <ele>6.19999980926513671875</ele>
        <time>2026-05-28T23:18:32.000Z</time>
        <extensions>
          <ns3:TrackPointExtension/>
        </extensions>
      </trkpt>
      <trkpt lat="31.4058953337371349334716796875" lon="119.48948758654296398162841796875">
        <ele>6.19999980926513671875</ele>
        <time>2026-05-28T23:18:33.000Z</time>
        <extensions>
          <ns3:TrackPointExtension/>
        </extensions>
      </trkpt>
      <trkpt lat="31.40588820911943912506103515625" lon="119.48951776139438152313232421875">
        <ele>6</ele>
        <time>2026-05-28T23:18:34.000Z</time>
        <extensions>
          <ns3:TrackPointExtension/>
        </extensions>
      </trkpt>
      <trkpt lat="31.4058805815875530242919921875" lon="119.4895470142364501953125">
        <ele>5.80000019073486328125</ele>
        <time>2026-05-28T23:18:35.000Z</time>
        <extensions>
          <ns3:TrackPointExtension>
            <ns3:hr>148</ns3:hr>
          </ns3:TrackPointExtension>
        </extensions>
      </trkpt>
      <trkpt lat="31.40587446279823780059814453125" lon="119.4895750097930431365966796875">
        <ele>5.80000019073486328125</ele>
        <time>2026-05-28T23:18:36.000Z</time>
        <extensions>
          <ns3:TrackPointExtension>
            <ns3:hr>148</ns3:hr>
          </ns3:TrackPointExtension>
        </extensions>
      </trkpt>
      <trkpt lat="31.4058713614940643310546875" lon="119.4896014966070652008056640625">
        <ele>5.599999904632568359375</ele>
        <time>2026-05-28T23:18:37.000Z</time>
        <extensions>
          <ns3:TrackPointExtension/>
        </extensions>
      </trkpt>
      <trkpt lat="31.40586943365633487701416015625" lon="119.48962773196399211883544921875">
        <ele>5.599999904632568359375</ele>
        <time>2026-05-28T23:18:38.000Z</time>
        <extensions>
          <ns3:TrackPointExtension/>
        </extensions>
      </trkpt>
      <trkpt lat="31.40586574561893939971923828125" lon="119.4896548055112361907958984375">
        <ele>5.400000095367431640625</ele>
        <time>2026-05-28T23:18:39.000Z</time>
        <extensions>
          <ns3:TrackPointExtension/>
        </extensions>
      </trkpt>
      <trkpt lat="31.4058594591915607452392578125" lon="119.489682801067829132080078125">
        <ele>5.400000095367431640625</ele>
        <time>2026-05-28T23:18:40.000Z</time>
        <extensions>
          <ns3:TrackPointExtension/>
        </extensions>
      </trkpt>
      <trkpt lat="31.405854262411594390869140625" lon="119.48970995843410491943359375">
        <ele>5.19999980926513671875</ele>
        <time>2026-05-28T23:18:41.000Z</time>
        <extensions>
          <ns3:TrackPointExtension/>
        </extensions>
      </trkpt>
      <trkpt lat="31.40585250221192836761474609375" lon="119.48973468504846096038818359375">
        <ele>5.19999980926513671875</ele>
        <time>2026-05-28T23:18:42.000Z</time>
        <extensions>
          <ns3:TrackPointExtension>
            <ns3:hr>148</ns3:hr>
          </ns3:TrackPointExtension>
        </extensions>
      </trkpt>
      <trkpt lat="31.40585325658321380615234375" lon="119.489758573472499847412109375">
        <ele>5.19999980926513671875</ele>
        <time>2026-05-28T23:18:43.000Z</time>
        <extensions>
          <ns3:TrackPointExtension>
            <ns3:hr>148</ns3:hr>
          </ns3:TrackPointExtension>
        </extensions>
      </trkpt>
      <trkpt lat="31.40585350804030895233154296875" lon="119.4897848926484584808349609375">
        <ele>5.19999980926513671875</ele>
        <time>2026-05-28T23:18:44.000Z</time>
        <extensions>
          <ns3:TrackPointExtension/>
        </extensions>
      </trkpt>
      <trkpt lat="31.40585124492645263671875" lon="119.48981456458568572998046875">
        <ele>5.400000095367431640625</ele>
        <time>2026-05-28T23:18:45.000Z</time>
        <extensions>
          <ns3:TrackPointExtension/>
        </extensions>
      </trkpt>
      <trkpt lat="31.4058477245271205902099609375" lon="119.48984582908451557159423828125">
        <ele>5.400000095367431640625</ele>
        <time>2026-05-28T23:18:46.000Z</time>
        <extensions>
          <ns3:TrackPointExtension/>
        </extensions>
      </trkpt>
      <trkpt lat="31.4058458805084228515625" lon="119.48987617157399654388427734375">
        <ele>5.599999904632568359375</ele>
        <time>2026-05-28T23:18:47.000Z</time>
        <extensions>
          <ns3:TrackPointExtension>
            <ns3:hr>149</ns3:hr>
          </ns3:TrackPointExtension>
        </extensions>
      </trkpt>
      <trkpt lat="31.40584646724164485931396484375" lon="119.48990441858768463134765625">
        <ele>5.599999904632568359375</ele>
        <time>2026-05-28T23:18:48.000Z</time>
        <extensions>
          <ns3:TrackPointExtension>
            <ns3:hr>149</ns3:hr>
          </ns3:TrackPointExtension>
        </extensions>
      </trkpt>
      <trkpt lat="31.40584898181259632110595703125" lon="119.48993031866848468780517578125">
        <ele>5.80000019073486328125</ele>
        <time>2026-05-28T23:18:49.000Z</time>
        <extensions>
          <ns3:TrackPointExtension/>
        </extensions>
      </trkpt>
      <trkpt lat="31.40585216693580150604248046875" lon="119.48995403945446014404296875">
        <ele>5.80000019073486328125</ele>
        <time>2026-05-28T23:18:50.000Z</time>
        <extensions>
          <ns3:TrackPointExtension/>
        </extensions>
      </trkpt>
      <trkpt lat="31.4058530889451503753662109375" lon="119.4899766705930233001708984375">
        <ele>6</ele>
        <time>2026-05-28T23:18:51.000Z</time>
        <extensions>
          <ns3:TrackPointExtension>
            <ns3:hr>149</ns3:hr>
          </ns3:TrackPointExtension>
        </extensions>
      </trkpt>
      <trkpt lat="31.40584998764097690582275390625" lon="119.49000039137899875640869140625">
        <ele>6</ele>
        <time>2026-05-28T23:18:52.000Z</time>
        <extensions>
          <ns3:TrackPointExtension>
            <ns3:hr>149</ns3:hr>
          </ns3:TrackPointExtension>
        </extensions>
      </trkpt>
      <trkpt lat="31.40584277920424938201904296875" lon="119.49002604000270366668701171875">
        <ele>6</ele>
        <time>2026-05-28T23:18:53.000Z</time>
        <extensions>
          <ns3:TrackPointExtension/>
        </extensions>
      </trkpt>
      <trkpt lat="31.4058339782059192657470703125" lon="119.49005202390253543853759765625">
        <ele>6</ele>
        <time>2026-05-28T23:18:54.000Z</time>
        <extensions>
          <ns3:TrackPointExtension/>
        </extensions>
      </trkpt>
      <trkpt lat="31.4058269374072551727294921875" lon="119.49007876217365264892578125">
        <ele>6</ele>
        <time>2026-05-28T23:18:55.000Z</time>
        <extensions>
          <ns3:TrackPointExtension/>
        </extensions>
      </trkpt>
      <trkpt lat="31.405823417007923126220703125" lon="119.4901060871779918670654296875">
        <ele>6</ele>
        <time>2026-05-28T23:18:56.000Z</time>
        <extensions>
          <ns3:TrackPointExtension>
            <ns3:hr>149</ns3:hr>
          </ns3:TrackPointExtension>
        </extensions>
      </trkpt>
      <trkpt lat="31.40582249499857425689697265625" lon="119.4901332445442676544189453125">
        <ele>6</ele>
        <time>2026-05-28T23:18:57.000Z</time>
        <extensions>
          <ns3:TrackPointExtension>
            <ns3:hr>149</ns3:hr>
          </ns3:TrackPointExtension>
        </extensions>
      </trkpt>
      <trkpt lat="31.405820734798908233642578125" lon="119.49016149155795574188232421875">
        <ele>6</ele>
        <time>2026-05-28T23:18:58.000Z</time>
        <extensions>
          <ns3:TrackPointExtension/>
        </extensions>
      </trkpt>
      <trkpt lat="31.40581713058054447174072265625" lon="119.490191079676151275634765625">
        <ele>6</ele>
        <time>2026-05-28T23:18:59.000Z</time>
        <extensions>
          <ns3:TrackPointExtension>
            <ns3:hr>149</ns3:hr>
          </ns3:TrackPointExtension>
        </extensions>
      </trkpt>
      <trkpt lat="31.40581243671476840972900390625" lon="119.49022184126079082489013671875">
        <ele>6</ele>
        <time>2026-05-28T23:19:00.000Z</time>
        <extensions>
          <ns3:TrackPointExtension>
            <ns3:hr>149</ns3:hr>
          </ns3:TrackPointExtension>
        </extensions>
      </trkpt>
      <trkpt lat="31.40580824576318264007568359375" lon="119.49025268666446208953857421875">
        <ele>6</ele>
        <time>2026-05-28T23:19:01.000Z</time>
        <extensions>
          <ns3:TrackPointExtension/>
        </extensions>
      </trkpt>
      <trkpt lat="31.40580631792545318603515625" lon="119.490281604230403900146484375">
        <ele>6</ele>
        <time>2026-05-28T23:19:02.000Z</time>
        <extensions>
          <ns3:TrackPointExtension/>
        </extensions>
      </trkpt>
      <trkpt lat="31.4058061502873897552490234375" lon="119.49030834250152111053466796875">
        <ele>6</ele>
        <time>2026-05-28T23:19:03.000Z</time>
        <extensions>
          <ns3:TrackPointExtension/>
        </extensions>
      </trkpt>
      <trkpt lat="31.40580774284899234771728515625" lon="119.4903342425823211669921875">
        <ele>6</ele>
        <time>2026-05-28T23:19:04.000Z</time>
        <extensions>
          <ns3:TrackPointExtension/>
        </extensions>
      </trkpt>
      <trkpt lat="31.405810676515102386474609375" lon="119.49036064557731151580810546875">
        <ele>6</ele>
        <time>2026-05-28T23:19:05.000Z</time>
        <extensions>
          <ns3:TrackPointExtension>
            <ns3:hr>150</ns3:hr>
          </ns3:TrackPointExtension>
        </extensions>
      </trkpt>
      <trkpt lat="31.40581444837152957916259765625" lon="119.49038713239133358001708984375">
        <ele>6</ele>
        <time>2026-05-28T23:19:06.000Z</time>
        <extensions>
          <ns3:TrackPointExtension>
            <ns3:hr>150</ns3:hr>
          </ns3:TrackPointExtension>
        </extensions>
      </trkpt>
      <trkpt lat="31.4058185555040836334228515625" lon="119.49041445739567279815673828125">
        <ele>6</ele>
        <time>2026-05-28T23:19:07.000Z</time>
        <extensions>
          <ns3:TrackPointExtension/>
        </extensions>
      </trkpt>
      <trkpt lat="31.40582350082695484161376953125" lon="119.49044295586645603179931640625">
        <ele>6</ele>
        <time>2026-05-28T23:19:08.000Z</time>
        <extensions>
          <ns3:TrackPointExtension/>
        </extensions>
      </trkpt>
      <trkpt lat="31.40582920052111148834228515625" lon="119.49047170579433441162109375">
        <ele>6</ele>
        <time>2026-05-28T23:19:09.000Z</time>
        <extensions>
          <ns3:TrackPointExtension/>
        </extensions>
      </trkpt>
      <trkpt lat="31.40583448112010955810546875" lon="119.49050162918865680694580078125">
        <ele>6</ele>
        <time>2026-05-28T23:19:10.000Z</time>
        <extensions>
          <ns3:TrackPointExtension/>
        </extensions>
      </trkpt>
      <trkpt lat="31.4058383367955684661865234375" lon="119.49053230695426464080810546875">
        <ele>5.80000019073486328125</ele>
        <time>2026-05-28T23:19:11.000Z</time>
        <extensions>
          <ns3:TrackPointExtension>
            <ns3:hr>149</ns3:hr>
          </ns3:TrackPointExtension>
        </extensions>
      </trkpt>
      <trkpt lat="31.40584026463329792022705078125" lon="119.4905622303485870361328125">
        <ele>5.80000019073486328125</ele>
        <time>2026-05-28T23:19:12.000Z</time>
        <extensions>
          <ns3:TrackPointExtension>
            <ns3:hr>149</ns3:hr>
          </ns3:TrackPointExtension>
        </extensions>
      </trkpt>
      <trkpt lat="31.40584043227136135101318359375" lon="119.49058980681002140045166015625">
        <ele>5.80000019073486328125</ele>
        <time>2026-05-28T23:19:13.000Z</time>
        <extensions>
          <ns3:TrackPointExtension/>
        </extensions>
      </trkpt>
      <trkpt lat="31.40583892352879047393798828125" lon="119.49061495251953601837158203125">
        <ele>5.80000019073486328125</ele>
        <time>2026-05-28T23:19:14.000Z</time>
        <extensions>
          <ns3:TrackPointExtension>
            <ns3:hr>150</ns3:hr>
          </ns3:TrackPointExtension>
        </extensions>
      </trkpt>
      <trkpt lat="31.4058369956910610198974609375" lon="119.49063825421035289764404296875">
        <ele>5.80000019073486328125</ele>
        <time>2026-05-28T23:19:15.000Z</time>
        <extensions>
          <ns3:TrackPointExtension>
            <ns3:hr>150</ns3:hr>
          </ns3:TrackPointExtension>
        </extensions>
      </trkpt>
      <trkpt lat="31.40583582222461700439453125" lon="119.49066055007278919219970703125">
        <ele>5.80000019073486328125</ele>
        <time>2026-05-28T23:19:16.000Z</time>
        <extensions>
          <ns3:TrackPointExtension/>
        </extensions>
      </trkpt>
      <trkpt lat="31.40583515167236328125" lon="119.49068418703973293304443359375">
        <ele>5.80000019073486328125</ele>
        <time>2026-05-28T23:19:17.000Z</time>
        <extensions>
          <ns3:TrackPointExtension/>
        </extensions>
      </trkpt>
      <trkpt lat="31.405834816396236419677734375" lon="119.49071050621569156646728515625">
        <ele>6</ele>
        <time>2026-05-28T23:19:18.000Z</time>
        <extensions>
          <ns3:TrackPointExtension/>
        </extensions>
      </trkpt>
      <trkpt lat="31.4058346487581729888916015625" lon="119.4907387532293796539306640625">
        <ele>6</ele>
        <time>2026-05-28T23:19:19.000Z</time>
        <extensions>
          <ns3:TrackPointExtension/>
        </extensions>
      </trkpt>
      <trkpt lat="31.40583473257720470428466796875" lon="119.49076674878597259521484375">
        <ele>6</ele>
        <time>2026-05-28T23:19:20.000Z</time>
        <extensions>
          <ns3:TrackPointExtension/>
        </extensions>
      </trkpt>
      <trkpt lat="31.40583439730107784271240234375" lon="119.490793906152248382568359375">
        <ele>6</ele>
        <time>2026-05-28T23:19:21.000Z</time>
        <extensions>
          <ns3:TrackPointExtension/>
        </extensions>
      </trkpt>
      <trkpt lat="31.40583314001560211181640625" lon="119.49082097969949245452880859375">
        <ele>6</ele>
        <time>2026-05-28T23:19:22.000Z</time>
        <extensions>
          <ns3:TrackPointExtension>
            <ns3:hr>149</ns3:hr>
          </ns3:TrackPointExtension>
        </extensions>
      </trkpt>
      <trkpt lat="31.405830122530460357666015625" lon="119.4908477179706096649169921875">
        <ele>6</ele>
        <time>2026-05-28T23:19:23.000Z</time>
        <extensions>
          <ns3:TrackPointExtension>
            <ns3:hr>149</ns3:hr>
          </ns3:TrackPointExtension>
        </extensions>
      </trkpt>
      <trkpt lat="31.40582500956952571868896484375" lon="119.490874372422695159912109375">
        <ele>6</ele>
        <time>2026-05-28T23:19:24.000Z</time>
        <extensions>
          <ns3:TrackPointExtension>
            <ns3:hr>149</ns3:hr>
          </ns3:TrackPointExtension>
        </extensions>
      </trkpt>
      <trkpt lat="31.405819393694400787353515625" lon="119.49090060777962207794189453125">
        <ele>6</ele>
        <time>2026-05-28T23:19:25.000Z</time>
        <extensions>
          <ns3:TrackPointExtension/>
        </extensions>
      </trkpt>
      <trkpt lat="31.405813694000244140625" lon="119.49092642404139041900634765625">
        <ele>6</ele>
        <time>2026-05-28T23:19:26.000Z</time>
        <extensions>
          <ns3:TrackPointExtension/>
        </extensions>
      </trkpt>
      <trkpt lat="31.40580791048705577850341796875" lon="119.49095207266509532928466796875">
        <ele>6</ele>
        <time>2026-05-28T23:19:27.000Z</time>
        <extensions>
          <ns3:TrackPointExtension/>
        </extensions>
      </trkpt>
      <trkpt lat="31.405801959335803985595703125" lon="119.49097730219364166259765625">
        <ele>6</ele>
        <time>2026-05-28T23:19:28.000Z</time>
        <extensions>
          <ns3:TrackPointExtension>
            <ns3:hr>150</ns3:hr>
          </ns3:TrackPointExtension>
        </extensions>
      </trkpt>
      <trkpt lat="31.4057960920035839080810546875" lon="119.49100169353187084197998046875">
        <ele>6</ele>
        <time>2026-05-28T23:19:29.000Z</time>
        <extensions>
          <ns3:TrackPointExtension>
            <ns3:hr>150</ns3:hr>
          </ns3:TrackPointExtension>
        </extensions>
      </trkpt>
      <trkpt lat="31.405791230499744415283203125" lon="119.49102583341300487518310546875">
        <ele>6</ele>
        <time>2026-05-28T23:19:30.000Z</time>
        <extensions>
          <ns3:TrackPointExtension/>
        </extensions>
      </trkpt>
      <trkpt lat="31.4057873748242855072021484375" lon="119.4910508953034877777099609375">
        <ele>6</ele>
        <time>2026-05-28T23:19:31.000Z</time>
        <extensions>
          <ns3:TrackPointExtension/>
        </extensions>
      </trkpt>
      <trkpt lat="31.4057840220630168914794921875" lon="119.491076879203319549560546875">
        <ele>6</ele>
        <time>2026-05-28T23:19:32.000Z</time>
        <extensions>
          <ns3:TrackPointExtension/>
        </extensions>
      </trkpt>
      <trkpt lat="31.40578041784465312957763671875" lon="119.4911025278270244598388671875">
        <ele>6</ele>
        <time>2026-05-28T23:19:33.000Z</time>
        <extensions>
          <ns3:TrackPointExtension/>
        </extensions>
      </trkpt>
      <trkpt lat="31.40577681362628936767578125" lon="119.49112616479396820068359375">
        <ele>6</ele>
        <time>2026-05-28T23:19:34.000Z</time>
        <extensions>
          <ns3:TrackPointExtension/>
        </extensions>
      </trkpt>
      <trkpt lat="31.40577270649373531341552734375" lon="119.491149969398975372314453125">
        <ele>6.19999980926513671875</ele>
        <time>2026-05-28T23:19:35.000Z</time>
        <extensions>
          <ns3:TrackPointExtension/>
        </extensions>
      </trkpt>
      <trkpt lat="31.40576851554214954376220703125" lon="119.49117586947977542877197265625">
        <ele>6.19999980926513671875</ele>
        <time>2026-05-28T23:19:36.000Z</time>
        <extensions>
          <ns3:TrackPointExtension>
            <ns3:hr>147</ns3:hr>
          </ns3:TrackPointExtension>
        </extensions>
      </trkpt>
      <trkpt lat="31.4057655818760395050048828125" lon="119.49120252393186092376708984375">
        <ele>6.400000095367431640625</ele>
        <time>2026-05-28T23:19:37.000Z</time>
        <extensions>
          <ns3:TrackPointExtension>
            <ns3:hr>147</ns3:hr>
          </ns3:TrackPointExtension>
        </extensions>
      </trkpt>
      <trkpt lat="31.4057645760476589202880859375" lon="119.4912295974791049957275390625">
        <ele>6.400000095367431640625</ele>
        <time>2026-05-28T23:19:38.000Z</time>
        <extensions>
          <ns3:TrackPointExtension/>
        </extensions>
      </trkpt>
      <trkpt lat="31.405765078961849212646484375" lon="119.49125700630247592926025390625">
        <ele>6.599999904632568359375</ele>
        <time>2026-05-28T23:19:39.000Z</time>
        <extensions>
          <ns3:TrackPointExtension>
            <ns3:hr>147</ns3:hr>
          </ns3:TrackPointExtension>
        </extensions>
      </trkpt>
      <trkpt lat="31.40576583333313465118408203125" lon="119.49128349311649799346923828125">
        <ele>6.599999904632568359375</ele>
        <time>2026-05-28T23:19:40.000Z</time>
        <extensions>
          <ns3:TrackPointExtension>
            <ns3:hr>147</ns3:hr>
          </ns3:TrackPointExtension>
        </extensions>
      </trkpt>
      <trkpt lat="31.40576633624732494354248046875" lon="119.4913097284734249114990234375">
        <ele>6.80000019073486328125</ele>
        <time>2026-05-28T23:19:41.000Z</time>
        <extensions>
          <ns3:TrackPointExtension/>
        </extensions>
      </trkpt>
      <trkpt lat="31.4057669229805469512939453125" lon="119.49133797548711299896240234375">
        <ele>6.80000019073486328125</ele>
        <time>2026-05-28T23:19:42.000Z</time>
        <extensions>
          <ns3:TrackPointExtension/>
        </extensions>
      </trkpt>
      <trkpt lat="31.40576717443764209747314453125" lon="119.491368234157562255859375">
        <ele>6.80000019073486328125</ele>
        <time>2026-05-28T23:19:43.000Z</time>
        <extensions>
          <ns3:TrackPointExtension/>
        </extensions>
      </trkpt>
      <trkpt lat="31.40576683916151523590087890625" lon="119.4913985766470432281494140625">
        <ele>6.80000019073486328125</ele>
        <time>2026-05-28T23:19:44.000Z</time>
        <extensions>
          <ns3:TrackPointExtension>
            <ns3:hr>148</ns3:hr>
          </ns3:TrackPointExtension>
        </extensions>
      </trkpt>
      <trkpt lat="31.4057662524282932281494140625" lon="119.491426907479763031005859375">
        <ele>7</ele>
        <time>2026-05-28T23:19:45.000Z</time>
        <extensions>
          <ns3:TrackPointExtension>
            <ns3:hr>148</ns3:hr>
          </ns3:TrackPointExtension>
        </extensions>
      </trkpt>
      <trkpt lat="31.4057655818760395050048828125" lon="119.491453059017658233642578125">
        <ele>7</ele>
        <time>2026-05-28T23:19:46.000Z</time>
        <extensions>
          <ns3:TrackPointExtension/>
        </extensions>
      </trkpt>
      <trkpt lat="31.405765078961849212646484375" lon="119.491477869451045989990234375">
        <ele>7.19999980926513671875</ele>
        <time>2026-05-28T23:19:47.000Z</time>
        <extensions>
          <ns3:TrackPointExtension/>
        </extensions>
      </trkpt>
      <trkpt lat="31.4057649113237857818603515625" lon="119.49150410480797290802001953125">
        <ele>7.19999980926513671875</ele>
        <time>2026-05-28T23:19:48.000Z</time>
        <extensions>
          <ns3:TrackPointExtension/>
        </extensions>
      </trkpt>
      <trkpt lat="31.40576583333313465118408203125" lon="119.49153327383100986480712890625">
        <ele>7.400000095367431640625</ele>
        <time>2026-05-28T23:19:49.000Z</time>
        <extensions>
          <ns3:TrackPointExtension/>
        </extensions>
      </trkpt>
      <trkpt lat="31.40576767735183238983154296875" lon="119.491564370691776275634765625">
        <ele>7.400000095367431640625</ele>
        <time>2026-05-28T23:19:50.000Z</time>
        <extensions>
          <ns3:TrackPointExtension/>
        </extensions>
      </trkpt>
      <trkpt lat="31.40577010810375213623046875" lon="119.491595216095447540283203125">
        <ele>7.599999904632568359375</ele>
        <time>2026-05-28T23:19:51.000Z</time>
        <extensions>
          <ns3:TrackPointExtension>
            <ns3:hr>150</ns3:hr>
          </ns3:TrackPointExtension>
        </extensions>
      </trkpt>
      <trkpt lat="31.40577279031276702880859375" lon="119.4916235469281673431396484375">
        <ele>7.80000019073486328125</ele>
        <time>2026-05-28T23:19:52.000Z</time>
        <extensions>
          <ns3:TrackPointExtension>
            <ns3:hr>150</ns3:hr>
          </ns3:TrackPointExtension>
        </extensions>
      </trkpt>
      <trkpt lat="31.405774466693401336669921875" lon="119.4916496984660625457763671875">
        <ele>7.80000019073486328125</ele>
        <time>2026-05-28T23:19:53.000Z</time>
        <extensions>
          <ns3:TrackPointExtension/>
        </extensions>
      </trkpt>
      <trkpt lat="31.40577505342662334442138671875" lon="119.4916751794517040252685546875">
        <ele>7.80000019073486328125</ele>
        <time>2026-05-28T23:19:54.000Z</time>
        <extensions>
          <ns3:TrackPointExtension/>
        </extensions>
      </trkpt>
      <trkpt lat="31.4057746343314647674560546875" lon="119.49170091189444065093994140625">
        <ele>7.80000019073486328125</ele>
        <time>2026-05-28T23:19:55.000Z</time>
        <extensions>
          <ns3:TrackPointExtension>
            <ns3:hr>150</ns3:hr>
          </ns3:TrackPointExtension>
        </extensions>
      </trkpt>
      <trkpt lat="31.405773125588893890380859375" lon="119.49172639288008213043212890625">
        <ele>7.80000019073486328125</ele>
        <time>2026-05-28T23:19:56.000Z</time>
        <extensions>
          <ns3:TrackPointExtension>
            <ns3:hr>150</ns3:hr>
          </ns3:TrackPointExtension>
        </extensions>
      </trkpt>
      <trkpt lat="31.4057716168463230133056640625" lon="119.49175204150378704071044921875">
        <ele>7.80000019073486328125</ele>
        <time>2026-05-28T23:19:57.000Z</time>
        <extensions>
          <ns3:TrackPointExtension/>
        </extensions>
      </trkpt>
      <trkpt lat="31.40577002428472042083740234375" lon="119.49177903123199939727783203125">
        <ele>7.80000019073486328125</ele>
        <time>2026-05-28T23:19:58.000Z</time>
        <extensions>
          <ns3:TrackPointExtension/>
        </extensions>
      </trkpt>
      <trkpt lat="31.4057692699134349822998046875" lon="119.49180744588375091552734375">
        <ele>7.80000019073486328125</ele>
        <time>2026-05-28T23:19:59.000Z</time>
        <extensions>
          <ns3:TrackPointExtension>
            <ns3:hr>149</ns3:hr>
          </ns3:TrackPointExtension>
        </extensions>
      </trkpt>
      <trkpt lat="31.40576876699924468994140625" lon="119.4918364472687244415283203125">
        <ele>7.80000019073486328125</ele>
        <time>2026-05-28T23:20:00.000Z</time>
        <extensions>
          <ns3:TrackPointExtension>
            <ns3:hr>149</ns3:hr>
          </ns3:TrackPointExtension>
        </extensions>
      </trkpt>
      <trkpt lat="31.40576734207570552825927734375" lon="119.4918649457395076751708984375">
        <ele>7.80000019073486328125</ele>
        <time>2026-05-28T23:20:01.000Z</time>
        <extensions>
          <ns3:TrackPointExtension/>
        </extensions>
      </trkpt>
      <trkpt lat="31.4057655818760395050048828125" lon="119.4918931089341640472412109375">
        <ele>7.80000019073486328125</ele>
        <time>2026-05-28T23:20:02.000Z</time>
        <extensions>
          <ns3:TrackPointExtension/>
        </extensions>
      </trkpt>
      <trkpt lat="31.40576331876218318939208984375" lon="119.491922445595264434814453125">
        <ele>8</ele>
        <time>2026-05-28T23:20:03.000Z</time>
        <extensions>
          <ns3:TrackPointExtension/>
        </extensions>
      </trkpt>
      <trkpt lat="31.40576080419123172760009765625" lon="119.4919524528086185455322265625">
        <ele>8</ele>
        <time>2026-05-28T23:20:04.000Z</time>
        <extensions>
          <ns3:TrackPointExtension/>
        </extensions>
      </trkpt>
      <trkpt lat="31.40575778670608997344970703125" lon="119.4919812865555286407470703125">
        <ele>7.80000019073486328125</ele>
        <time>2026-05-28T23:20:05.000Z</time>
        <extensions>
          <ns3:TrackPointExtension/>
        </extensions>
      </trkpt>
      <trkpt lat="31.40575535595417022705078125" lon="119.4920077733695507049560546875">
        <ele>7.80000019073486328125</ele>
        <time>2026-05-28T23:20:06.000Z</time>
        <extensions>
          <ns3:TrackPointExtension/>
        </extensions>
      </trkpt>
      <trkpt lat="31.405753679573535919189453125" lon="119.492034427821636199951171875">
        <ele>7.599999904632568359375</ele>
        <time>2026-05-28T23:20:07.000Z</time>
        <extensions>
          <ns3:TrackPointExtension>
            <ns3:hr>151</ns3:hr>
          </ns3:TrackPointExtension>
        </extensions>
      </trkpt>
      <trkpt lat="31.40575258992612361907958984375" lon="119.4920627586543560028076171875">
        <ele>7.599999904632568359375</ele>
        <time>2026-05-28T23:20:08.000Z</time>
        <extensions>
          <ns3:TrackPointExtension>
            <ns3:hr>151</ns3:hr>
          </ns3:TrackPointExtension>
        </extensions>
      </trkpt>
      <trkpt lat="31.4057518355548381805419921875" lon="119.49209167622029781341552734375">
        <ele>7.400000095367431640625</ele>
        <time>2026-05-28T23:20:09.000Z</time>
        <extensions>
          <ns3:TrackPointExtension>
            <ns3:hr>150</ns3:hr>
          </ns3:TrackPointExtension>
        </extensions>
      </trkpt>
      <trkpt lat="31.40575091354548931121826171875" lon="119.4921204261481761932373046875">
        <ele>7.400000095367431640625</ele>
        <time>2026-05-28T23:20:10.000Z</time>
        <extensions>
          <ns3:TrackPointExtension>
            <ns3:hr>150</ns3:hr>
          </ns3:TrackPointExtension>
        </extensions>
      </trkpt>
      <trkpt lat="31.405750326812267303466796875" lon="119.49214900843799114227294921875">
        <ele>7.19999980926513671875</ele>
        <time>2026-05-28T23:20:11.000Z</time>
        <extensions>
          <ns3:TrackPointExtension/>
        </extensions>
      </trkpt>
      <trkpt lat="31.4057491533458232879638671875" lon="119.49217767454683780670166015625">
        <ele>7.19999980926513671875</ele>
        <time>2026-05-28T23:20:12.000Z</time>
        <extensions>
          <ns3:TrackPointExtension/>
        </extensions>
      </trkpt>
      <trkpt lat="31.40574722550809383392333984375" lon="119.49220550246536731719970703125">
        <ele>7.19999980926513671875</ele>
        <time>2026-05-28T23:20:13.000Z</time>
        <extensions>
          <ns3:TrackPointExtension/>
        </extensions>
      </trkpt>
      <trkpt lat="31.40574471093714237213134765625" lon="119.49223257601261138916015625">
        <ele>7.19999980926513671875</ele>
        <time>2026-05-28T23:20:14.000Z</time>
        <extensions>
          <ns3:TrackPointExtension>
            <ns3:hr>150</ns3:hr>
          </ns3:TrackPointExtension>
        </extensions>
      </trkpt>
      <trkpt lat="31.405741609632968902587890625" lon="119.49225881136953830718994140625">
        <ele>7</ele>
        <time>2026-05-28T23:20:15.000Z</time>
        <extensions>
          <ns3:TrackPointExtension>
            <ns3:hr>150</ns3:hr>
          </ns3:TrackPointExtension>
        </extensions>
      </trkpt>
      <trkpt lat="31.4057385921478271484375" lon="119.49228563345968723297119140625">
        <ele>7</ele>
        <time>2026-05-28T23:20:16.000Z</time>
        <extensions>
          <ns3:TrackPointExtension/>
        </extensions>
      </trkpt>
      <trkpt lat="31.40573482029139995574951171875" lon="119.4923128746449947357177734375">
        <ele>7</ele>
        <time>2026-05-28T23:20:17.000Z</time>
        <extensions>
          <ns3:TrackPointExtension/>
        </extensions>
      </trkpt>
      <trkpt lat="31.405730545520782470703125" lon="119.492339529097080230712890625">
        <ele>6.80000019073486328125</ele>
        <time>2026-05-28T23:20:18.000Z</time>
        <extensions>
          <ns3:TrackPointExtension/>
        </extensions>
      </trkpt>
      <trkpt lat="31.4057256840169429779052734375" lon="119.49236542917788028717041015625">
        <ele>6.80000019073486328125</ele>
        <time>2026-05-28T23:20:19.000Z</time>
        <extensions>
          <ns3:TrackPointExtension/>
        </extensions>
      </trkpt>
      <trkpt lat="31.4057211577892303466796875" lon="119.4923906587064266204833984375">
        <ele>6.599999904632568359375</ele>
        <time>2026-05-28T23:20:20.000Z</time>
        <extensions>
          <ns3:TrackPointExtension/>
        </extensions>
      </trkpt>
      <trkpt lat="31.4057179726660251617431640625" lon="119.49241496622562408447265625">
        <ele>6.599999904632568359375</ele>
        <time>2026-05-28T23:20:21.000Z</time>
        <extensions>
          <ns3:TrackPointExtension/>
        </extensions>
      </trkpt>
      <trkpt lat="31.40571621246635913848876953125" lon="119.49243634007871150970458984375">
        <ele>6.599999904632568359375</ele>
        <time>2026-05-28T23:20:22.000Z</time>
        <extensions>
          <ns3:TrackPointExtension>
            <ns3:hr>150</ns3:hr>
          </ns3:TrackPointExtension>
        </extensions>
      </trkpt>
      <trkpt lat="31.40571587719023227691650390625" lon="119.49245251715183258056640625">
        <ele>6.400000095367431640625</ele>
        <time>2026-05-28T23:20:23.000Z</time>
        <extensions>
          <ns3:TrackPointExtension>
            <ns3:hr>150</ns3:hr>
          </ns3:TrackPointExtension>
        </extensions>
      </trkpt>
      <trkpt lat="31.40570498071610927581787109375" lon="119.492483697831630706787109375">
        <ele>6.400000095367431640625</ele>
        <time>2026-05-28T23:20:49.000Z</time>
        <extensions>
          <ns3:TrackPointExtension/>
        </extensions>
      </trkpt>
      <trkpt lat="31.40570397488772869110107421875" lon="119.4924855418503284454345703125">
        <ele>6.400000095367431640625</ele>
        <time>2026-05-28T23:20:50.000Z</time>
        <extensions>
          <ns3:TrackPointExtension/>
        </extensions>
      </trkpt>
      <trkpt lat="31.40570397488772869110107421875" lon="119.49249350465834140777587890625">
        <ele>6.400000095367431640625</ele>
        <time>2026-05-28T23:20:51.000Z</time>
        <extensions>
          <ns3:TrackPointExtension>
            <ns3:hr>151</ns3:hr>
          </ns3:TrackPointExtension>
        </extensions>
      </trkpt>
      <trkpt lat="31.40570481307804584503173828125" lon="119.49251110665500164031982421875">
        <ele>6.400000095367431640625</ele>
        <time>2026-05-28T23:20:52.000Z</time>
        <extensions>
          <ns3:TrackPointExtension>
            <ns3:hr>151</ns3:hr>
          </ns3:TrackPointExtension>
        </extensions>
      </trkpt>
      <trkpt lat="31.4057048968970775604248046875" lon="119.49253474362194538116455078125">
        <ele>6.599999904632568359375</ele>
        <time>2026-05-28T23:20:53.000Z</time>
        <extensions>
          <ns3:TrackPointExtension>
            <ns3:hr>150</ns3:hr>
          </ns3:TrackPointExtension>
        </extensions>
      </trkpt>
      <trkpt lat="31.40570414252579212188720703125" lon="119.4925604760646820068359375">
        <ele>6.80000019073486328125</ele>
        <time>2026-05-28T23:20:54.000Z</time>
        <extensions>
          <ns3:TrackPointExtension>
            <ns3:hr>150</ns3:hr>
          </ns3:TrackPointExtension>
        </extensions>
      </trkpt>
      <trkpt lat="31.40570439398288726806640625" lon="119.492587633430957794189453125">
        <ele>7</ele>
        <time>2026-05-28T23:20:55.000Z</time>
        <extensions>
          <ns3:TrackPointExtension/>
        </extensions>
      </trkpt>
      <trkpt lat="31.4057059027254581451416015625" lon="119.492615796625614166259765625">
        <ele>7.19999980926513671875</ele>
        <time>2026-05-28T23:20:56.000Z</time>
        <extensions>
          <ns3:TrackPointExtension/>
        </extensions>
      </trkpt>
      <trkpt lat="31.40570581890642642974853515625" lon="119.49264370836317539215087890625">
        <ele>7.400000095367431640625</ele>
        <time>2026-05-28T23:20:57.000Z</time>
        <extensions>
          <ns3:TrackPointExtension/>
        </extensions>
      </trkpt>
      <trkpt lat="31.4057045616209506988525390625" lon="119.49267153628170490264892578125">
        <ele>7.599999904632568359375</ele>
        <time>2026-05-28T23:20:58.000Z</time>
        <extensions>
          <ns3:TrackPointExtension/>
        </extensions>
      </trkpt>
      <trkpt lat="31.4057032205164432525634765625" lon="119.49269919656217098236083984375">
        <ele>7.599999904632568359375</ele>
        <time>2026-05-28T23:20:59.000Z</time>
        <extensions>
          <ns3:TrackPointExtension>
            <ns3:hr>140</ns3:hr>
          </ns3:TrackPointExtension>
        </extensions>
      </trkpt>
      <trkpt lat="31.40570045448839664459228515625" lon="119.492726437747478485107421875">
        <ele>7.599999904632568359375</ele>
        <time>2026-05-28T23:21:00.000Z</time>
        <extensions>
          <ns3:TrackPointExtension>
            <ns3:hr>140</ns3:hr>
          </ns3:TrackPointExtension>
        </extensions>
      </trkpt>
      <trkpt lat="31.40569710172712802886962890625" lon="119.49275434948503971099853515625">
        <ele>7.599999904632568359375</ele>
        <time>2026-05-28T23:21:01.000Z</time>
        <extensions>
          <ns3:TrackPointExtension/>
        </extensions>
      </trkpt>
      <trkpt lat="31.4056924916803836822509765625" lon="119.49278335087001323699951171875">
        <ele>7.599999904632568359375</ele>
        <time>2026-05-28T23:21:02.000Z</time>
        <extensions>
          <ns3:TrackPointExtension/>
        </extensions>
      </trkpt>
      <trkpt lat="31.4056877978146076202392578125" lon="119.49281251989305019378662109375">
        <ele>7.599999904632568359375</ele>
        <time>2026-05-28T23:21:03.000Z</time>
        <extensions>
          <ns3:TrackPointExtension/>
        </extensions>
      </trkpt>
      <trkpt lat="31.4056824333965778350830078125" lon="119.49284152127802371978759765625">
        <ele>7.599999904632568359375</ele>
        <time>2026-05-28T23:21:04.000Z</time>
        <extensions>
          <ns3:TrackPointExtension/>
        </extensions>
      </trkpt>
      <trkpt lat="31.4056767337024211883544921875" lon="119.49287102557718753814697265625">
        <ele>7.599999904632568359375</ele>
        <time>2026-05-28T23:21:05.000Z</time>
        <extensions>
          <ns3:TrackPointExtension/>
        </extensions>
      </trkpt>
      <trkpt lat="31.4056710340082645416259765625" lon="119.49290086515247821807861328125">
        <ele>7.599999904632568359375</ele>
        <time>2026-05-28T23:21:06.000Z</time>
        <extensions>
          <ns3:TrackPointExtension/>
        </extensions>
      </trkpt>
      <trkpt lat="31.4056663401424884796142578125" lon="119.49293087236583232879638671875">
        <ele>7.599999904632568359375</ele>
        <time>2026-05-28T23:21:07.000Z</time>
        <extensions>
          <ns3:TrackPointExtension>
            <ns3:hr>132</ns3:hr>
          </ns3:TrackPointExtension>
        </extensions>
      </trkpt>
      <trkpt lat="31.40566290356218814849853515625" lon="119.49296071194112300872802734375">
        <ele>7.599999904632568359375</ele>
        <time>2026-05-28T23:21:08.000Z</time>
        <extensions>
          <ns3:TrackPointExtension>
            <ns3:hr>132</ns3:hr>
          </ns3:TrackPointExtension>
        </extensions>
      </trkpt>
      <trkpt lat="31.40565921552479267120361328125" lon="119.4929901324212551116943359375">
        <ele>7.80000019073486328125</ele>
        <time>2026-05-28T23:21:09.000Z</time>
        <extensions>
          <ns3:TrackPointExtension/>
        </extensions>
      </trkpt>
      <trkpt lat="31.4056549407541751861572265625" lon="119.49301938526332378387451171875">
        <ele>7.80000019073486328125</ele>
        <time>2026-05-28T23:21:10.000Z</time>
        <extensions>
          <ns3:TrackPointExtension/>
        </extensions>
      </trkpt>
      <trkpt lat="31.40565100125968456268310546875" lon="119.493048973381519317626953125">
        <ele>8</ele>
        <time>2026-05-28T23:21:11.000Z</time>
        <extensions>
          <ns3:TrackPointExtension/>
        </extensions>
      </trkpt>
      <trkpt lat="31.40564739704132080078125" lon="119.4930789805948734283447265625">
        <ele>8</ele>
        <time>2026-05-28T23:21:12.000Z</time>
        <extensions>
          <ns3:TrackPointExtension>
            <ns3:hr>133</ns3:hr>
          </ns3:TrackPointExtension>
        </extensions>
      </trkpt>
      <trkpt lat="31.4056448824703693389892578125" lon="119.49311041273176670074462890625">
        <ele>8</ele>
        <time>2026-05-28T23:21:13.000Z</time>
        <extensions>
          <ns3:TrackPointExtension>
            <ns3:hr>133</ns3:hr>
          </ns3:TrackPointExtension>
        </extensions>
      </trkpt>
      <trkpt lat="31.4056438766419887542724609375" lon="119.4931433536112308502197265625">
        <ele>8</ele>
        <time>2026-05-28T23:21:14.000Z</time>
        <extensions>
          <ns3:TrackPointExtension>
            <ns3:hr>133</ns3:hr>
          </ns3:TrackPointExtension>
        </extensions>
      </trkpt>
      <trkpt lat="31.40564379282295703887939453125" lon="119.49317646212875843048095703125">
        <ele>8</ele>
        <time>2026-05-28T23:21:15.000Z</time>
        <extensions>
          <ns3:TrackPointExtension/>
        </extensions>
      </trkpt>
      <trkpt lat="31.4056435413658618927001953125" lon="119.4932094030082225799560546875">
        <ele>8</ele>
        <time>2026-05-28T23:21:16.000Z</time>
        <extensions>
          <ns3:TrackPointExtension/>
        </extensions>
      </trkpt>
      <trkpt lat="31.40564362518489360809326171875" lon="119.49324234388768672943115234375">
        <ele>8</ele>
        <time>2026-05-28T23:21:17.000Z</time>
        <extensions>
          <ns3:TrackPointExtension/>
        </extensions>
      </trkpt>
      <trkpt lat="31.40564396046102046966552734375" lon="119.49327553622424602508544921875">
        <ele>8</ele>
        <time>2026-05-28T23:21:18.000Z</time>
        <extensions>
          <ns3:TrackPointExtension/>
        </extensions>
      </trkpt>
      <trkpt lat="31.40564362518489360809326171875" lon="119.4933088123798370361328125">
        <ele>8</ele>
        <time>2026-05-28T23:21:19.000Z</time>
        <extensions>
          <ns3:TrackPointExtension/>
        </extensions>
      </trkpt>
      <trkpt lat="31.40564245171844959259033203125" lon="119.493342004716396331787109375">
        <ele>8</ele>
        <time>2026-05-28T23:21:20.000Z</time>
        <extensions>
          <ns3:TrackPointExtension>
            <ns3:hr>136</ns3:hr>
          </ns3:TrackPointExtension>
        </extensions>
      </trkpt>
      <trkpt lat="31.40564027242362499237060546875" lon="119.49337544851005077362060546875">
        <ele>7.80000019073486328125</ele>
        <time>2026-05-28T23:21:21.000Z</time>
        <extensions>
          <ns3:TrackPointExtension>
            <ns3:hr>136</ns3:hr>
          </ns3:TrackPointExtension>
        </extensions>
      </trkpt>
      <trkpt lat="31.40563792549073696136474609375" lon="119.49341115541756153106689453125">
        <ele>7.80000019073486328125</ele>
        <time>2026-05-28T23:21:22.000Z</time>
        <extensions>
          <ns3:TrackPointExtension/>
        </extensions>
      </trkpt>
      <trkpt lat="31.405634991824626922607421875" lon="119.4934494607150554656982421875">
        <ele>7.599999904632568359375</ele>
        <time>2026-05-28T23:21:23.000Z</time>
        <extensions>
          <ns3:TrackPointExtension/>
        </extensions>
      </trkpt>
      <trkpt lat="31.40563189052045345306396484375" lon="119.49348759837448596954345703125">
        <ele>7.400000095367431640625</ele>
        <time>2026-05-28T23:21:24.000Z</time>
        <extensions>
          <ns3:TrackPointExtension>
            <ns3:hr>140</ns3:hr>
          </ns3:TrackPointExtension>
        </extensions>
      </trkpt>
      <trkpt lat="31.40562904067337512969970703125" lon="119.49352464638650417327880859375">
        <ele>7.400000095367431640625</ele>
        <time>2026-05-28T23:21:25.000Z</time>
        <extensions>
          <ns3:TrackPointExtension>
            <ns3:hr>140</ns3:hr>
          </ns3:TrackPointExtension>
        </extensions>
      </trkpt>
      <trkpt lat="31.40562619082629680633544921875" lon="119.49356001801788806915283203125">
        <ele>7.19999980926513671875</ele>
        <time>2026-05-28T23:21:26.000Z</time>
        <extensions>
          <ns3:TrackPointExtension/>
        </extensions>
      </trkpt>
      <trkpt lat="31.405623592436313629150390625" lon="119.493594467639923095703125">
        <ele>7</ele>
        <time>2026-05-28T23:21:27.000Z</time>
        <extensions>
          <ns3:TrackPointExtension/>
        </extensions>
      </trkpt>
      <trkpt lat="31.405621580779552459716796875" lon="119.493628330528736114501953125">
        <ele>7</ele>
        <time>2026-05-28T23:21:28.000Z</time>
        <extensions>
          <ns3:TrackPointExtension>
            <ns3:hr>143</ns3:hr>
          </ns3:TrackPointExtension>
        </extensions>
      </trkpt>
      <trkpt lat="31.40562082640826702117919921875" lon="119.49366177432239055633544921875">
        <ele>7.19999980926513671875</ele>
        <time>2026-05-28T23:21:29.000Z</time>
        <extensions>
          <ns3:TrackPointExtension>
            <ns3:hr>143</ns3:hr>
          </ns3:TrackPointExtension>
        </extensions>
      </trkpt>
      <trkpt lat="31.40562149696052074432373046875" lon="119.493694715201854705810546875">
        <ele>7.400000095367431640625</ele>
        <time>2026-05-28T23:21:30.000Z</time>
        <extensions>
          <ns3:TrackPointExtension/>
        </extensions>
      </trkpt>
      <trkpt lat="31.40562434680759906768798828125" lon="119.4937277399003505706787109375">
        <ele>7.19999980926513671875</ele>
        <time>2026-05-28T23:21:31.000Z</time>
        <extensions>
          <ns3:TrackPointExtension/>
        </extensions>
      </trkpt>
      <trkpt lat="31.4056301303207874298095703125" lon="119.4937622733414173126220703125">
        <ele>7.19999980926513671875</ele>
        <time>2026-05-28T23:21:32.000Z</time>
        <extensions>
          <ns3:TrackPointExtension/>
        </extensions>
      </trkpt>
      <trkpt lat="31.40563742257654666900634765625" lon="119.49379772879183292388916015625">
        <ele>7.19999980926513671875</ele>
        <time>2026-05-28T23:21:33.000Z</time>
        <extensions>
          <ns3:TrackPointExtension/>
        </extensions>
      </trkpt>
      <trkpt lat="31.40564429573714733123779296875" lon="119.49383276514708995819091796875">
        <ele>7</ele>
        <time>2026-05-28T23:21:34.000Z</time>
        <extensions>
          <ns3:TrackPointExtension/>
        </extensions>
      </trkpt>
      <trkpt lat="31.4056495763361454010009765625" lon="119.49386763386428356170654296875">
        <ele>7</ele>
        <time>2026-05-28T23:21:35.000Z</time>
        <extensions>
          <ns3:TrackPointExtension/>
        </extensions>
      </trkpt>
      <trkpt lat="31.4056529290974140167236328125" lon="119.493904598057270050048828125">
        <ele>6.80000019073486328125</ele>
        <time>2026-05-28T23:21:36.000Z</time>
        <extensions>
          <ns3:TrackPointExtension>
            <ns3:hr>148</ns3:hr>
          </ns3:TrackPointExtension>
        </extensions>
      </trkpt>
      <trkpt lat="31.40565401874482631683349609375" lon="119.4939433224499225616455078125">
        <ele>6.80000019073486328125</ele>
        <time>2026-05-28T23:21:37.000Z</time>
        <extensions>
          <ns3:TrackPointExtension>
            <ns3:hr>148</ns3:hr>
          </ns3:TrackPointExtension>
        </extensions>
      </trkpt>
      <trkpt lat="31.40565251000225543975830078125" lon="119.49398271739482879638671875">
        <ele>6.80000019073486328125</ele>
        <time>2026-05-28T23:21:38.000Z</time>
        <extensions>
          <ns3:TrackPointExtension>
            <ns3:hr>149</ns3:hr>
          </ns3:TrackPointExtension>
        </extensions>
      </trkpt>
      <trkpt lat="31.40564739704132080078125" lon="119.49402026832103729248046875">
        <ele>6.80000019073486328125</ele>
        <time>2026-05-28T23:21:39.000Z</time>
        <extensions>
          <ns3:TrackPointExtension>
            <ns3:hr>149</ns3:hr>
          </ns3:TrackPointExtension>
        </extensions>
      </trkpt>
      <trkpt lat="31.40563909895718097686767578125" lon="119.49405488558113574981689453125">
        <ele>6.80000019073486328125</ele>
        <time>2026-05-28T23:21:40.000Z</time>
        <extensions>
          <ns3:TrackPointExtension/>
        </extensions>
      </trkpt>
      <trkpt lat="31.40563004650175571441650390625" lon="119.49408774264156818389892578125">
        <ele>6.80000019073486328125</ele>
        <time>2026-05-28T23:21:41.000Z</time>
        <extensions>
          <ns3:TrackPointExtension/>
        </extensions>
      </trkpt>
      <trkpt lat="31.40562116168439388275146484375" lon="119.49412085115909576416015625">
        <ele>6.599999904632568359375</ele>
        <time>2026-05-28T23:21:42.000Z</time>
        <extensions>
          <ns3:TrackPointExtension/>
        </extensions>
      </trkpt>
      <trkpt lat="31.40561319887638092041015625" lon="119.49415412731468677520751953125">
        <ele>6.599999904632568359375</ele>
        <time>2026-05-28T23:21:43.000Z</time>
        <extensions>
          <ns3:TrackPointExtension/>
        </extensions>
      </trkpt>
      <trkpt lat="31.40560624189674854278564453125" lon="119.49418698437511920928955078125">
        <ele>6.400000095367431640625</ele>
        <time>2026-05-28T23:21:44.000Z</time>
        <extensions>
          <ns3:TrackPointExtension/>
        </extensions>
      </trkpt>
      <trkpt lat="31.4055989496409893035888671875" lon="119.49421967379748821258544921875">
        <ele>6.400000095367431640625</ele>
        <time>2026-05-28T23:21:45.000Z</time>
        <extensions>
          <ns3:TrackPointExtension>
            <ns3:hr>152</ns3:hr>
          </ns3:TrackPointExtension>
        </extensions>
      </trkpt>
      <trkpt lat="31.40559199266135692596435546875" lon="119.4942534528672695159912109375">
        <ele>6.19999980926513671875</ele>
        <time>2026-05-28T23:21:46.000Z</time>
        <extensions>
          <ns3:TrackPointExtension>
            <ns3:hr>152</ns3:hr>
          </ns3:TrackPointExtension>
        </extensions>
      </trkpt>
      <trkpt lat="31.4055855385959148406982421875" lon="119.49428874067962169647216796875">
        <ele>6.19999980926513671875</ele>
        <time>2026-05-28T23:21:47.000Z</time>
        <extensions>
          <ns3:TrackPointExtension/>
        </extensions>
      </trkpt>
      <trkpt lat="31.40557874925434589385986328125" lon="119.494325034320354461669921875">
        <ele>6.19999980926513671875</ele>
        <time>2026-05-28T23:21:48.000Z</time>
        <extensions>
          <ns3:TrackPointExtension>
            <ns3:hr>154</ns3:hr>
          </ns3:TrackPointExtension>
        </extensions>
      </trkpt>
      <trkpt lat="31.40557103790342807769775390625" lon="119.49436300434172153472900390625">
        <ele>6.19999980926513671875</ele>
        <time>2026-05-28T23:21:49.000Z</time>
        <extensions>
          <ns3:TrackPointExtension>
            <ns3:hr>154</ns3:hr>
          </ns3:TrackPointExtension>
        </extensions>
      </trkpt>
      <trkpt lat="31.40556366182863712310791015625" lon="119.49440407566726207733154296875">
        <ele>6.19999980926513671875</ele>
        <time>2026-05-28T23:21:50.000Z</time>
        <extensions>
          <ns3:TrackPointExtension/>
        </extensions>
      </trkpt>
      <trkpt lat="31.4055577106773853302001953125" lon="119.49444648809731006622314453125">
        <ele>6.19999980926513671875</ele>
        <time>2026-05-28T23:21:51.000Z</time>
        <extensions>
          <ns3:TrackPointExtension/>
        </extensions>
      </trkpt>
      <trkpt lat="31.4055533520877361297607421875" lon="119.49448789469897747039794921875">
        <ele>6.19999980926513671875</ele>
        <time>2026-05-28T23:21:52.000Z</time>
        <extensions>
          <ns3:TrackPointExtension/>
        </extensions>
      </trkpt>
      <trkpt lat="31.4055496640503406524658203125" lon="119.494526870548725128173828125">
        <ele>6.400000095367431640625</ele>
        <time>2026-05-28T23:21:53.000Z</time>
        <extensions>
          <ns3:TrackPointExtension/>
        </extensions>
      </trkpt>
      <trkpt lat="31.4055453054606914520263671875" lon="119.49456366710364818572998046875">
        <ele>6.400000095367431640625</ele>
        <time>2026-05-28T23:21:54.000Z</time>
        <extensions>
          <ns3:TrackPointExtension/>
        </extensions>
      </trkpt>
      <trkpt lat="31.40554052777588367462158203125" lon="119.49459962546825408935546875">
        <ele>6.599999904632568359375</ele>
        <time>2026-05-28T23:21:55.000Z</time>
        <extensions>
          <ns3:TrackPointExtension/>
        </extensions>
      </trkpt>
      <trkpt lat="31.40553566627204418182373046875" lon="119.49463658966124057769775390625">
        <ele>6.599999904632568359375</ele>
        <time>2026-05-28T23:21:56.000Z</time>
        <extensions>
          <ns3:TrackPointExtension/>
        </extensions>
      </trkpt>
      <trkpt lat="31.4055315591394901275634765625" lon="119.49467497877776622772216796875">
        <ele>6.80000019073486328125</ele>
        <time>2026-05-28T23:21:57.000Z</time>
        <extensions>
          <ns3:TrackPointExtension>
            <ns3:hr>157</ns3:hr>
          </ns3:TrackPointExtension>
        </extensions>
      </trkpt>
      <trkpt lat="31.4055282063782215118408203125" lon="119.4947137869894504547119140625">
        <ele>7</ele>
        <time>2026-05-28T23:21:58.000Z</time>
        <extensions>
          <ns3:TrackPointExtension>
            <ns3:hr>157</ns3:hr>
          </ns3:TrackPointExtension>
        </extensions>
      </trkpt>
      <trkpt lat="31.40552577562630176544189453125" lon="119.49475225992500782012939453125">
        <ele>7</ele>
        <time>2026-05-28T23:21:59.000Z</time>
        <extensions>
          <ns3:TrackPointExtension/>
        </extensions>
      </trkpt>
      <trkpt lat="31.4055245183408260345458984375" lon="119.4947892241179943084716796875">
        <ele>7</ele>
        <time>2026-05-28T23:22:00.000Z</time>
        <extensions>
          <ns3:TrackPointExtension/>
        </extensions>
      </trkpt>
      <trkpt lat="31.4055241830646991729736328125" lon="119.49482384137809276580810546875">
        <ele>7</ele>
        <time>2026-05-28T23:22:01.000Z</time>
        <extensions>
          <ns3:TrackPointExtension/>
        </extensions>
      </trkpt>
      <trkpt lat="31.4055238477885723114013671875" lon="119.4948569498956203460693359375">
        <ele>7</ele>
        <time>2026-05-28T23:22:02.000Z</time>
        <extensions>
          <ns3:TrackPointExtension>
            <ns3:hr>159</ns3:hr>
          </ns3:TrackPointExtension>
        </extensions>
      </trkpt>
      <trkpt lat="31.4055235125124454498291015625" lon="119.49489072896540164947509765625">
        <ele>7</ele>
        <time>2026-05-28T23:22:03.000Z</time>
        <extensions>
          <ns3:TrackPointExtension>
            <ns3:hr>159</ns3:hr>
          </ns3:TrackPointExtension>
        </extensions>
      </trkpt>
      <trkpt lat="31.40552376396954059600830078125" lon="119.49492727406322956085205078125">
        <ele>7</ele>
        <time>2026-05-28T23:22:04.000Z</time>
        <extensions>
          <ns3:TrackPointExtension/>
        </extensions>
      </trkpt>
      <trkpt lat="31.40552527271211147308349609375" lon="119.49496650137007236480712890625">
        <ele>7</ele>
        <time>2026-05-28T23:22:05.000Z</time>
        <extensions>
          <ns3:TrackPointExtension/>
        </extensions>
      </trkpt>
      <trkpt lat="31.40552602708339691162109375" lon="119.49500598013401031494140625">
        <ele>7</ele>
        <time>2026-05-28T23:22:06.000Z</time>
        <extensions>
          <ns3:TrackPointExtension/>
        </extensions>
      </trkpt>
      <trkpt lat="31.4055240154266357421875" lon="119.49504311196506023406982421875">
        <ele>6.80000019073486328125</ele>
        <time>2026-05-28T23:22:07.000Z</time>
        <extensions>
          <ns3:TrackPointExtension>
            <ns3:hr>160</ns3:hr>
          </ns3:TrackPointExtension>
        </extensions>
      </trkpt>
      <trkpt lat="31.40551974065601825714111328125" lon="119.49507764540612697601318359375">
        <ele>6.80000019073486328125</ele>
        <time>2026-05-28T23:22:08.000Z</time>
        <extensions>
          <ns3:TrackPointExtension>
            <ns3:hr>160</ns3:hr>
          </ns3:TrackPointExtension>
        </extensions>
      </trkpt>
      <trkpt lat="31.405513621866703033447265625" lon="119.4951112568378448486328125">
        <ele>6.599999904632568359375</ele>
        <time>2026-05-28T23:22:09.000Z</time>
        <extensions>
          <ns3:TrackPointExtension>
            <ns3:hr>161</ns3:hr>
          </ns3:TrackPointExtension>
        </extensions>
      </trkpt>
      <trkpt lat="31.4055057428777217864990234375" lon="119.49514520354568958282470703125">
        <ele>6.400000095367431640625</ele>
        <time>2026-05-28T23:22:10.000Z</time>
        <extensions>
          <ns3:TrackPointExtension/>
        </extensions>
      </trkpt>
      <trkpt lat="31.40549794770777225494384765625" lon="119.49518040753901004791259765625">
        <ele>6.400000095367431640625</ele>
        <time>2026-05-28T23:22:11.000Z</time>
        <extensions>
          <ns3:TrackPointExtension/>
        </extensions>
      </trkpt>
      <trkpt lat="31.405491493642330169677734375" lon="119.49521594680845737457275390625">
        <ele>6.19999980926513671875</ele>
        <time>2026-05-28T23:22:12.000Z</time>
        <extensions>
          <ns3:TrackPointExtension/>
        </extensions>
      </trkpt>
      <trkpt lat="31.40548579394817352294921875" lon="119.4952508993446826934814453125">
        <ele>6.19999980926513671875</ele>
        <time>2026-05-28T23:22:13.000Z</time>
        <extensions>
          <ns3:TrackPointExtension/>
        </extensions>
      </trkpt>
      <trkpt lat="31.4054809324443340301513671875" lon="119.49528467841446399688720703125">
        <ele>6.400000095367431640625</ele>
        <time>2026-05-28T23:22:14.000Z</time>
        <extensions>
          <ns3:TrackPointExtension/>
        </extensions>
      </trkpt>
      <trkpt lat="31.4054770767688751220703125" lon="119.495317451655864715576171875">
        <ele>6.400000095367431640625</ele>
        <time>2026-05-28T23:22:15.000Z</time>
        <extensions>
          <ns3:TrackPointExtension/>
        </extensions>
      </trkpt>
      <trkpt lat="31.405474059283733367919921875" lon="119.4953484646975994110107421875">
        <ele>6.400000095367431640625</ele>
        <time>2026-05-28T23:22:16.000Z</time>
        <extensions>
          <ns3:TrackPointExtension/>
        </extensions>
      </trkpt>
      <trkpt lat="31.4054715447127819061279296875" lon="119.495377801358699798583984375">
        <ele>6.400000095367431640625</ele>
        <time>2026-05-28T23:22:17.000Z</time>
        <extensions>
          <ns3:TrackPointExtension>
            <ns3:hr>166</ns3:hr>
          </ns3:TrackPointExtension>
        </extensions>
      </trkpt>
      <trkpt lat="31.40546911396086215972900390625" lon="119.49540705420076847076416015625">
        <ele>6.400000095367431640625</ele>
        <time>2026-05-28T23:22:18.000Z</time>
        <extensions>
          <ns3:TrackPointExtension>
            <ns3:hr>166</ns3:hr>
          </ns3:TrackPointExtension>
        </extensions>
      </trkpt>
      <trkpt lat="31.40546643175184726715087890625" lon="119.4954369775950908660888671875">
        <ele>6.400000095367431640625</ele>
        <time>2026-05-28T23:22:19.000Z</time>
        <extensions>
          <ns3:TrackPointExtension/>
        </extensions>
      </trkpt>
      <trkpt lat="31.4054628275334835052490234375" lon="119.495466314256191253662109375">
        <ele>6.400000095367431640625</ele>
        <time>2026-05-28T23:22:20.000Z</time>
        <extensions>
          <ns3:TrackPointExtension/>
        </extensions>
      </trkpt>
      <trkpt lat="31.40545737929642200469970703125" lon="119.49549539946019649505615234375">
        <ele>6.599999904632568359375</ele>
        <time>2026-05-28T23:22:21.000Z</time>
        <extensions>
          <ns3:TrackPointExtension/>
        </extensions>
      </trkpt>
      <trkpt lat="31.40545050613582134246826171875" lon="119.49552691541612148284912109375">
        <ele>6.80000019073486328125</ele>
        <time>2026-05-28T23:22:22.000Z</time>
        <extensions>
          <ns3:TrackPointExtension>
            <ns3:hr>165</ns3:hr>
          </ns3:TrackPointExtension>
        </extensions>
      </trkpt>
      <trkpt lat="31.40544363297522068023681640625" lon="119.49556178413331508636474609375">
        <ele>7</ele>
        <time>2026-05-28T23:22:23.000Z</time>
        <extensions>
          <ns3:TrackPointExtension>
            <ns3:hr>165</ns3:hr>
          </ns3:TrackPointExtension>
        </extensions>
      </trkpt>
      <trkpt lat="31.4054380171000957489013671875" lon="119.4955980777740478515625">
        <ele>7</ele>
        <time>2026-05-28T23:22:24.000Z</time>
        <extensions>
          <ns3:TrackPointExtension/>
        </extensions>
      </trkpt>
      <trkpt lat="31.40543407760560512542724609375" lon="119.4956342875957489013671875">
        <ele>7</ele>
        <time>2026-05-28T23:22:25.000Z</time>
        <extensions>
          <ns3:TrackPointExtension>
            <ns3:hr>166</ns3:hr>
          </ns3:TrackPointExtension>
        </extensions>
      </trkpt>
      <trkpt lat="31.4054306410253047943115234375" lon="119.49567074887454509735107421875">
        <ele>7</ele>
        <time>2026-05-28T23:22:26.000Z</time>
        <extensions>
          <ns3:TrackPointExtension>
            <ns3:hr>166</ns3:hr>
          </ns3:TrackPointExtension>
        </extensions>
      </trkpt>
      <trkpt lat="31.4054272882640361785888671875" lon="119.49570863507688045501708984375">
        <ele>7.19999980926513671875</ele>
        <time>2026-05-28T23:22:27.000Z</time>
        <extensions>
          <ns3:TrackPointExtension/>
        </extensions>
      </trkpt>
      <trkpt lat="31.4054239355027675628662109375" lon="119.495748616755008697509765625">
        <ele>7</ele>
        <time>2026-05-28T23:22:28.000Z</time>
        <extensions>
          <ns3:TrackPointExtension/>
        </extensions>
      </trkpt>
      <trkpt lat="31.4054209180176258087158203125" lon="119.4957898557186126708984375">
        <ele>7</ele>
        <time>2026-05-28T23:22:29.000Z</time>
        <extensions>
          <ns3:TrackPointExtension/>
        </extensions>
      </trkpt>
      <trkpt lat="31.40541781671345233917236328125" lon="119.4958302564918994903564453125">
        <ele>6.80000019073486328125</ele>
        <time>2026-05-28T23:22:30.000Z</time>
        <extensions>
          <ns3:TrackPointExtension/>
        </extensions>
      </trkpt>
      <trkpt lat="31.4054142124950885772705078125" lon="119.49586872942745685577392578125">
        <ele>6.599999904632568359375</ele>
        <time>2026-05-28T23:22:31.000Z</time>
        <extensions>
          <ns3:TrackPointExtension/>
        </extensions>
      </trkpt>
      <trkpt lat="31.4054101891815662384033203125" lon="119.49590577743947505950927734375">
        <ele>6.400000095367431640625</ele>
        <time>2026-05-28T23:22:32.000Z</time>
        <extensions>
          <ns3:TrackPointExtension>
            <ns3:hr>167</ns3:hr>
          </ns3:TrackPointExtension>
        </extensions>
      </trkpt>
      <trkpt lat="31.4054061658680438995361328125" lon="119.4959405623376369476318359375">
        <ele>6.19999980926513671875</ele>
        <time>2026-05-28T23:22:33.000Z</time>
        <extensions>
          <ns3:TrackPointExtension>
            <ns3:hr>167</ns3:hr>
          </ns3:TrackPointExtension>
        </extensions>
      </trkpt>
      <trkpt lat="31.40540306456387042999267578125" lon="119.49597199447453022003173828125">
        <ele>6</ele>
        <time>2026-05-28T23:22:34.000Z</time>
        <extensions>
          <ns3:TrackPointExtension>
            <ns3:hr>167</ns3:hr>
          </ns3:TrackPointExtension>
        </extensions>
      </trkpt>
      <trkpt lat="31.4054018072783946990966796875" lon="119.49599714018404483795166015625">
        <ele>5.80000019073486328125</ele>
        <time>2026-05-28T23:22:35.000Z</time>
        <extensions>
          <ns3:TrackPointExtension/>
        </extensions>
      </trkpt>
      <trkpt lat="31.4054004661738872528076171875" lon="119.4960086233913898468017578125">
        <ele>5.80000019073486328125</ele>
        <time>2026-05-28T23:22:36.000Z</time>
        <extensions>
          <ns3:TrackPointExtension/>
        </extensions>
      </trkpt>
      <trkpt lat="31.405408680438995361328125" lon="119.496065787971019744873046875">
        <ele>5.400000095367431640625</ele>
        <time>2026-05-28T23:22:53.000Z</time>
        <extensions>
          <ns3:TrackPointExtension/>
        </extensions>
      </trkpt>
      <trkpt lat="31.4054100215435028076171875" lon="119.49606989510357379913330078125">
        <ele>5.400000095367431640625</ele>
        <time>2026-05-28T23:22:54.000Z</time>
        <extensions>
          <ns3:TrackPointExtension>
            <ns3:hr>166</ns3:hr>
          </ns3:TrackPointExtension>
        </extensions>
      </trkpt>
      <trkpt lat="31.4054098539054393768310546875" lon="119.49607215821743011474609375">
        <ele>5.400000095367431640625</ele>
        <time>2026-05-28T23:22:55.000Z</time>
        <extensions>
          <ns3:TrackPointExtension>
            <ns3:hr>166</ns3:hr>
          </ns3:TrackPointExtension>
        </extensions>
      </trkpt>
      <trkpt lat="31.40540977008640766143798828125" lon="119.4960746727883815765380859375">
        <ele>5.400000095367431640625</ele>
        <time>2026-05-28T23:22:56.000Z</time>
        <extensions>
          <ns3:TrackPointExtension/>
        </extensions>
      </trkpt>
      <trkpt lat="31.405409015715122222900390625" lon="119.49608380906283855438232421875">
        <ele>5.400000095367431640625</ele>
        <time>2026-05-28T23:22:57.000Z</time>
        <extensions>
          <ns3:TrackPointExtension/>
        </extensions>
      </trkpt>
      <trkpt lat="31.40540775842964649200439453125" lon="119.49610040523111820220947265625">
        <ele>5.400000095367431640625</ele>
        <time>2026-05-28T23:22:58.000Z</time>
        <extensions>
          <ns3:TrackPointExtension/>
        </extensions>
      </trkpt>
      <trkpt lat="31.40540666878223419189453125" lon="119.49611951597034931182861328125">
        <ele>5.400000095367431640625</ele>
        <time>2026-05-28T23:22:59.000Z</time>
        <extensions>
          <ns3:TrackPointExtension/>
        </extensions>
      </trkpt>
      <trkpt lat="31.4054054953157901763916015625" lon="119.496138878166675567626953125">
        <ele>5.400000095367431640625</ele>
        <time>2026-05-28T23:23:00.000Z</time>
        <extensions>
          <ns3:TrackPointExtension/>
        </extensions>
      </trkpt>
      <trkpt lat="31.40540390275418758392333984375" lon="119.49615798890590667724609375">
        <ele>5.400000095367431640625</ele>
        <time>2026-05-28T23:23:01.000Z</time>
        <extensions>
          <ns3:TrackPointExtension>
            <ns3:hr>163</ns3:hr>
          </ns3:TrackPointExtension>
        </extensions>
      </trkpt>
      <trkpt lat="31.40540239401161670684814453125" lon="119.4961769320070743560791015625">
        <ele>5.400000095367431640625</ele>
        <time>2026-05-28T23:23:02.000Z</time>
        <extensions>
          <ns3:TrackPointExtension>
            <ns3:hr>163</ns3:hr>
          </ns3:TrackPointExtension>
        </extensions>
      </trkpt>
      <trkpt lat="31.40540138818323612213134765625" lon="119.49619553983211517333984375">
        <ele>5.400000095367431640625</ele>
        <time>2026-05-28T23:23:03.000Z</time>
        <extensions>
          <ns3:TrackPointExtension>
            <ns3:hr>162</ns3:hr>
          </ns3:TrackPointExtension>
        </extensions>
      </trkpt>
      <trkpt lat="31.4054001308977603912353515625" lon="119.496213980019092559814453125">
        <ele>5.400000095367431640625</ele>
        <time>2026-05-28T23:23:04.000Z</time>
        <extensions>
          <ns3:TrackPointExtension>
            <ns3:hr>162</ns3:hr>
          </ns3:TrackPointExtension>
        </extensions>
      </trkpt>
      <trkpt lat="31.405397951602935791015625" lon="119.496232084929943084716796875">
        <ele>5.400000095367431640625</ele>
        <time>2026-05-28T23:23:05.000Z</time>
        <extensions>
          <ns3:TrackPointExtension/>
        </extensions>
      </trkpt>
      <trkpt lat="31.40539568848907947540283203125" lon="119.49625044129788875579833984375">
        <ele>5.400000095367431640625</ele>
        <time>2026-05-28T23:23:06.000Z</time>
        <extensions>
          <ns3:TrackPointExtension/>
        </extensions>
      </trkpt>
      <trkpt lat="31.40539334155619144439697265625" lon="119.496269635856151580810546875">
        <ele>5.400000095367431640625</ele>
        <time>2026-05-28T23:23:07.000Z</time>
        <extensions>
          <ns3:TrackPointExtension/>
        </extensions>
      </trkpt>
      <trkpt lat="31.4053910784423351287841796875" lon="119.49628950096666812896728515625">
        <ele>5.400000095367431640625</ele>
        <time>2026-05-28T23:23:08.000Z</time>
        <extensions>
          <ns3:TrackPointExtension/>
        </extensions>
      </trkpt>
      <trkpt lat="31.4053894020617008209228515625" lon="119.49630944989621639251708984375">
        <ele>5.599999904632568359375</ele>
        <time>2026-05-28T23:23:09.000Z</time>
        <extensions>
          <ns3:TrackPointExtension/>
        </extensions>
      </trkpt>
      <trkpt lat="31.40538797713816165924072265625" lon="119.49632939882576465606689453125">
        <ele>5.599999904632568359375</ele>
        <time>2026-05-28T23:23:10.000Z</time>
        <extensions>
          <ns3:TrackPointExtension/>
        </extensions>
      </trkpt>
      <trkpt lat="31.40538646839559078216552734375" lon="119.4963490962982177734375">
        <ele>5.599999904632568359375</ele>
        <time>2026-05-28T23:23:11.000Z</time>
        <extensions>
          <ns3:TrackPointExtension/>
        </extensions>
      </trkpt>
      <trkpt lat="31.40538412146270275115966796875" lon="119.49636896140873432159423828125">
        <ele>5.599999904632568359375</ele>
        <time>2026-05-28T23:23:12.000Z</time>
        <extensions>
          <ns3:TrackPointExtension>
            <ns3:hr>155</ns3:hr>
          </ns3:TrackPointExtension>
        </extensions>
      </trkpt>
      <trkpt lat="31.40538143925368785858154296875" lon="119.49638874270021915435791015625">
        <ele>5.599999904632568359375</ele>
        <time>2026-05-28T23:23:13.000Z</time>
        <extensions>
          <ns3:TrackPointExtension>
            <ns3:hr>155</ns3:hr>
          </ns3:TrackPointExtension>
        </extensions>
      </trkpt>
      <trkpt lat="31.4053786732256412506103515625" lon="119.496408440172672271728515625">
        <ele>5.599999904632568359375</ele>
        <time>2026-05-28T23:23:14.000Z</time>
        <extensions>
          <ns3:TrackPointExtension/>
        </extensions>
      </trkpt>
      <trkpt lat="31.40537456609308719635009765625" lon="119.49642780236899852752685546875">
        <ele>5.599999904632568359375</ele>
        <time>2026-05-28T23:23:15.000Z</time>
        <extensions>
          <ns3:TrackPointExtension/>
        </extensions>
      </trkpt>
      <trkpt lat="31.40537045896053314208984375" lon="119.49644590727984905242919921875">
        <ele>5.80000019073486328125</ele>
        <time>2026-05-28T23:23:16.000Z</time>
        <extensions>
          <ns3:TrackPointExtension/>
        </extensions>
      </trkpt>
      <trkpt lat="31.40536643564701080322265625" lon="119.49646510183811187744140625">
        <ele>5.80000019073486328125</ele>
        <time>2026-05-28T23:23:17.000Z</time>
        <extensions>
          <ns3:TrackPointExtension>
            <ns3:hr>152</ns3:hr>
          </ns3:TrackPointExtension>
        </extensions>
      </trkpt>
      <trkpt lat="31.40536241233348846435546875" lon="119.4964847154915332794189453125">
        <ele>5.80000019073486328125</ele>
        <time>2026-05-28T23:23:18.000Z</time>
        <extensions>
          <ns3:TrackPointExtension>
            <ns3:hr>152</ns3:hr>
          </ns3:TrackPointExtension>
        </extensions>
      </trkpt>
      <trkpt lat="31.40535880811512470245361328125" lon="119.49650466442108154296875">
        <ele>5.80000019073486328125</ele>
        <time>2026-05-28T23:23:19.000Z</time>
        <extensions>
          <ns3:TrackPointExtension>
            <ns3:hr>151</ns3:hr>
          </ns3:TrackPointExtension>
        </extensions>
      </trkpt>
      <trkpt lat="31.40535545535385608673095703125" lon="119.4965247809886932373046875">
        <ele>5.80000019073486328125</ele>
        <time>2026-05-28T23:23:20.000Z</time>
        <extensions>
          <ns3:TrackPointExtension/>
        </extensions>
      </trkpt>
      <trkpt lat="31.40535243786871433258056640625" lon="119.4965450651943683624267578125">
        <ele>5.80000019073486328125</ele>
        <time>2026-05-28T23:23:21.000Z</time>
        <extensions>
          <ns3:TrackPointExtension/>
        </extensions>
      </trkpt>
      <trkpt lat="31.4053510129451751708984375" lon="119.496565349400043487548828125">
        <ele>5.599999904632568359375</ele>
        <time>2026-05-28T23:23:22.000Z</time>
        <extensions>
          <ns3:TrackPointExtension/>
        </extensions>
      </trkpt>
      <trkpt lat="31.4053498394787311553955078125" lon="119.496585465967655181884765625">
        <ele>5.599999904632568359375</ele>
        <time>2026-05-28T23:23:23.000Z</time>
        <extensions>
          <ns3:TrackPointExtension/>
        </extensions>
      </trkpt>
      <trkpt lat="31.40534900128841400146484375" lon="119.49660516344010829925537109375">
        <ele>5.599999904632568359375</ele>
        <time>2026-05-28T23:23:24.000Z</time>
        <extensions>
          <ns3:TrackPointExtension>
            <ns3:hr>147</ns3:hr>
          </ns3:TrackPointExtension>
        </extensions>
      </trkpt>
      <trkpt lat="31.4053491689264774322509765625" lon="119.496624357998371124267578125">
        <ele>5.400000095367431640625</ele>
        <time>2026-05-28T23:23:25.000Z</time>
        <extensions>
          <ns3:TrackPointExtension>
            <ns3:hr>147</ns3:hr>
          </ns3:TrackPointExtension>
        </extensions>
      </trkpt>
      <trkpt lat="31.40534925274550914764404296875" lon="119.49664271436631679534912109375">
        <ele>5.400000095367431640625</ele>
        <time>2026-05-28T23:23:26.000Z</time>
        <extensions>
          <ns3:TrackPointExtension/>
        </extensions>
      </trkpt>
      <trkpt lat="31.40534925274550914764404296875" lon="119.49666048400104045867919921875">
        <ele>5.400000095367431640625</ele>
        <time>2026-05-28T23:23:27.000Z</time>
        <extensions>
          <ns3:TrackPointExtension/>
        </extensions>
      </trkpt>
      <trkpt lat="31.40534925274550914764404296875" lon="119.4966791756451129913330078125">
        <ele>5.19999980926513671875</ele>
        <time>2026-05-28T23:23:28.000Z</time>
        <extensions>
          <ns3:TrackPointExtension/>
        </extensions>
      </trkpt>
      <trkpt lat="31.40534908510744571685791015625" lon="119.4966989569365978240966796875">
        <ele>5.19999980926513671875</ele>
        <time>2026-05-28T23:23:29.000Z</time>
        <extensions>
          <ns3:TrackPointExtension/>
        </extensions>
      </trkpt>
      <trkpt lat="31.40534824691712856292724609375" lon="119.49671949259936809539794921875">
        <ele>5.400000095367431640625</ele>
        <time>2026-05-28T23:23:30.000Z</time>
        <extensions>
          <ns3:TrackPointExtension>
            <ns3:hr>142</ns3:hr>
          </ns3:TrackPointExtension>
        </extensions>
      </trkpt>
      <trkpt lat="31.405346654355525970458984375" lon="119.496739692986011505126953125">
        <ele>5.400000095367431640625</ele>
        <time>2026-05-28T23:23:31.000Z</time>
        <extensions>
          <ns3:TrackPointExtension>
            <ns3:hr>142</ns3:hr>
          </ns3:TrackPointExtension>
        </extensions>
      </trkpt>
      <trkpt lat="31.40534170903265476226806640625" lon="119.49677732773125171661376953125">
        <ele>5.19999980926513671875</ele>
        <time>2026-05-28T23:23:32.000Z</time>
        <extensions>
          <ns3:TrackPointExtension/>
        </extensions>
      </trkpt>
      <trkpt lat="31.405338943004608154296875" lon="119.49679593555629253387451171875">
        <ele>5.19999980926513671875</ele>
        <time>2026-05-28T23:23:33.000Z</time>
        <extensions>
          <ns3:TrackPointExtension>
            <ns3:hr>142</ns3:hr>
          </ns3:TrackPointExtension>
        </extensions>
      </trkpt>
      <trkpt lat="31.40533701516687870025634765625" lon="119.49681471101939678192138671875">
        <ele>5.19999980926513671875</ele>
        <time>2026-05-28T23:23:34.000Z</time>
        <extensions>
          <ns3:TrackPointExtension>
            <ns3:hr>142</ns3:hr>
          </ns3:TrackPointExtension>
        </extensions>
      </trkpt>
      <trkpt lat="31.4053364284336566925048828125" lon="119.49683415703475475311279296875">
        <ele>5</ele>
        <time>2026-05-28T23:23:35.000Z</time>
        <extensions>
          <ns3:TrackPointExtension/>
        </extensions>
      </trkpt>
      <trkpt lat="31.405336596071720123291015625" lon="119.49685427360236644744873046875">
        <ele>5</ele>
        <time>2026-05-28T23:23:36.000Z</time>
        <extensions>
          <ns3:TrackPointExtension/>
        </extensions>
      </trkpt>
      <trkpt lat="31.40533617697656154632568359375" lon="119.4968746416270732879638671875">
        <ele>5</ele>
        <time>2026-05-28T23:23:37.000Z</time>
        <extensions>
          <ns3:TrackPointExtension>
            <ns3:hr>140</ns3:hr>
          </ns3:TrackPointExtension>
        </extensions>
      </trkpt>
      <trkpt lat="31.4053357578814029693603515625" lon="119.49689500965178012847900390625">
        <ele>4.80000019073486328125</ele>
        <time>2026-05-28T23:23:38.000Z</time>
        <extensions>
          <ns3:TrackPointExtension>
            <ns3:hr>140</ns3:hr>
          </ns3:TrackPointExtension>
        </extensions>
      </trkpt>
      <trkpt lat="31.40533550642430782318115234375" lon="119.4969155453145503997802734375">
        <ele>4.80000019073486328125</ele>
        <time>2026-05-28T23:23:39.000Z</time>
        <extensions>
          <ns3:TrackPointExtension/>
        </extensions>
      </trkpt>
      <trkpt lat="31.40533483587205410003662109375" lon="119.4969359971582889556884765625">
        <ele>4.80000019073486328125</ele>
        <time>2026-05-28T23:23:40.000Z</time>
        <extensions>
          <ns3:TrackPointExtension/>
        </extensions>
      </trkpt>
      <trkpt lat="31.4053334109485149383544921875" lon="119.49695636518299579620361328125">
        <ele>4.80000019073486328125</ele>
        <time>2026-05-28T23:23:41.000Z</time>
        <extensions>
          <ns3:TrackPointExtension/>
        </extensions>
      </trkpt>
      <trkpt lat="31.40533131547272205352783203125" lon="119.49697664938867092132568359375">
        <ele>4.80000019073486328125</ele>
        <time>2026-05-28T23:23:42.000Z</time>
        <extensions>
          <ns3:TrackPointExtension/>
        </extensions>
      </trkpt>
      <trkpt lat="31.4053290523588657379150390625" lon="119.49699693359434604644775390625">
        <ele>4.80000019073486328125</ele>
        <time>2026-05-28T23:23:43.000Z</time>
        <extensions>
          <ns3:TrackPointExtension/>
        </extensions>
      </trkpt>
      <trkpt lat="31.4053263701498508453369140625" lon="119.4970174692571163177490234375">
        <ele>4.80000019073486328125</ele>
        <time>2026-05-28T23:23:44.000Z</time>
        <extensions>
          <ns3:TrackPointExtension/>
        </extensions>
      </trkpt>
      <trkpt lat="31.4053236879408359527587890625" lon="119.49703800491988658905029296875">
        <ele>4.80000019073486328125</ele>
        <time>2026-05-28T23:23:45.000Z</time>
        <extensions>
          <ns3:TrackPointExtension/>
        </extensions>
      </trkpt>
      <trkpt lat="31.40532125718891620635986328125" lon="119.497058875858783721923828125">
        <ele>4.80000019073486328125</ele>
        <time>2026-05-28T23:23:46.000Z</time>
        <extensions>
          <ns3:TrackPointExtension>
            <ns3:hr>136</ns3:hr>
          </ns3:TrackPointExtension>
        </extensions>
      </trkpt>
      <trkpt lat="31.4053196646273136138916015625" lon="119.497080333530902862548828125">
        <ele>4.80000019073486328125</ele>
        <time>2026-05-28T23:23:47.000Z</time>
        <extensions>
          <ns3:TrackPointExtension>
            <ns3:hr>136</ns3:hr>
          </ns3:TrackPointExtension>
        </extensions>
      </trkpt>
      <trkpt lat="31.405319161713123321533203125" lon="119.49710221029818058013916015625">
        <ele>4.80000019073486328125</ele>
        <time>2026-05-28T23:23:48.000Z</time>
        <extensions>
          <ns3:TrackPointExtension/>
        </extensions>
      </trkpt>
      <trkpt lat="31.4053189940750598907470703125" lon="119.49712383560836315155029296875">
        <ele>4.80000019073486328125</ele>
        <time>2026-05-28T23:23:49.000Z</time>
        <extensions>
          <ns3:TrackPointExtension/>
        </extensions>
      </trkpt>
      <trkpt lat="31.40531840734183788299560546875" lon="119.49714596383273601531982421875">
        <ele>4.80000019073486328125</ele>
        <time>2026-05-28T23:23:50.000Z</time>
        <extensions>
          <ns3:TrackPointExtension>
            <ns3:hr>136</ns3:hr>
          </ns3:TrackPointExtension>
        </extensions>
      </trkpt>
      <trkpt lat="31.4053173176944255828857421875" lon="119.49716918170452117919921875">
        <ele>4.80000019073486328125</ele>
        <time>2026-05-28T23:23:51.000Z</time>
        <extensions>
          <ns3:TrackPointExtension>
            <ns3:hr>136</ns3:hr>
          </ns3:TrackPointExtension>
        </extensions>
      </trkpt>
      <trkpt lat="31.405316479504108428955078125" lon="119.49719374068081378936767578125">
        <ele>4.80000019073486328125</ele>
        <time>2026-05-28T23:23:52.000Z</time>
        <extensions>
          <ns3:TrackPointExtension/>
        </extensions>
      </trkpt>
      <trkpt lat="31.40531622804701328277587890625" lon="119.497219808399677276611328125">
        <ele>4.80000019073486328125</ele>
        <time>2026-05-28T23:23:53.000Z</time>
        <extensions>
          <ns3:TrackPointExtension>
            <ns3:hr>135</ns3:hr>
          </ns3:TrackPointExtension>
        </extensions>
      </trkpt>
      <trkpt lat="31.4053163118660449981689453125" lon="119.49724830687046051025390625">
        <ele>4.80000019073486328125</ele>
        <time>2026-05-28T23:23:54.000Z</time>
        <extensions>
          <ns3:TrackPointExtension>
            <ns3:hr>135</ns3:hr>
          </ns3:TrackPointExtension>
        </extensions>
      </trkpt>
      <trkpt lat="31.4053159765899181365966796875" lon="119.49727973900735378265380859375">
        <ele>5</ele>
        <time>2026-05-28T23:23:55.000Z</time>
        <extensions>
          <ns3:TrackPointExtension/>
        </extensions>
      </trkpt>
      <trkpt lat="31.40531455166637897491455078125" lon="119.497311674058437347412109375">
        <ele>5</ele>
        <time>2026-05-28T23:23:56.000Z</time>
        <extensions>
          <ns3:TrackPointExtension/>
        </extensions>
      </trkpt>
      <trkpt lat="31.4053116180002689361572265625" lon="119.4973436929285526275634765625">
        <ele>5</ele>
        <time>2026-05-28T23:23:57.000Z</time>
        <extensions>
          <ns3:TrackPointExtension/>
        </extensions>
      </trkpt>
      <trkpt lat="31.40530742704868316650390625" lon="119.49737562797963619232177734375">
        <ele>5</ele>
        <time>2026-05-28T23:23:58.000Z</time>
        <extensions>
          <ns3:TrackPointExtension/>
        </extensions>
      </trkpt>
      <trkpt lat="31.4053029008209705352783203125" lon="119.4974072277545928955078125">
        <ele>5</ele>
        <time>2026-05-28T23:23:59.000Z</time>
        <extensions>
          <ns3:TrackPointExtension>
            <ns3:hr>138</ns3:hr>
          </ns3:TrackPointExtension>
        </extensions>
      </trkpt>
      <trkpt lat="31.40529879368841648101806640625" lon="119.49743966571986675262451171875">
        <ele>5</ele>
        <time>2026-05-28T23:24:00.000Z</time>
        <extensions>
          <ns3:TrackPointExtension>
            <ns3:hr>138</ns3:hr>
          </ns3:TrackPointExtension>
        </extensions>
      </trkpt>
      <trkpt lat="31.40529535710811614990234375" lon="119.49747201986610889434814453125">
        <ele>5</ele>
        <time>2026-05-28T23:24:01.000Z</time>
        <extensions>
          <ns3:TrackPointExtension/>
        </extensions>
      </trkpt>
      <trkpt lat="31.40529175288975238800048828125" lon="119.4975037872791290283203125">
        <ele>5</ele>
        <time>2026-05-28T23:24:02.000Z</time>
        <extensions>
          <ns3:TrackPointExtension>
            <ns3:hr>139</ns3:hr>
          </ns3:TrackPointExtension>
        </extensions>
      </trkpt>
      <trkpt lat="31.4052871428430080413818359375" lon="119.4975384883582592010498046875">
        <ele>5.19999980926513671875</ele>
        <time>2026-05-28T23:24:03.000Z</time>
        <extensions>
          <ns3:TrackPointExtension>
            <ns3:hr>139</ns3:hr>
          </ns3:TrackPointExtension>
        </extensions>
      </trkpt>
      <trkpt lat="31.40528236515820026397705078125" lon="119.4975777156651020050048828125">
        <ele>5.400000095367431640625</ele>
        <time>2026-05-28T23:24:04.000Z</time>
        <extensions>
          <ns3:TrackPointExtension/>
        </extensions>
      </trkpt>
      <trkpt lat="31.40527834184467792510986328125" lon="119.49761769734323024749755859375">
        <ele>5.599999904632568359375</ele>
        <time>2026-05-28T23:24:05.000Z</time>
        <extensions>
          <ns3:TrackPointExtension/>
        </extensions>
      </trkpt>
      <trkpt lat="31.4052747376263141632080078125" lon="119.49765575118362903594970703125">
        <ele>5.599999904632568359375</ele>
        <time>2026-05-28T23:24:06.000Z</time>
        <extensions>
          <ns3:TrackPointExtension/>
        </extensions>
      </trkpt>
      <trkpt lat="31.40527113340795040130615234375" lon="119.49769313447177410125732421875">
        <ele>5.80000019073486328125</ele>
        <time>2026-05-28T23:24:07.000Z</time>
        <extensions>
          <ns3:TrackPointExtension/>
        </extensions>
      </trkpt>
      <trkpt lat="31.405267529189586639404296875" lon="119.49773035012185573577880859375">
        <ele>5.80000019073486328125</ele>
        <time>2026-05-28T23:24:08.000Z</time>
        <extensions>
          <ns3:TrackPointExtension/>
        </extensions>
      </trkpt>
      <trkpt lat="31.40526375733315944671630859375" lon="119.49776723049581050872802734375">
        <ele>6</ele>
        <time>2026-05-28T23:24:09.000Z</time>
        <extensions>
          <ns3:TrackPointExtension/>
        </extensions>
      </trkpt>
      <trkpt lat="31.40525889582931995391845703125" lon="119.49780352413654327392578125">
        <ele>6</ele>
        <time>2026-05-28T23:24:10.000Z</time>
        <extensions>
          <ns3:TrackPointExtension/>
        </extensions>
      </trkpt>
      <trkpt lat="31.40525286085903644561767578125" lon="119.49783814139664173126220703125">
        <ele>6</ele>
        <time>2026-05-28T23:24:11.000Z</time>
        <extensions>
          <ns3:TrackPointExtension>
            <ns3:hr>147</ns3:hr>
          </ns3:TrackPointExtension>
        </extensions>
      </trkpt>
      <trkpt lat="31.40524665825068950653076171875" lon="119.49787200428545475006103515625">
        <ele>6</ele>
        <time>2026-05-28T23:24:12.000Z</time>
        <extensions>
          <ns3:TrackPointExtension>
            <ns3:hr>147</ns3:hr>
          </ns3:TrackPointExtension>
        </extensions>
      </trkpt>
      <trkpt lat="31.4052412100136280059814453125" lon="119.497906453907489776611328125">
        <ele>6</ele>
        <time>2026-05-28T23:24:13.000Z</time>
        <extensions>
          <ns3:TrackPointExtension>
            <ns3:hr>149</ns3:hr>
          </ns3:TrackPointExtension>
        </extensions>
      </trkpt>
      <trkpt lat="31.40523768961429595947265625" lon="119.49794107116758823394775390625">
        <ele>6</ele>
        <time>2026-05-28T23:24:14.000Z</time>
        <extensions>
          <ns3:TrackPointExtension>
            <ns3:hr>149</ns3:hr>
          </ns3:TrackPointExtension>
        </extensions>
      </trkpt>
      <trkpt lat="31.4052358455955982208251953125" lon="119.49797476641833782196044921875">
        <ele>6</ele>
        <time>2026-05-28T23:24:15.000Z</time>
        <extensions>
          <ns3:TrackPointExtension/>
        </extensions>
      </trkpt>
      <trkpt lat="31.40523442067205905914306640625" lon="119.49800737202167510986328125">
        <ele>6</ele>
        <time>2026-05-28T23:24:16.000Z</time>
        <extensions>
          <ns3:TrackPointExtension/>
        </extensions>
      </trkpt>
      <trkpt lat="31.405232660472393035888671875" lon="119.49804048053920269012451171875">
        <ele>6</ele>
        <time>2026-05-28T23:24:17.000Z</time>
        <extensions>
          <ns3:TrackPointExtension/>
        </extensions>
      </trkpt>
      <trkpt lat="31.4052304811775684356689453125" lon="119.4980739243328571319580078125">
        <ele>5.80000019073486328125</ele>
        <time>2026-05-28T23:24:18.000Z</time>
        <extensions>
          <ns3:TrackPointExtension/>
        </extensions>
      </trkpt>
      <trkpt lat="31.405227966606616973876953125" lon="119.4981074519455432891845703125">
        <ele>5.599999904632568359375</ele>
        <time>2026-05-28T23:24:19.000Z</time>
        <extensions>
          <ns3:TrackPointExtension>
            <ns3:hr>152</ns3:hr>
          </ns3:TrackPointExtension>
        </extensions>
      </trkpt>
      <trkpt lat="31.40522520057857036590576171875" lon="119.4981419853866100311279296875">
        <ele>5.400000095367431640625</ele>
        <time>2026-05-28T23:24:20.000Z</time>
        <extensions>
          <ns3:TrackPointExtension>
            <ns3:hr>152</ns3:hr>
          </ns3:TrackPointExtension>
        </extensions>
      </trkpt>
      <trkpt lat="31.4052222669124603271484375" lon="119.49817769229412078857421875">
        <ele>5.400000095367431640625</ele>
        <time>2026-05-28T23:24:21.000Z</time>
        <extensions>
          <ns3:TrackPointExtension/>
        </extensions>
      </trkpt>
      <trkpt lat="31.4052195847034454345703125" lon="119.4982147403061389923095703125">
        <ele>5.19999980926513671875</ele>
        <time>2026-05-28T23:24:22.000Z</time>
        <extensions>
          <ns3:TrackPointExtension/>
        </extensions>
      </trkpt>
      <trkpt lat="31.405217237770557403564453125" lon="119.49825321324169635772705078125">
        <ele>5</ele>
        <time>2026-05-28T23:24:23.000Z</time>
        <extensions>
          <ns3:TrackPointExtension/>
        </extensions>
      </trkpt>
      <trkpt lat="31.40521430410444736480712890625" lon="119.49829193763434886932373046875">
        <ele>4.80000019073486328125</ele>
        <time>2026-05-28T23:24:24.000Z</time>
        <extensions>
          <ns3:TrackPointExtension/>
        </extensions>
      </trkpt>
      <trkpt lat="31.40521061606705188751220703125" lon="119.49832915328443050384521484375">
        <ele>4.80000019073486328125</ele>
        <time>2026-05-28T23:24:25.000Z</time>
        <extensions>
          <ns3:TrackPointExtension/>
        </extensions>
      </trkpt>
      <trkpt lat="31.4052063412964344024658203125" lon="119.49836418963968753814697265625">
        <ele>4.599999904632568359375</ele>
        <time>2026-05-28T23:24:26.000Z</time>
        <extensions>
          <ns3:TrackPointExtension>
            <ns3:hr>154</ns3:hr>
          </ns3:TrackPointExtension>
        </extensions>
      </trkpt>
      <trkpt lat="31.40520122833549976348876953125" lon="119.49839687906205654144287109375">
        <ele>4.400000095367431640625</ele>
        <time>2026-05-28T23:24:27.000Z</time>
        <extensions>
          <ns3:TrackPointExtension>
            <ns3:hr>154</ns3:hr>
          </ns3:TrackPointExtension>
        </extensions>
      </trkpt>
      <trkpt lat="31.40519477427005767822265625" lon="119.49842847883701324462890625">
        <ele>4.19999980926513671875</ele>
        <time>2026-05-28T23:24:28.000Z</time>
        <extensions>
          <ns3:TrackPointExtension/>
        </extensions>
      </trkpt>
      <trkpt lat="31.40518764965236186981201171875" lon="119.49846024625003337860107421875">
        <ele>4</ele>
        <time>2026-05-28T23:24:29.000Z</time>
        <extensions>
          <ns3:TrackPointExtension/>
        </extensions>
      </trkpt>
      <trkpt lat="31.4051801897585391998291015625" lon="119.49849419295787811279296875">
        <ele>4</ele>
        <time>2026-05-28T23:24:30.000Z</time>
        <extensions>
          <ns3:TrackPointExtension>
            <ns3:hr>156</ns3:hr>
          </ns3:TrackPointExtension>
        </extensions>
      </trkpt>
      <trkpt lat="31.40517189167439937591552734375" lon="119.4985319115221500396728515625">
        <ele>3.7999999523162841796875</ele>
        <time>2026-05-28T23:24:31.000Z</time>
        <extensions>
          <ns3:TrackPointExtension>
            <ns3:hr>156</ns3:hr>
          </ns3:TrackPointExtension>
        </extensions>
      </trkpt>
      <trkpt lat="31.405164934694766998291015625" lon="119.498571641743183135986328125">
        <ele>3.7999999523162841796875</ele>
        <time>2026-05-28T23:24:32.000Z</time>
        <extensions>
          <ns3:TrackPointExtension>
            <ns3:hr>157</ns3:hr>
          </ns3:TrackPointExtension>
        </extensions>
      </trkpt>
      <trkpt lat="31.405160911381244659423828125" lon="119.498610533773899078369140625">
        <ele>4</ele>
        <time>2026-05-28T23:24:33.000Z</time>
        <extensions>
          <ns3:TrackPointExtension>
            <ns3:hr>157</ns3:hr>
          </ns3:TrackPointExtension>
        </extensions>
      </trkpt>
      <trkpt lat="31.405160240828990936279296875" lon="119.4986469112336635589599609375">
        <ele>4.19999980926513671875</ele>
        <time>2026-05-28T23:24:34.000Z</time>
        <extensions>
          <ns3:TrackPointExtension/>
        </extensions>
      </trkpt>
      <trkpt lat="31.40516250394284725189208984375" lon="119.49868152849376201629638671875">
        <ele>4.599999904632568359375</ele>
        <time>2026-05-28T23:24:35.000Z</time>
        <extensions>
          <ns3:TrackPointExtension/>
        </extensions>
      </trkpt>
      <trkpt lat="31.40516552142798900604248046875" lon="119.4987159781157970428466796875">
        <ele>4.80000019073486328125</ele>
        <time>2026-05-28T23:24:36.000Z</time>
        <extensions>
          <ns3:TrackPointExtension/>
        </extensions>
      </trkpt>
      <trkpt lat="31.405167281627655029296875" lon="119.49875193648040294647216796875">
        <ele>5</ele>
        <time>2026-05-28T23:24:37.000Z</time>
        <extensions>
          <ns3:TrackPointExtension/>
        </extensions>
      </trkpt>
      <trkpt lat="31.40516518615186214447021484375" lon="119.49878982268273830413818359375">
        <ele>5.19999980926513671875</ele>
        <time>2026-05-28T23:24:38.000Z</time>
        <extensions>
          <ns3:TrackPointExtension>
            <ns3:hr>160</ns3:hr>
          </ns3:TrackPointExtension>
        </extensions>
      </trkpt>
      <trkpt lat="31.4051597379148006439208984375" lon="119.49882837943732738494873046875">
        <ele>5.599999904632568359375</ele>
        <time>2026-05-28T23:24:39.000Z</time>
        <extensions>
          <ns3:TrackPointExtension>
            <ns3:hr>160</ns3:hr>
          </ns3:TrackPointExtension>
        </extensions>
      </trkpt>
      <trkpt lat="31.40515328384935855865478515625" lon="119.4988675229251384735107421875">
        <ele>5.80000019073486328125</ele>
        <time>2026-05-28T23:24:40.000Z</time>
        <extensions>
          <ns3:TrackPointExtension/>
        </extensions>
      </trkpt>
      <trkpt lat="31.4051480032503604888916015625" lon="119.49890666641294956207275390625">
        <ele>6</ele>
        <time>2026-05-28T23:24:41.000Z</time>
        <extensions>
          <ns3:TrackPointExtension/>
        </extensions>
      </trkpt>
      <trkpt lat="31.40514515340328216552734375" lon="119.49894505552947521209716796875">
        <ele>6</ele>
        <time>2026-05-28T23:24:42.000Z</time>
        <extensions>
          <ns3:TrackPointExtension/>
        </extensions>
      </trkpt>
      <trkpt lat="31.4051436446607112884521484375" lon="119.498982690274715423583984375">
        <ele>6</ele>
        <time>2026-05-28T23:24:43.000Z</time>
        <extensions>
          <ns3:TrackPointExtension/>
        </extensions>
      </trkpt>
      <trkpt lat="31.40514104627072811126708984375" lon="119.499020911753177642822265625">
        <ele>6</ele>
        <time>2026-05-28T23:24:44.000Z</time>
        <extensions>
          <ns3:TrackPointExtension/>
        </extensions>
      </trkpt>
      <trkpt lat="31.40513685531914234161376953125" lon="119.4990599714219570159912109375">
        <ele>6</ele>
        <time>2026-05-28T23:24:45.000Z</time>
        <extensions>
          <ns3:TrackPointExtension/>
        </extensions>
      </trkpt>
      <trkpt lat="31.40513266436755657196044921875" lon="119.49909861199557781219482421875">
        <ele>6.19999980926513671875</ele>
        <time>2026-05-28T23:24:46.000Z</time>
        <extensions>
          <ns3:TrackPointExtension>
            <ns3:hr>161</ns3:hr>
          </ns3:TrackPointExtension>
        </extensions>
      </trkpt>
      <trkpt lat="31.4051292277872562408447265625" lon="119.4991333968937397003173828125">
        <ele>6.400000095367431640625</ele>
        <time>2026-05-28T23:24:47.000Z</time>
        <extensions>
          <ns3:TrackPointExtension>
            <ns3:hr>161</ns3:hr>
          </ns3:TrackPointExtension>
        </extensions>
      </trkpt>
      <trkpt lat="31.40512637794017791748046875" lon="119.4991662539541721343994140625">
        <ele>6.400000095367431640625</ele>
        <time>2026-05-28T23:24:48.000Z</time>
        <extensions>
          <ns3:TrackPointExtension>
            <ns3:hr>162</ns3:hr>
          </ns3:TrackPointExtension>
        </extensions>
      </trkpt>
      <trkpt lat="31.40512461774051189422607421875" lon="119.4992004521191120147705078125">
        <ele>6.80000019073486328125</ele>
        <time>2026-05-28T23:24:49.000Z</time>
        <extensions>
          <ns3:TrackPointExtension/>
        </extensions>
      </trkpt>
      <trkpt lat="31.40512394718825817108154296875" lon="119.4992359913885593414306640625">
        <ele>7</ele>
        <time>2026-05-28T23:24:50.000Z</time>
        <extensions>
          <ns3:TrackPointExtension/>
        </extensions>
      </trkpt>
      <trkpt lat="31.40512344427406787872314453125" lon="119.4992728717625141143798828125">
        <ele>7.19999980926513671875</ele>
        <time>2026-05-28T23:24:51.000Z</time>
        <extensions>
          <ns3:TrackPointExtension/>
        </extensions>
      </trkpt>
      <trkpt lat="31.40512243844568729400634765625" lon="119.499309919774532318115234375">
        <ele>7.400000095367431640625</ele>
        <time>2026-05-28T23:24:52.000Z</time>
        <extensions>
          <ns3:TrackPointExtension/>
        </extensions>
      </trkpt>
      <trkpt lat="31.40512109734117984771728515625" lon="119.49934805743396282196044921875">
        <ele>7.599999904632568359375</ele>
        <time>2026-05-28T23:24:53.000Z</time>
        <extensions>
          <ns3:TrackPointExtension/>
        </extensions>
      </trkpt>
      <trkpt lat="31.4051201753318309783935546875" lon="119.49938829056918621063232421875">
        <ele>7.80000019073486328125</ele>
        <time>2026-05-28T23:24:54.000Z</time>
        <extensions>
          <ns3:TrackPointExtension/>
        </extensions>
      </trkpt>
      <trkpt lat="31.405120007693767547607421875" lon="119.49942818842828273773193359375">
        <ele>8</ele>
        <time>2026-05-28T23:24:55.000Z</time>
        <extensions>
          <ns3:TrackPointExtension>
            <ns3:hr>164</ns3:hr>
          </ns3:TrackPointExtension>
        </extensions>
      </trkpt>
      <trkpt lat="31.4051205106079578399658203125" lon="119.499466829001903533935546875">
        <ele>7.80000019073486328125</ele>
        <time>2026-05-28T23:24:56.000Z</time>
        <extensions>
          <ns3:TrackPointExtension>
            <ns3:hr>164</ns3:hr>
          </ns3:TrackPointExtension>
        </extensions>
      </trkpt>
      <trkpt lat="31.405120007693767547607421875" lon="119.499505050480365753173828125">
        <ele>7.599999904632568359375</ele>
        <time>2026-05-28T23:24:57.000Z</time>
        <extensions>
          <ns3:TrackPointExtension/>
        </extensions>
      </trkpt>
      <trkpt lat="31.405117996037006378173828125" lon="119.49954134412109851837158203125">
        <ele>7.400000095367431640625</ele>
        <time>2026-05-28T23:24:58.000Z</time>
        <extensions>
          <ns3:TrackPointExtension/>
        </extensions>
      </trkpt>
      <trkpt lat="31.40511774457991123199462890625" lon="119.499574117362499237060546875">
        <ele>7</ele>
        <time>2026-05-28T23:24:59.000Z</time>
        <extensions>
          <ns3:TrackPointExtension/>
        </extensions>
      </trkpt>
      <trkpt lat="31.40512243844568729400634765625" lon="119.49960286729037761688232421875">
        <ele>7</ele>
        <time>2026-05-28T23:25:00.000Z</time>
        <extensions>
          <ns3:TrackPointExtension/>
        </extensions>
      </trkpt>
      <trkpt lat="31.40513568185269832611083984375" lon="119.49962985701858997344970703125">
        <ele>6.80000019073486328125</ele>
        <time>2026-05-28T23:25:01.000Z</time>
        <extensions>
          <ns3:TrackPointExtension>
            <ns3:hr>166</ns3:hr>
          </ns3:TrackPointExtension>
        </extensions>
      </trkpt>
      <trkpt lat="31.40515764243900775909423828125" lon="119.49965424835681915283203125">
        <ele>6.599999904632568359375</ele>
        <time>2026-05-28T23:25:02.000Z</time>
        <extensions>
          <ns3:TrackPointExtension>
            <ns3:hr>166</ns3:hr>
          </ns3:TrackPointExtension>
        </extensions>
      </trkpt>
      <trkpt lat="31.4051848836243152618408203125" lon="119.49967302381992340087890625">
        <ele>6.400000095367431640625</ele>
        <time>2026-05-28T23:25:03.000Z</time>
        <extensions>
          <ns3:TrackPointExtension>
            <ns3:hr>166</ns3:hr>
          </ns3:TrackPointExtension>
        </extensions>
      </trkpt>
      <trkpt lat="31.40521489083766937255859375" lon="119.4996862672269344329833984375">
        <ele>6.19999980926513671875</ele>
        <time>2026-05-28T23:25:04.000Z</time>
        <extensions>
          <ns3:TrackPointExtension>
            <ns3:hr>166</ns3:hr>
          </ns3:TrackPointExtension>
        </extensions>
      </trkpt>
      <trkpt lat="31.4052462391555309295654296875" lon="119.499695487320423126220703125">
        <ele>6.19999980926513671875</ele>
        <time>2026-05-28T23:25:05.000Z</time>
        <extensions>
          <ns3:TrackPointExtension/>
        </extensions>
      </trkpt>
      <trkpt lat="31.40527783893048763275146484375" lon="119.4997016899287700653076171875">
        <ele>6.19999980926513671875</ele>
        <time>2026-05-28T23:25:06.000Z</time>
        <extensions>
          <ns3:TrackPointExtension/>
        </extensions>
      </trkpt>
      <trkpt lat="31.4053099416196346282958984375" lon="119.49970646761357784271240234375">
        <ele>6.19999980926513671875</ele>
        <time>2026-05-28T23:25:07.000Z</time>
        <extensions>
          <ns3:TrackPointExtension/>
        </extensions>
      </trkpt>
      <trkpt lat="31.40534305013716220855712890625" lon="119.499710239470005035400390625">
        <ele>6</ele>
        <time>2026-05-28T23:25:08.000Z</time>
        <extensions>
          <ns3:TrackPointExtension>
            <ns3:hr>168</ns3:hr>
          </ns3:TrackPointExtension>
        </extensions>
      </trkpt>
      <trkpt lat="31.40537741594016551971435546875" lon="119.49971250258386135101318359375">
        <ele>6</ele>
        <time>2026-05-28T23:25:09.000Z</time>
        <extensions>
          <ns3:TrackPointExtension>
            <ns3:hr>168</ns3:hr>
          </ns3:TrackPointExtension>
        </extensions>
      </trkpt>
      <trkpt lat="31.4054128713905811309814453125" lon="119.4997127540409564971923828125">
        <ele>6</ele>
        <time>2026-05-28T23:25:10.000Z</time>
        <extensions>
          <ns3:TrackPointExtension/>
        </extensions>
      </trkpt>
      <trkpt lat="31.40544815920293331146240234375" lon="119.499712251126766204833984375">
        <ele>6</ele>
        <time>2026-05-28T23:25:11.000Z</time>
        <extensions>
          <ns3:TrackPointExtension/>
        </extensions>
      </trkpt>
      <trkpt lat="31.405481435358524322509765625" lon="119.49971283785998821258544921875">
        <ele>6</ele>
        <time>2026-05-28T23:25:12.000Z</time>
        <extensions>
          <ns3:TrackPointExtension/>
        </extensions>
      </trkpt>
      <trkpt lat="31.40551269985735416412353515625" lon="119.49971434660255908966064453125">
        <ele>6</ele>
        <time>2026-05-28T23:25:13.000Z</time>
        <extensions>
          <ns3:TrackPointExtension/>
        </extensions>
      </trkpt>
      <trkpt lat="31.4055422879755496978759765625" lon="119.499715603888034820556640625">
        <ele>6</ele>
        <time>2026-05-28T23:25:14.000Z</time>
        <extensions>
          <ns3:TrackPointExtension>
            <ns3:hr>167</ns3:hr>
          </ns3:TrackPointExtension>
        </extensions>
      </trkpt>
      <trkpt lat="31.4055709540843963623046875" lon="119.4997161068022251129150390625">
        <ele>5.80000019073486328125</ele>
        <time>2026-05-28T23:25:15.000Z</time>
        <extensions>
          <ns3:TrackPointExtension>
            <ns3:hr>167</ns3:hr>
          </ns3:TrackPointExtension>
        </extensions>
      </trkpt>
      <trkpt lat="31.405600793659687042236328125" lon="119.49971619062125682830810546875">
        <ele>5.80000019073486328125</ele>
        <time>2026-05-28T23:25:16.000Z</time>
        <extensions>
          <ns3:TrackPointExtension/>
        </extensions>
      </trkpt>
      <trkpt lat="31.40563306398689746856689453125" lon="119.499716274440288543701171875">
        <ele>5.599999904632568359375</ele>
        <time>2026-05-28T23:25:17.000Z</time>
        <extensions>
          <ns3:TrackPointExtension>
            <ns3:hr>168</ns3:hr>
          </ns3:TrackPointExtension>
        </extensions>
      </trkpt>
      <trkpt lat="31.4056673459708690643310546875" lon="119.49971669353544712066650390625">
        <ele>5.400000095367431640625</ele>
        <time>2026-05-28T23:25:18.000Z</time>
        <extensions>
          <ns3:TrackPointExtension>
            <ns3:hr>168</ns3:hr>
          </ns3:TrackPointExtension>
        </extensions>
      </trkpt>
      <trkpt lat="31.405701376497745513916015625" lon="119.49971786700189113616943359375">
        <ele>5.400000095367431640625</ele>
        <time>2026-05-28T23:25:19.000Z</time>
        <extensions>
          <ns3:TrackPointExtension/>
        </extensions>
      </trkpt>
      <trkpt lat="31.40573121607303619384765625" lon="119.49972004629671573638916015625">
        <ele>5.19999980926513671875</ele>
        <time>2026-05-28T23:25:20.000Z</time>
        <extensions>
          <ns3:TrackPointExtension/>
        </extensions>
      </trkpt>
      <trkpt lat="31.4057533442974090576171875" lon="119.49972306378185749053955078125">
        <ele>5.19999980926513671875</ele>
        <time>2026-05-28T23:25:21.000Z</time>
        <extensions>
          <ns3:TrackPointExtension/>
        </extensions>
      </trkpt>
      <trkpt lat="31.40576834790408611297607421875" lon="119.49972591362893581390380859375">
        <ele>5.19999980926513671875</ele>
        <time>2026-05-28T23:25:22.000Z</time>
        <extensions>
          <ns3:TrackPointExtension/>
        </extensions>
      </trkpt>
      <trkpt lat="31.40577815473079681396484375" lon="119.4997271709144115447998046875">
        <ele>5.19999980926513671875</ele>
        <time>2026-05-28T23:25:23.000Z</time>
        <extensions>
          <ns3:TrackPointExtension/>
        </extensions>
      </trkpt>
      <trkpt lat="31.40578486025333404541015625" lon="119.4997273385524749755859375">
        <ele>5.19999980926513671875</ele>
        <time>2026-05-28T23:25:24.000Z</time>
        <extensions>
          <ns3:TrackPointExtension/>
        </extensions>
      </trkpt>
      <trkpt lat="31.40578997321426868438720703125" lon="119.4997271709144115447998046875">
        <ele>5</ele>
        <time>2026-05-28T23:25:25.000Z</time>
        <extensions>
          <ns3:TrackPointExtension/>
        </extensions>
      </trkpt>
      <trkpt lat="31.4057947508990764617919921875" lon="119.49972666800022125244140625">
        <ele>5</ele>
        <time>2026-05-28T23:25:26.000Z</time>
        <extensions>
          <ns3:TrackPointExtension>
            <ns3:hr>168</ns3:hr>
          </ns3:TrackPointExtension>
        </extensions>
      </trkpt>
      <trkpt lat="31.40580053441226482391357421875" lon="119.49972574599087238311767578125">
        <ele>5</ele>
        <time>2026-05-28T23:25:27.000Z</time>
        <extensions>
          <ns3:TrackPointExtension>
            <ns3:hr>168</ns3:hr>
          </ns3:TrackPointExtension>
        </extensions>
      </trkpt>
      <trkpt lat="31.4058074913918972015380859375" lon="119.4997244887053966522216796875">
        <ele>5</ele>
        <time>2026-05-28T23:25:28.000Z</time>
        <extensions>
          <ns3:TrackPointExtension/>
        </extensions>
      </trkpt>
      <trkpt lat="31.405815370380878448486328125" lon="119.49972289614379405975341796875">
        <ele>5</ele>
        <time>2026-05-28T23:25:29.000Z</time>
        <extensions>
          <ns3:TrackPointExtension/>
        </extensions>
      </trkpt>
      <trkpt lat="31.40582433901727199554443359375" lon="119.4997214712202548980712890625">
        <ele>5</ele>
        <time>2026-05-28T23:25:30.000Z</time>
        <extensions>
          <ns3:TrackPointExtension/>
        </extensions>
      </trkpt>
      <trkpt lat="31.40583506785333156585693359375" lon="119.49972088448703289031982421875">
        <ele>5.19999980926513671875</ele>
        <time>2026-05-28T23:25:31.000Z</time>
        <extensions>
          <ns3:TrackPointExtension>
            <ns3:hr>169</ns3:hr>
          </ns3:TrackPointExtension>
        </extensions>
      </trkpt>
      <trkpt lat="31.40584814362227916717529296875" lon="119.4997211359441280364990234375">
        <ele>5.19999980926513671875</ele>
        <time>2026-05-28T23:25:32.000Z</time>
        <extensions>
          <ns3:TrackPointExtension>
            <ns3:hr>169</ns3:hr>
          </ns3:TrackPointExtension>
        </extensions>
      </trkpt>
      <trkpt lat="31.40586289577186107635498046875" lon="119.499721638858318328857421875">
        <ele>5.19999980926513671875</ele>
        <time>2026-05-28T23:25:33.000Z</time>
        <extensions>
          <ns3:TrackPointExtension>
            <ns3:hr>170</ns3:hr>
          </ns3:TrackPointExtension>
        </extensions>
      </trkpt>
      <trkpt lat="31.40587882138788700103759765625" lon="119.4997224770486354827880859375">
        <ele>5.19999980926513671875</ele>
        <time>2026-05-28T23:25:34.000Z</time>
        <extensions>
          <ns3:TrackPointExtension>
            <ns3:hr>170</ns3:hr>
          </ns3:TrackPointExtension>
        </extensions>
      </trkpt>
      <trkpt lat="31.4058949984610080718994140625" lon="119.49972457252442836761474609375">
        <ele>5.400000095367431640625</ele>
        <time>2026-05-28T23:25:35.000Z</time>
        <extensions>
          <ns3:TrackPointExtension/>
        </extensions>
      </trkpt>
      <trkpt lat="31.40591067261993885040283203125" lon="119.49972800910472869873046875">
        <ele>5.400000095367431640625</ele>
        <time>2026-05-28T23:25:36.000Z</time>
        <extensions>
          <ns3:TrackPointExtension/>
        </extensions>
      </trkpt>
      <trkpt lat="31.40592726878821849822998046875" lon="119.499732367694377899169921875">
        <ele>5.400000095367431640625</ele>
        <time>2026-05-28T23:25:37.000Z</time>
        <extensions>
          <ns3:TrackPointExtension>
            <ns3:hr>169</ns3:hr>
          </ns3:TrackPointExtension>
        </extensions>
      </trkpt>
      <trkpt lat="31.4059452898800373077392578125" lon="119.499737061560153961181640625">
        <ele>5.599999904632568359375</ele>
        <time>2026-05-28T23:25:38.000Z</time>
        <extensions>
          <ns3:TrackPointExtension>
            <ns3:hr>169</ns3:hr>
          </ns3:TrackPointExtension>
        </extensions>
      </trkpt>
      <trkpt lat="31.4059644006192684173583984375" lon="119.49974133633077144622802734375">
        <ele>5.599999904632568359375</ele>
        <time>2026-05-28T23:25:39.000Z</time>
        <extensions>
          <ns3:TrackPointExtension/>
        </extensions>
      </trkpt>
      <trkpt lat="31.4059845171868801116943359375" lon="119.4997442699968814849853515625">
        <ele>5.80000019073486328125</ele>
        <time>2026-05-28T23:25:40.000Z</time>
        <extensions>
          <ns3:TrackPointExtension/>
        </extensions>
      </trkpt>
      <trkpt lat="31.40600454993546009063720703125" lon="119.49974502436816692352294921875">
        <ele>5.80000019073486328125</ele>
        <time>2026-05-28T23:25:41.000Z</time>
        <extensions>
          <ns3:TrackPointExtension/>
        </extensions>
      </trkpt>
      <trkpt lat="31.40602491796016693115234375" lon="119.49974401853978633880615234375">
        <ele>5.80000019073486328125</ele>
        <time>2026-05-28T23:25:42.000Z</time>
        <extensions>
          <ns3:TrackPointExtension>
            <ns3:hr>168</ns3:hr>
          </ns3:TrackPointExtension>
        </extensions>
      </trkpt>
      <trkpt lat="31.406044699251651763916015625" lon="119.499741755425930023193359375">
        <ele>6</ele>
        <time>2026-05-28T23:25:43.000Z</time>
        <extensions>
          <ns3:TrackPointExtension>
            <ns3:hr>168</ns3:hr>
          </ns3:TrackPointExtension>
        </extensions>
      </trkpt>
      <trkpt lat="31.40606339089572429656982421875" lon="119.49973764829337596893310546875">
        <ele>6</ele>
        <time>2026-05-28T23:25:44.000Z</time>
        <extensions>
          <ns3:TrackPointExtension/>
        </extensions>
      </trkpt>
      <trkpt lat="31.406082250177860260009765625" lon="119.4997327029705047607421875">
        <ele>6</ele>
        <time>2026-05-28T23:25:45.000Z</time>
        <extensions>
          <ns3:TrackPointExtension/>
        </extensions>
      </trkpt>
      <trkpt lat="31.406100690364837646484375" lon="119.49972909875214099884033203125">
        <ele>6.19999980926513671875</ele>
        <time>2026-05-28T23:25:46.000Z</time>
        <extensions>
          <ns3:TrackPointExtension/>
        </extensions>
      </trkpt>
      <trkpt lat="31.40611904673278331756591796875" lon="119.4997275061905384063720703125">
        <ele>6.19999980926513671875</ele>
        <time>2026-05-28T23:25:47.000Z</time>
        <extensions>
          <ns3:TrackPointExtension>
            <ns3:hr>168</ns3:hr>
          </ns3:TrackPointExtension>
        </extensions>
      </trkpt>
      <trkpt lat="31.4061369001865386962890625" lon="119.49972658418118953704833984375">
        <ele>6.400000095367431640625</ele>
        <time>2026-05-28T23:25:48.000Z</time>
        <extensions>
          <ns3:TrackPointExtension>
            <ns3:hr>168</ns3:hr>
          </ns3:TrackPointExtension>
        </extensions>
      </trkpt>
      <trkpt lat="31.40615492127835750579833984375" lon="119.49972574599087238311767578125">
        <ele>6.599999904632568359375</ele>
        <time>2026-05-28T23:25:49.000Z</time>
        <extensions>
          <ns3:TrackPointExtension/>
        </extensions>
      </trkpt>
      <trkpt lat="31.40617269091308116912841796875" lon="119.499724991619586944580078125">
        <ele>6.599999904632568359375</ele>
        <time>2026-05-28T23:25:50.000Z</time>
        <extensions>
          <ns3:TrackPointExtension/>
        </extensions>
      </trkpt>
      <trkpt lat="31.40619062818586826324462890625" lon="119.4997241534292697906494140625">
        <ele>6.80000019073486328125</ele>
        <time>2026-05-28T23:25:51.000Z</time>
        <extensions>
          <ns3:TrackPointExtension/>
        </extensions>
      </trkpt>
      <trkpt lat="31.40620940364897251129150390625" lon="119.49972373433411121368408203125">
        <ele>6.80000019073486328125</ele>
        <time>2026-05-28T23:25:52.000Z</time>
        <extensions>
          <ns3:TrackPointExtension/>
        </extensions>
      </trkpt>
      <trkpt lat="31.40622868202626705169677734375" lon="119.49972440488636493682861328125">
        <ele>7</ele>
        <time>2026-05-28T23:25:53.000Z</time>
        <extensions>
          <ns3:TrackPointExtension/>
        </extensions>
      </trkpt>
      <trkpt lat="31.406247876584529876708984375" lon="119.49972591362893581390380859375">
        <ele>7.19999980926513671875</ele>
        <time>2026-05-28T23:25:54.000Z</time>
        <extensions>
          <ns3:TrackPointExtension/>
        </extensions>
      </trkpt>
      <trkpt lat="31.4062664844095706939697265625" lon="119.4997268356382846832275390625">
        <ele>7.400000095367431640625</ele>
        <time>2026-05-28T23:25:55.000Z</time>
        <extensions>
          <ns3:TrackPointExtension/>
        </extensions>
      </trkpt>
      <trkpt lat="31.40628467313945293426513671875" lon="119.4997265003621578216552734375">
        <ele>7.400000095367431640625</ele>
        <time>2026-05-28T23:25:56.000Z</time>
        <extensions>
          <ns3:TrackPointExtension>
            <ns3:hr>162</ns3:hr>
          </ns3:TrackPointExtension>
        </extensions>
      </trkpt>
      <trkpt lat="31.406304202973842620849609375" lon="119.4997251592576503753662109375">
        <ele>7.599999904632568359375</ele>
        <time>2026-05-28T23:25:57.000Z</time>
        <extensions>
          <ns3:TrackPointExtension>
            <ns3:hr>162</ns3:hr>
          </ns3:TrackPointExtension>
        </extensions>
      </trkpt>
      <trkpt lat="31.40632524155080318450927734375" lon="119.49972423724830150604248046875">
        <ele>7.80000019073486328125</ele>
        <time>2026-05-28T23:25:58.000Z</time>
        <extensions>
          <ns3:TrackPointExtension>
            <ns3:hr>162</ns3:hr>
          </ns3:TrackPointExtension>
        </extensions>
      </trkpt>
      <trkpt lat="31.40634586103260517120361328125" lon="119.4997248239815235137939453125">
        <ele>7.80000019073486328125</ele>
        <time>2026-05-28T23:25:59.000Z</time>
        <extensions>
          <ns3:TrackPointExtension/>
        </extensions>
      </trkpt>
      <trkpt lat="31.4063650555908679962158203125" lon="119.49972574599087238311767578125">
        <ele>8</ele>
        <time>2026-05-28T23:26:00.000Z</time>
        <extensions>
          <ns3:TrackPointExtension/>
        </extensions>
      </trkpt>
      <trkpt lat="31.40638441778719425201416015625" lon="119.4997261650860309600830078125">
        <ele>8.19999980926513671875</ele>
        <time>2026-05-28T23:26:01.000Z</time>
        <extensions>
          <ns3:TrackPointExtension/>
        </extensions>
      </trkpt>
      <trkpt lat="31.40640486963093280792236328125" lon="119.49972708709537982940673828125">
        <ele>8.3999996185302734375</ele>
        <time>2026-05-28T23:26:02.000Z</time>
        <extensions>
          <ns3:TrackPointExtension/>
        </extensions>
      </trkpt>
      <trkpt lat="31.40642582438886165618896484375" lon="119.49972893111407756805419921875">
        <ele>8.6000003814697265625</ele>
        <time>2026-05-28T23:26:03.000Z</time>
        <extensions>
          <ns3:TrackPointExtension/>
        </extensions>
      </trkpt>
      <trkpt lat="31.4064468629658222198486328125" lon="119.49973069131374359130859375">
        <ele>8.80000019073486328125</ele>
        <time>2026-05-28T23:26:04.000Z</time>
        <extensions>
          <ns3:TrackPointExtension/>
        </extensions>
      </trkpt>
      <trkpt lat="31.40646748244762420654296875" lon="119.49973161332309246063232421875">
        <ele>9</ele>
        <time>2026-05-28T23:26:05.000Z</time>
        <extensions>
          <ns3:TrackPointExtension/>
        </extensions>
      </trkpt>
      <trkpt lat="31.40648734755814075469970703125" lon="119.49973178096115589141845703125">
        <ele>9.3999996185302734375</ele>
        <time>2026-05-28T23:26:06.000Z</time>
        <extensions>
          <ns3:TrackPointExtension>
            <ns3:hr>158</ns3:hr>
          </ns3:TrackPointExtension>
        </extensions>
      </trkpt>
      <trkpt lat="31.4065065421164035797119140625" lon="119.49973161332309246063232421875">
        <ele>9.6000003814697265625</ele>
        <time>2026-05-28T23:26:07.000Z</time>
        <extensions>
          <ns3:TrackPointExtension>
            <ns3:hr>158</ns3:hr>
          </ns3:TrackPointExtension>
        </extensions>
      </trkpt>
      <trkpt lat="31.4065258204936981201171875" lon="119.49973211623728275299072265625">
        <ele>9.80000019073486328125</ele>
        <time>2026-05-28T23:26:08.000Z</time>
        <extensions>
          <ns3:TrackPointExtension/>
        </extensions>
      </trkpt>
      <trkpt lat="31.4065454341471195220947265625" lon="119.49973379261791706085205078125">
        <ele>10</ele>
        <time>2026-05-28T23:26:09.000Z</time>
        <extensions>
          <ns3:TrackPointExtension>
            <ns3:hr>158</ns3:hr>
          </ns3:TrackPointExtension>
        </extensions>
      </trkpt>
      <trkpt lat="31.40656479634344577789306640625" lon="119.49973630718886852264404296875">
        <ele>10.19999980926513671875</ele>
        <time>2026-05-28T23:26:10.000Z</time>
        <extensions>
          <ns3:TrackPointExtension>
            <ns3:hr>158</ns3:hr>
          </ns3:TrackPointExtension>
        </extensions>
      </trkpt>
      <trkpt lat="31.40658390708267688751220703125" lon="119.49973915703594684600830078125">
        <ele>10.3999996185302734375</ele>
        <time>2026-05-28T23:26:11.000Z</time>
        <extensions>
          <ns3:TrackPointExtension/>
        </extensions>
      </trkpt>
      <trkpt lat="31.406601928174495697021484375" lon="119.499741755425930023193359375">
        <ele>10.6000003814697265625</ele>
        <time>2026-05-28T23:26:12.000Z</time>
        <extensions>
          <ns3:TrackPointExtension/>
        </extensions>
      </trkpt>
      <trkpt lat="31.40661911107599735260009765625" lon="119.4997432641685009002685546875">
        <ele>10.6000003814697265625</ele>
        <time>2026-05-28T23:26:13.000Z</time>
        <extensions>
          <ns3:TrackPointExtension>
            <ns3:hr>158</ns3:hr>
          </ns3:TrackPointExtension>
        </extensions>
      </trkpt>
      <trkpt lat="31.40663646161556243896484375" lon="119.499743096530437469482421875">
        <ele>10.80000019073486328125</ele>
        <time>2026-05-28T23:26:14.000Z</time>
        <extensions>
          <ns3:TrackPointExtension>
            <ns3:hr>158</ns3:hr>
          </ns3:TrackPointExtension>
        </extensions>
      </trkpt>
      <trkpt lat="31.4066543988883495330810546875" lon="119.49974167160689830780029296875">
        <ele>11</ele>
        <time>2026-05-28T23:26:15.000Z</time>
        <extensions>
          <ns3:TrackPointExtension/>
        </extensions>
      </trkpt>
      <trkpt lat="31.40667376108467578887939453125" lon="119.49973982758820056915283203125">
        <ele>11</ele>
        <time>2026-05-28T23:26:16.000Z</time>
        <extensions>
          <ns3:TrackPointExtension/>
        </extensions>
      </trkpt>
      <trkpt lat="31.40669488348066806793212890625" lon="119.4997380673885345458984375">
        <ele>11</ele>
        <time>2026-05-28T23:26:17.000Z</time>
        <extensions>
          <ns3:TrackPointExtension>
            <ns3:hr>157</ns3:hr>
          </ns3:TrackPointExtension>
        </extensions>
      </trkpt>
      <trkpt lat="31.40671701170504093170166015625" lon="119.499736391007900238037109375">
        <ele>11</ele>
        <time>2026-05-28T23:26:18.000Z</time>
        <extensions>
          <ns3:TrackPointExtension>
            <ns3:hr>157</ns3:hr>
          </ns3:TrackPointExtension>
        </extensions>
      </trkpt>
      <trkpt lat="31.40673930756747722625732421875" lon="119.49973513372242450714111328125">
        <ele>11</ele>
        <time>2026-05-28T23:26:19.000Z</time>
        <extensions>
          <ns3:TrackPointExtension/>
        </extensions>
      </trkpt>
      <trkpt lat="31.40676118433475494384765625" lon="119.49973446317017078399658203125">
        <ele>11</ele>
        <time>2026-05-28T23:26:20.000Z</time>
        <extensions>
          <ns3:TrackPointExtension/>
        </extensions>
      </trkpt>
      <trkpt lat="31.406781636178493499755859375" lon="119.49973412789404392242431640625">
        <ele>11</ele>
        <time>2026-05-28T23:26:21.000Z</time>
        <extensions>
          <ns3:TrackPointExtension/>
        </extensions>
      </trkpt>
      <trkpt lat="31.40680066309869289398193359375" lon="119.4997338764369487762451171875">
        <ele>11</ele>
        <time>2026-05-28T23:26:22.000Z</time>
        <extensions>
          <ns3:TrackPointExtension/>
        </extensions>
      </trkpt>
      <trkpt lat="31.4068186841905117034912109375" lon="119.49973362497985363006591796875">
        <ele>11</ele>
        <time>2026-05-28T23:26:23.000Z</time>
        <extensions>
          <ns3:TrackPointExtension/>
        </extensions>
      </trkpt>
      <trkpt lat="31.4068369567394256591796875" lon="119.49973345734179019927978515625">
        <ele>11</ele>
        <time>2026-05-28T23:26:24.000Z</time>
        <extensions>
          <ns3:TrackPointExtension/>
        </extensions>
      </trkpt>
      <trkpt lat="31.40685548074543476104736328125" lon="119.49973345734179019927978515625">
        <ele>11</ele>
        <time>2026-05-28T23:26:25.000Z</time>
        <extensions>
          <ns3:TrackPointExtension/>
        </extensions>
      </trkpt>
      <trkpt lat="31.4068740047514438629150390625" lon="119.4997328706085681915283203125">
        <ele>11</ele>
        <time>2026-05-28T23:26:26.000Z</time>
        <extensions>
          <ns3:TrackPointExtension>
            <ns3:hr>153</ns3:hr>
          </ns3:TrackPointExtension>
        </extensions>
      </trkpt>
      <trkpt lat="31.40689236111938953399658203125" lon="119.4997311942279338836669921875">
        <ele>11</ele>
        <time>2026-05-28T23:26:27.000Z</time>
        <extensions>
          <ns3:TrackPointExtension>
            <ns3:hr>153</ns3:hr>
          </ns3:TrackPointExtension>
        </extensions>
      </trkpt>
      <trkpt lat="31.40690996311604976654052734375" lon="119.4997278414666652679443359375">
        <ele>11</ele>
        <time>2026-05-28T23:26:28.000Z</time>
        <extensions>
          <ns3:TrackPointExtension>
            <ns3:hr>152</ns3:hr>
          </ns3:TrackPointExtension>
        </extensions>
      </trkpt>
      <trkpt lat="31.40692672692239284515380859375" lon="119.49972256086766719818115234375">
        <ele>11</ele>
        <time>2026-05-28T23:26:29.000Z</time>
        <extensions>
          <ns3:TrackPointExtension/>
        </extensions>
      </trkpt>
      <trkpt lat="31.40694282017648220062255859375" lon="119.499715603888034820556640625">
        <ele>10.80000019073486328125</ele>
        <time>2026-05-28T23:26:30.000Z</time>
        <extensions>
          <ns3:TrackPointExtension/>
        </extensions>
      </trkpt>
      <trkpt lat="31.40695841051638126373291015625" lon="119.4997073896229267120361328125">
        <ele>10.80000019073486328125</ele>
        <time>2026-05-28T23:26:31.000Z</time>
        <extensions>
          <ns3:TrackPointExtension/>
        </extensions>
      </trkpt>
      <trkpt lat="31.4069739170372486114501953125" lon="119.4996983371675014495849609375">
        <ele>10.80000019073486328125</ele>
        <time>2026-05-28T23:26:32.000Z</time>
        <extensions>
          <ns3:TrackPointExtension/>
        </extensions>
      </trkpt>
      <trkpt lat="31.40698992647230625152587890625" lon="119.49968836270272731781005859375">
        <ele>10.6000003814697265625</ele>
        <time>2026-05-28T23:26:33.000Z</time>
        <extensions>
          <ns3:TrackPointExtension/>
        </extensions>
      </trkpt>
      <trkpt lat="31.40700618736445903778076171875" lon="119.49967813678085803985595703125">
        <ele>10.6000003814697265625</ele>
        <time>2026-05-28T23:26:34.000Z</time>
        <extensions>
          <ns3:TrackPointExtension>
            <ns3:hr>150</ns3:hr>
          </ns3:TrackPointExtension>
        </extensions>
      </trkpt>
      <trkpt lat="31.407022364437580108642578125" lon="119.499668665230274200439453125">
        <ele>10.3999996185302734375</ele>
        <time>2026-05-28T23:26:35.000Z</time>
        <extensions>
          <ns3:TrackPointExtension>
            <ns3:hr>150</ns3:hr>
          </ns3:TrackPointExtension>
        </extensions>
      </trkpt>
      <trkpt lat="31.407038457691669464111328125" lon="119.49965969659388065338134765625">
        <ele>10.3999996185302734375</ele>
        <time>2026-05-28T23:26:36.000Z</time>
        <extensions>
          <ns3:TrackPointExtension/>
        </extensions>
      </trkpt>
      <trkpt lat="31.4070540480315685272216796875" lon="119.49965022504329681396484375">
        <ele>10.19999980926513671875</ele>
        <time>2026-05-28T23:26:37.000Z</time>
        <extensions>
          <ns3:TrackPointExtension>
            <ns3:hr>149</ns3:hr>
          </ns3:TrackPointExtension>
        </extensions>
      </trkpt>
      <trkpt lat="31.40706921927630901336669921875" lon="119.4996396638453006744384765625">
        <ele>10.19999980926513671875</ele>
        <time>2026-05-28T23:26:38.000Z</time>
        <extensions>
          <ns3:TrackPointExtension>
            <ns3:hr>149</ns3:hr>
          </ns3:TrackPointExtension>
        </extensions>
      </trkpt>
      <trkpt lat="31.40708313323557376861572265625" lon="119.49962784536182880401611328125">
        <ele>10</ele>
        <time>2026-05-28T23:26:39.000Z</time>
        <extensions>
          <ns3:TrackPointExtension/>
        </extensions>
      </trkpt>
      <trkpt lat="31.407096125185489654541015625" lon="119.49961409904062747955322265625">
        <ele>10</ele>
        <time>2026-05-28T23:26:40.000Z</time>
        <extensions>
          <ns3:TrackPointExtension/>
        </extensions>
      </trkpt>
      <trkpt lat="31.40710878185927867889404296875" lon="119.49959867633879184722900390625">
        <ele>9.80000019073486328125</ele>
        <time>2026-05-28T23:26:41.000Z</time>
        <extensions>
          <ns3:TrackPointExtension/>
        </extensions>
      </trkpt>
      <trkpt lat="31.407120935618877410888671875" lon="119.49958224780857563018798828125">
        <ele>9.6000003814697265625</ele>
        <time>2026-05-28T23:26:42.000Z</time>
        <extensions>
          <ns3:TrackPointExtension/>
        </extensions>
      </trkpt>
      <trkpt lat="31.40713208355009555816650390625" lon="119.4995652325451374053955078125">
        <ele>9.3999996185302734375</ele>
        <time>2026-05-28T23:26:43.000Z</time>
        <extensions>
          <ns3:TrackPointExtension/>
        </extensions>
      </trkpt>
      <trkpt lat="31.40714214183390140533447265625" lon="119.49954771436750888824462890625">
        <ele>9.19999980926513671875</ele>
        <time>2026-05-28T23:26:44.000Z</time>
        <extensions>
          <ns3:TrackPointExtension/>
        </extensions>
      </trkpt>
      <trkpt lat="31.4071509428322315216064453125" lon="119.499529860913753509521484375">
        <ele>9</ele>
        <time>2026-05-28T23:26:45.000Z</time>
        <extensions>
          <ns3:TrackPointExtension>
            <ns3:hr>148</ns3:hr>
          </ns3:TrackPointExtension>
        </extensions>
      </trkpt>
      <trkpt lat="31.40715815126895904541015625" lon="119.49951183982193470001220703125">
        <ele>8.80000019073486328125</ele>
        <time>2026-05-28T23:26:46.000Z</time>
        <extensions>
          <ns3:TrackPointExtension>
            <ns3:hr>148</ns3:hr>
          </ns3:TrackPointExtension>
        </extensions>
      </trkpt>
      <trkpt lat="31.4071640186011791229248046875" lon="119.49949331581592559814453125">
        <ele>8.6000003814697265625</ele>
        <time>2026-05-28T23:26:47.000Z</time>
        <extensions>
          <ns3:TrackPointExtension>
            <ns3:hr>147</ns3:hr>
          </ns3:TrackPointExtension>
        </extensions>
      </trkpt>
      <trkpt lat="31.4071690477430820465087890625" lon="119.499474875628948211669921875">
        <ele>8.3999996185302734375</ele>
        <time>2026-05-28T23:26:48.000Z</time>
        <extensions>
          <ns3:TrackPointExtension>
            <ns3:hr>147</ns3:hr>
          </ns3:TrackPointExtension>
        </extensions>
      </trkpt>
      <trkpt lat="31.40717315487563610076904296875" lon="119.4994564354419708251953125">
        <ele>8.19999980926513671875</ele>
        <time>2026-05-28T23:26:49.000Z</time>
        <extensions>
          <ns3:TrackPointExtension/>
        </extensions>
      </trkpt>
      <trkpt lat="31.40717550180852413177490234375" lon="119.49943724088370800018310546875">
        <ele>8</ele>
        <time>2026-05-28T23:26:50.000Z</time>
        <extensions>
          <ns3:TrackPointExtension/>
        </extensions>
      </trkpt>
      <trkpt lat="31.4071767590939998626708984375" lon="119.499417208135128021240234375">
        <ele>7.80000019073486328125</ele>
        <time>2026-05-28T23:26:51.000Z</time>
        <extensions>
          <ns3:TrackPointExtension/>
        </extensions>
      </trkpt>
      <trkpt lat="31.4071781001985073089599609375" lon="119.4993965886533260345458984375">
        <ele>7.80000019073486328125</ele>
        <time>2026-05-28T23:26:52.000Z</time>
        <extensions>
          <ns3:TrackPointExtension/>
        </extensions>
      </trkpt>
      <trkpt lat="31.40717960894107818603515625" lon="119.49937571771442890167236328125">
        <ele>7.599999904632568359375</ele>
        <time>2026-05-28T23:26:53.000Z</time>
        <extensions>
          <ns3:TrackPointExtension/>
        </extensions>
      </trkpt>
      <trkpt lat="31.4071811176836490631103515625" lon="119.49935543350875377655029296875">
        <ele>7.400000095367431640625</ele>
        <time>2026-05-28T23:26:54.000Z</time>
        <extensions>
          <ns3:TrackPointExtension/>
        </extensions>
      </trkpt>
      <trkpt lat="31.40718237496912479400634765625" lon="119.4993357360363006591796875">
        <ele>7.19999980926513671875</ele>
        <time>2026-05-28T23:26:55.000Z</time>
        <extensions>
          <ns3:TrackPointExtension/>
        </extensions>
      </trkpt>
      <trkpt lat="31.40718321315944194793701171875" lon="119.49931561946868896484375">
        <ele>7.19999980926513671875</ele>
        <time>2026-05-28T23:26:56.000Z</time>
        <extensions>
          <ns3:TrackPointExtension>
            <ns3:hr>147</ns3:hr>
          </ns3:TrackPointExtension>
        </extensions>
      </trkpt>
      <trkpt lat="31.40718405134975910186767578125" lon="119.49929491616785526275634765625">
        <ele>7</ele>
        <time>2026-05-28T23:26:57.000Z</time>
        <extensions>
          <ns3:TrackPointExtension>
            <ns3:hr>147</ns3:hr>
          </ns3:TrackPointExtension>
        </extensions>
      </trkpt>
      <trkpt lat="31.407185308635234832763671875" lon="119.49927396140992641448974609375">
        <ele>6.80000019073486328125</ele>
        <time>2026-05-28T23:26:58.000Z</time>
        <extensions>
          <ns3:TrackPointExtension/>
        </extensions>
      </trkpt>
      <trkpt lat="31.407186985015869140625" lon="119.4992530904710292816162109375">
        <ele>6.599999904632568359375</ele>
        <time>2026-05-28T23:26:59.000Z</time>
        <extensions>
          <ns3:TrackPointExtension/>
        </extensions>
      </trkpt>
      <trkpt lat="31.407187990844249725341796875" lon="119.49923238717019557952880859375">
        <ele>6.599999904632568359375</ele>
        <time>2026-05-28T23:27:00.000Z</time>
        <extensions>
          <ns3:TrackPointExtension>
            <ns3:hr>146</ns3:hr>
          </ns3:TrackPointExtension>
        </extensions>
      </trkpt>
      <trkpt lat="31.4071884937584400177001953125" lon="119.4992121867835521697998046875">
        <ele>6.400000095367431640625</ele>
        <time>2026-05-28T23:27:01.000Z</time>
        <extensions>
          <ns3:TrackPointExtension>
            <ns3:hr>146</ns3:hr>
          </ns3:TrackPointExtension>
        </extensions>
      </trkpt>
      <trkpt lat="31.4071898348629474639892578125" lon="119.4991924054920673370361328125">
        <ele>6.19999980926513671875</ele>
        <time>2026-05-28T23:27:02.000Z</time>
        <extensions>
          <ns3:TrackPointExtension/>
        </extensions>
      </trkpt>
      <trkpt lat="31.4071915112435817718505859375" lon="119.49917254038155078887939453125">
        <ele>6</ele>
        <time>2026-05-28T23:27:03.000Z</time>
        <extensions>
          <ns3:TrackPointExtension/>
        </extensions>
      </trkpt>
      <trkpt lat="31.40719276852905750274658203125" lon="119.499152339994907379150390625">
        <ele>6</ele>
        <time>2026-05-28T23:27:04.000Z</time>
        <extensions>
          <ns3:TrackPointExtension/>
        </extensions>
      </trkpt>
      <trkpt lat="31.40719360671937465667724609375" lon="119.4991317205131053924560546875">
        <ele>5.80000019073486328125</ele>
        <time>2026-05-28T23:27:05.000Z</time>
        <extensions>
          <ns3:TrackPointExtension>
            <ns3:hr>144</ns3:hr>
          </ns3:TrackPointExtension>
        </extensions>
      </trkpt>
      <trkpt lat="31.40719478018581867218017578125" lon="119.49911152012646198272705078125">
        <ele>5.80000019073486328125</ele>
        <time>2026-05-28T23:27:06.000Z</time>
        <extensions>
          <ns3:TrackPointExtension>
            <ns3:hr>144</ns3:hr>
          </ns3:TrackPointExtension>
        </extensions>
      </trkpt>
      <trkpt lat="31.40719612129032611846923828125" lon="119.49909190647304058074951171875">
        <ele>5.80000019073486328125</ele>
        <time>2026-05-28T23:27:07.000Z</time>
        <extensions>
          <ns3:TrackPointExtension/>
        </extensions>
      </trkpt>
      <trkpt lat="31.407196708023548126220703125" lon="119.49907279573380947113037109375">
        <ele>5.599999904632568359375</ele>
        <time>2026-05-28T23:27:08.000Z</time>
        <extensions>
          <ns3:TrackPointExtension/>
        </extensions>
      </trkpt>
      <trkpt lat="31.40719595365226268768310546875" lon="119.49905351735651493072509765625">
        <ele>5.599999904632568359375</ele>
        <time>2026-05-28T23:27:09.000Z</time>
        <extensions>
          <ns3:TrackPointExtension/>
        </extensions>
      </trkpt>
      <trkpt lat="31.4071938581764698028564453125" lon="119.49903407134115695953369140625">
        <ele>5.599999904632568359375</ele>
        <time>2026-05-28T23:27:10.000Z</time>
        <extensions>
          <ns3:TrackPointExtension/>
        </extensions>
      </trkpt>
      <trkpt lat="31.40719142742455005645751953125" lon="119.49901546351611614227294921875">
        <ele>5.400000095367431640625</ele>
        <time>2026-05-28T23:27:11.000Z</time>
        <extensions>
          <ns3:TrackPointExtension>
            <ns3:hr>141</ns3:hr>
          </ns3:TrackPointExtension>
        </extensions>
      </trkpt>
      <trkpt lat="31.4071898348629474639892578125" lon="119.49899702332913875579833984375">
        <ele>5.400000095367431640625</ele>
        <time>2026-05-28T23:27:12.000Z</time>
        <extensions>
          <ns3:TrackPointExtension>
            <ns3:hr>141</ns3:hr>
          </ns3:TrackPointExtension>
        </extensions>
      </trkpt>
      <trkpt lat="31.40719008632004261016845703125" lon="119.49897891841828823089599609375">
        <ele>5.400000095367431640625</ele>
        <time>2026-05-28T23:27:13.000Z</time>
        <extensions>
          <ns3:TrackPointExtension/>
        </extensions>
      </trkpt>
      <trkpt lat="31.40719176270067691802978515625" lon="119.49896047823131084442138671875">
        <ele>5.19999980926513671875</ele>
        <time>2026-05-28T23:27:14.000Z</time>
        <extensions>
          <ns3:TrackPointExtension/>
        </extensions>
      </trkpt>
      <trkpt lat="31.40719377435743808746337890625" lon="119.49894103221595287322998046875">
        <ele>5.19999980926513671875</ele>
        <time>2026-05-28T23:27:15.000Z</time>
        <extensions>
          <ns3:TrackPointExtension/>
        </extensions>
      </trkpt>
      <trkpt lat="31.4071965403854846954345703125" lon="119.49892108328640460968017578125">
        <ele>5.19999980926513671875</ele>
        <time>2026-05-28T23:27:16.000Z</time>
        <extensions>
          <ns3:TrackPointExtension>
            <ns3:hr>142</ns3:hr>
          </ns3:TrackPointExtension>
        </extensions>
      </trkpt>
      <trkpt lat="31.40720115043222904205322265625" lon="119.4989012181758880615234375">
        <ele>5</ele>
        <time>2026-05-28T23:27:17.000Z</time>
        <extensions>
          <ns3:TrackPointExtension>
            <ns3:hr>142</ns3:hr>
          </ns3:TrackPointExtension>
        </extensions>
      </trkpt>
      <trkpt lat="31.40720768831670284271240234375" lon="119.49888177216053009033203125">
        <ele>5.19999980926513671875</ele>
        <time>2026-05-28T23:27:18.000Z</time>
        <extensions>
          <ns3:TrackPointExtension/>
        </extensions>
      </trkpt>
      <trkpt lat="31.407214812934398651123046875" lon="119.49886257760226726531982421875">
        <ele>5.19999980926513671875</ele>
        <time>2026-05-28T23:27:19.000Z</time>
        <extensions>
          <ns3:TrackPointExtension/>
        </extensions>
      </trkpt>
      <trkpt lat="31.40722193755209445953369140625" lon="119.498843215405941009521484375">
        <ele>5.400000095367431640625</ele>
        <time>2026-05-28T23:27:20.000Z</time>
        <extensions>
          <ns3:TrackPointExtension/>
        </extensions>
      </trkpt>
      <trkpt lat="31.40722897835075855255126953125" lon="119.498823769390583038330078125">
        <ele>5.400000095367431640625</ele>
        <time>2026-05-28T23:27:21.000Z</time>
        <extensions>
          <ns3:TrackPointExtension>
            <ns3:hr>141</ns3:hr>
          </ns3:TrackPointExtension>
        </extensions>
      </trkpt>
      <trkpt lat="31.40723534859716892242431640625" lon="119.498803652822971343994140625">
        <ele>5.599999904632568359375</ele>
        <time>2026-05-28T23:27:22.000Z</time>
        <extensions>
          <ns3:TrackPointExtension>
            <ns3:hr>141</ns3:hr>
          </ns3:TrackPointExtension>
        </extensions>
      </trkpt>
      <trkpt lat="31.4072414673864841461181640625" lon="119.4987823627889156341552734375">
        <ele>5.80000019073486328125</ele>
        <time>2026-05-28T23:27:23.000Z</time>
        <extensions>
          <ns3:TrackPointExtension>
            <ns3:hr>141</ns3:hr>
          </ns3:TrackPointExtension>
        </extensions>
      </trkpt>
      <trkpt lat="31.407247669994831085205078125" lon="119.4987588934600353240966796875">
        <ele>5.80000019073486328125</ele>
        <time>2026-05-28T23:27:24.000Z</time>
        <extensions>
          <ns3:TrackPointExtension/>
        </extensions>
      </trkpt>
      <trkpt lat="31.40725395642220973968505859375" lon="119.49873265810310840606689453125">
        <ele>6</ele>
        <time>2026-05-28T23:27:25.000Z</time>
        <extensions>
          <ns3:TrackPointExtension/>
        </extensions>
      </trkpt>
      <trkpt lat="31.40726099722087383270263671875" lon="119.4987042434513568878173828125">
        <ele>6.19999980926513671875</ele>
        <time>2026-05-28T23:27:26.000Z</time>
        <extensions>
          <ns3:TrackPointExtension/>
        </extensions>
      </trkpt>
      <trkpt lat="31.4072687923908233642578125" lon="119.498675577342510223388671875">
        <ele>6.19999980926513671875</ele>
        <time>2026-05-28T23:27:27.000Z</time>
        <extensions>
          <ns3:TrackPointExtension/>
        </extensions>
      </trkpt>
      <trkpt lat="31.4072756655514240264892578125" lon="119.4986475817859172821044921875">
        <ele>6.400000095367431640625</ele>
        <time>2026-05-28T23:27:28.000Z</time>
        <extensions>
          <ns3:TrackPointExtension>
            <ns3:hr>139</ns3:hr>
          </ns3:TrackPointExtension>
        </extensions>
      </trkpt>
      <trkpt lat="31.40728010796010494232177734375" lon="119.49861849658191204071044921875">
        <ele>6.599999904632568359375</ele>
        <time>2026-05-28T23:27:29.000Z</time>
        <extensions>
          <ns3:TrackPointExtension>
            <ns3:hr>139</ns3:hr>
          </ns3:TrackPointExtension>
        </extensions>
      </trkpt>
      <trkpt lat="31.407281868159770965576171875" lon="119.49858765117824077606201171875">
        <ele>6.599999904632568359375</ele>
        <time>2026-05-28T23:27:30.000Z</time>
        <extensions>
          <ns3:TrackPointExtension/>
        </extensions>
      </trkpt>
      <trkpt lat="31.4072817005217075347900390625" lon="119.498556219041347503662109375">
        <ele>6.400000095367431640625</ele>
        <time>2026-05-28T23:27:31.000Z</time>
        <extensions>
          <ns3:TrackPointExtension/>
        </extensions>
      </trkpt>
      <trkpt lat="31.40728279016911983489990234375" lon="119.4985245354473590850830078125">
        <ele>6.400000095367431640625</ele>
        <time>2026-05-28T23:27:32.000Z</time>
        <extensions>
          <ns3:TrackPointExtension/>
        </extensions>
      </trkpt>
      <trkpt lat="31.40728689730167388916015625" lon="119.49849209748208522796630859375">
        <ele>6.19999980926513671875</ele>
        <time>2026-05-28T23:27:33.000Z</time>
        <extensions>
          <ns3:TrackPointExtension/>
        </extensions>
      </trkpt>
      <trkpt lat="31.407293267548084259033203125" lon="119.4984594918787479400634765625">
        <ele>6.19999980926513671875</ele>
        <time>2026-05-28T23:27:34.000Z</time>
        <extensions>
          <ns3:TrackPointExtension>
            <ns3:hr>141</ns3:hr>
          </ns3:TrackPointExtension>
        </extensions>
      </trkpt>
      <trkpt lat="31.40730005688965320587158203125" lon="119.49842504225671291351318359375">
        <ele>6.19999980926513671875</ele>
        <time>2026-05-28T23:27:35.000Z</time>
        <extensions>
          <ns3:TrackPointExtension>
            <ns3:hr>141</ns3:hr>
          </ns3:TrackPointExtension>
        </extensions>
      </trkpt>
      <trkpt lat="31.4073068462312221527099609375" lon="119.4983877427875995635986328125">
        <ele>6.19999980926513671875</ele>
        <time>2026-05-28T23:27:36.000Z</time>
        <extensions>
          <ns3:TrackPointExtension/>
        </extensions>
      </trkpt>
      <trkpt lat="31.40731313265860080718994140625" lon="119.4983488507568836212158203125">
        <ele>6.19999980926513671875</ele>
        <time>2026-05-28T23:27:37.000Z</time>
        <extensions>
          <ns3:TrackPointExtension>
            <ns3:hr>143</ns3:hr>
          </ns3:TrackPointExtension>
        </extensions>
      </trkpt>
      <trkpt lat="31.4073182456195354461669921875" lon="119.49830970726907253265380859375">
        <ele>6.400000095367431640625</ele>
        <time>2026-05-28T23:27:38.000Z</time>
        <extensions>
          <ns3:TrackPointExtension>
            <ns3:hr>143</ns3:hr>
          </ns3:TrackPointExtension>
        </extensions>
      </trkpt>
      <trkpt lat="31.40732201747596263885498046875" lon="119.49827131815254688262939453125">
        <ele>6.400000095367431640625</ele>
        <time>2026-05-28T23:27:39.000Z</time>
        <extensions>
          <ns3:TrackPointExtension/>
        </extensions>
      </trkpt>
      <trkpt lat="31.4073251187801361083984375" lon="119.4982345215976238250732421875">
        <ele>6.400000095367431640625</ele>
        <time>2026-05-28T23:27:40.000Z</time>
        <extensions>
          <ns3:TrackPointExtension/>
        </extensions>
      </trkpt>
      <trkpt lat="31.40732872299849987030029296875" lon="119.49819889850914478302001953125">
        <ele>6.400000095367431640625</ele>
        <time>2026-05-28T23:27:41.000Z</time>
        <extensions>
          <ns3:TrackPointExtension/>
        </extensions>
      </trkpt>
      <trkpt lat="31.4073333330452442169189453125" lon="119.49816235341131687164306640625">
        <ele>6.19999980926513671875</ele>
        <time>2026-05-28T23:27:42.000Z</time>
        <extensions>
          <ns3:TrackPointExtension/>
        </extensions>
      </trkpt>
      <trkpt lat="31.40733894892036914825439453125" lon="119.49812329374253749847412109375">
        <ele>6</ele>
        <time>2026-05-28T23:27:43.000Z</time>
        <extensions>
          <ns3:TrackPointExtension/>
        </extensions>
      </trkpt>
      <trkpt lat="31.40734531916677951812744140625" lon="119.4980831444263458251953125">
        <ele>5.80000019073486328125</ele>
        <time>2026-05-28T23:27:44.000Z</time>
        <extensions>
          <ns3:TrackPointExtension>
            <ns3:hr>150</ns3:hr>
          </ns3:TrackPointExtension>
        </extensions>
      </trkpt>
      <trkpt lat="31.407352276146411895751953125" lon="119.498043246567249298095703125">
        <ele>5.599999904632568359375</ele>
        <time>2026-05-28T23:27:45.000Z</time>
        <extensions>
          <ns3:TrackPointExtension>
            <ns3:hr>150</ns3:hr>
          </ns3:TrackPointExtension>
        </extensions>
      </trkpt>
      <trkpt lat="31.4073594845831394195556640625" lon="119.49800259433686733245849609375">
        <ele>5.599999904632568359375</ele>
        <time>2026-05-28T23:27:46.000Z</time>
        <extensions>
          <ns3:TrackPointExtension/>
        </extensions>
      </trkpt>
      <trkpt lat="31.40736644156277179718017578125" lon="119.497961103916168212890625">
        <ele>5.599999904632568359375</ele>
        <time>2026-05-28T23:27:47.000Z</time>
        <extensions>
          <ns3:TrackPointExtension/>
        </extensions>
      </trkpt>
      <trkpt lat="31.40737272799015045166015625" lon="119.4979196973145008087158203125">
        <ele>5.599999904632568359375</ele>
        <time>2026-05-28T23:27:48.000Z</time>
        <extensions>
          <ns3:TrackPointExtension/>
        </extensions>
      </trkpt>
      <trkpt lat="31.40737767331302165985107421875" lon="119.4978787936270236968994140625">
        <ele>5.400000095367431640625</ele>
        <time>2026-05-28T23:27:49.000Z</time>
        <extensions>
          <ns3:TrackPointExtension/>
        </extensions>
      </trkpt>
      <trkpt lat="31.40738119371235370635986328125" lon="119.49783973395824432373046875">
        <ele>5.19999980926513671875</ele>
        <time>2026-05-28T23:27:50.000Z</time>
        <extensions>
          <ns3:TrackPointExtension/>
        </extensions>
      </trkpt>
      <trkpt lat="31.407382786273956298828125" lon="119.4978033564984798431396484375">
        <ele>5</ele>
        <time>2026-05-28T23:27:51.000Z</time>
        <extensions>
          <ns3:TrackPointExtension>
            <ns3:hr>156</ns3:hr>
          </ns3:TrackPointExtension>
        </extensions>
      </trkpt>
      <trkpt lat="31.4073841273784637451171875" lon="119.49776823632419109344482421875">
        <ele>5</ele>
        <time>2026-05-28T23:27:52.000Z</time>
        <extensions>
          <ns3:TrackPointExtension>
            <ns3:hr>156</ns3:hr>
          </ns3:TrackPointExtension>
        </extensions>
      </trkpt>
      <trkpt lat="31.40738706104457378387451171875" lon="119.497733451426029205322265625">
        <ele>5.400000095367431640625</ele>
        <time>2026-05-28T23:27:53.000Z</time>
        <extensions>
          <ns3:TrackPointExtension/>
        </extensions>
      </trkpt>
      <trkpt lat="31.40739175491034984588623046875" lon="119.49769732542335987091064453125">
        <ele>5.599999904632568359375</ele>
        <time>2026-05-28T23:27:54.000Z</time>
        <extensions>
          <ns3:TrackPointExtension/>
        </extensions>
      </trkpt>
      <trkpt lat="31.40739795751869678497314453125" lon="119.4976588524878025054931640625">
        <ele>5.80000019073486328125</ele>
        <time>2026-05-28T23:27:55.000Z</time>
        <extensions>
          <ns3:TrackPointExtension>
            <ns3:hr>158</ns3:hr>
          </ns3:TrackPointExtension>
        </extensions>
      </trkpt>
      <trkpt lat="31.40740483067929744720458984375" lon="119.4976182840764522552490234375">
        <ele>5.80000019073486328125</ele>
        <time>2026-05-28T23:27:56.000Z</time>
        <extensions>
          <ns3:TrackPointExtension>
            <ns3:hr>158</ns3:hr>
          </ns3:TrackPointExtension>
        </extensions>
      </trkpt>
      <trkpt lat="31.40741203911602497100830078125" lon="119.49757796712219715118408203125">
        <ele>6</ele>
        <time>2026-05-28T23:27:57.000Z</time>
        <extensions>
          <ns3:TrackPointExtension/>
        </extensions>
      </trkpt>
      <trkpt lat="31.40741941519081592559814453125" lon="119.497537314891815185546875">
        <ele>6</ele>
        <time>2026-05-28T23:27:58.000Z</time>
        <extensions>
          <ns3:TrackPointExtension>
            <ns3:hr>160</ns3:hr>
          </ns3:TrackPointExtension>
        </extensions>
      </trkpt>
      <trkpt lat="31.40742595307528972625732421875" lon="119.497494734823703765869140625">
        <ele>6.19999980926513671875</ele>
        <time>2026-05-28T23:27:59.000Z</time>
        <extensions>
          <ns3:TrackPointExtension>
            <ns3:hr>160</ns3:hr>
          </ns3:TrackPointExtension>
        </extensions>
      </trkpt>
      <trkpt lat="31.4074308983981609344482421875" lon="119.49745056219398975372314453125">
        <ele>6.19999980926513671875</ele>
        <time>2026-05-28T23:28:00.000Z</time>
        <extensions>
          <ns3:TrackPointExtension/>
        </extensions>
      </trkpt>
      <trkpt lat="31.40743399970233440399169921875" lon="119.49740764684975147247314453125">
        <ele>6.599999904632568359375</ele>
        <time>2026-05-28T23:28:01.000Z</time>
        <extensions>
          <ns3:TrackPointExtension/>
        </extensions>
      </trkpt>
      <trkpt lat="31.40743534080684185028076171875" lon="119.4973678328096866607666015625">
        <ele>6.80000019073486328125</ele>
        <time>2026-05-28T23:28:02.000Z</time>
        <extensions>
          <ns3:TrackPointExtension/>
        </extensions>
      </trkpt>
      <trkpt lat="31.40743634663522243499755859375" lon="119.49733053334057331085205078125">
        <ele>7</ele>
        <time>2026-05-28T23:28:03.000Z</time>
        <extensions>
          <ns3:TrackPointExtension>
            <ns3:hr>160</ns3:hr>
          </ns3:TrackPointExtension>
        </extensions>
      </trkpt>
      <trkpt lat="31.40743785537779331207275390625" lon="119.49729390442371368408203125">
        <ele>7.400000095367431640625</ele>
        <time>2026-05-28T23:28:04.000Z</time>
        <extensions>
          <ns3:TrackPointExtension>
            <ns3:hr>160</ns3:hr>
          </ns3:TrackPointExtension>
        </extensions>
      </trkpt>
      <trkpt lat="31.40744020231068134307861328125" lon="119.4972551800310611724853515625">
        <ele>7.599999904632568359375</ele>
        <time>2026-05-28T23:28:05.000Z</time>
        <extensions>
          <ns3:TrackPointExtension/>
        </extensions>
      </trkpt>
      <trkpt lat="31.4074429683387279510498046875" lon="119.49721285142004489898681640625">
        <ele>7.80000019073486328125</ele>
        <time>2026-05-28T23:28:06.000Z</time>
        <extensions>
          <ns3:TrackPointExtension/>
        </extensions>
      </trkpt>
      <trkpt lat="31.407445482909679412841796875" lon="119.49716893024742603302001953125">
        <ele>7.80000019073486328125</ele>
        <time>2026-05-28T23:28:07.000Z</time>
        <extensions>
          <ns3:TrackPointExtension/>
        </extensions>
      </trkpt>
      <trkpt lat="31.4074490033090114593505859375" lon="119.49712718836963176727294921875">
        <ele>8</ele>
        <time>2026-05-28T23:28:08.000Z</time>
        <extensions>
          <ns3:TrackPointExtension/>
        </extensions>
      </trkpt>
      <trkpt lat="31.4074547030031681060791015625" lon="119.49709014035761356353759765625">
        <ele>8</ele>
        <time>2026-05-28T23:28:09.000Z</time>
        <extensions>
          <ns3:TrackPointExtension/>
        </extensions>
      </trkpt>
      <trkpt lat="31.40746233053505420684814453125" lon="119.4970571994781494140625">
        <ele>8</ele>
        <time>2026-05-28T23:28:10.000Z</time>
        <extensions>
          <ns3:TrackPointExtension/>
        </extensions>
      </trkpt>
      <trkpt lat="31.40746937133371829986572265625" lon="119.497028030455112457275390625">
        <ele>8</ele>
        <time>2026-05-28T23:28:11.000Z</time>
        <extensions>
          <ns3:TrackPointExtension>
            <ns3:hr>164</ns3:hr>
          </ns3:TrackPointExtension>
        </extensions>
      </trkpt>
      <trkpt lat="31.407473646104335784912109375" lon="119.49700380675494670867919921875">
        <ele>8</ele>
        <time>2026-05-28T23:28:12.000Z</time>
        <extensions>
          <ns3:TrackPointExtension>
            <ns3:hr>164</ns3:hr>
          </ns3:TrackPointExtension>
        </extensions>
      </trkpt>
      <trkpt lat="31.40747507102787494659423828125" lon="119.4969866238534450531005859375">
        <ele>8</ele>
        <time>2026-05-28T23:28:13.000Z</time>
        <extensions>
          <ns3:TrackPointExtension/>
        </extensions>
      </trkpt>
      <trkpt lat="31.40747456811368465423583984375" lon="119.49697882868349552154541015625">
        <ele>8</ele>
        <time>2026-05-28T23:28:14.000Z</time>
        <extensions>
          <ns3:TrackPointExtension/>
        </extensions>
      </trkpt>
      <trkpt lat="31.4074734784662723541259765625" lon="119.4969782419502735137939453125">
        <ele>8</ele>
        <time>2026-05-28T23:28:15.000Z</time>
        <extensions>
          <ns3:TrackPointExtension/>
        </extensions>
      </trkpt>
      <trkpt lat="31.4074724726378917694091796875" lon="119.49698067270219326019287109375">
        <ele>8</ele>
        <time>2026-05-28T23:28:16.000Z</time>
        <extensions>
          <ns3:TrackPointExtension>
            <ns3:hr>164</ns3:hr>
          </ns3:TrackPointExtension>
        </extensions>
      </trkpt>
      <trkpt lat="31.4074711315333843231201171875" lon="119.49698385782539844512939453125">
        <ele>8</ele>
        <time>2026-05-28T23:28:17.000Z</time>
        <extensions>
          <ns3:TrackPointExtension>
            <ns3:hr>164</ns3:hr>
          </ns3:TrackPointExtension>
        </extensions>
      </trkpt>
      <trkpt lat="31.40746970660984516143798828125" lon="119.49698721058666706085205078125">
        <ele>8</ele>
        <time>2026-05-28T23:28:18.000Z</time>
        <extensions>
          <ns3:TrackPointExtension>
            <ns3:hr>164</ns3:hr>
          </ns3:TrackPointExtension>
        </extensions>
      </trkpt>
      <trkpt lat="31.4074687846004962921142578125" lon="119.49698989279568195343017578125">
        <ele>8</ele>
        <time>2026-05-28T23:28:19.000Z</time>
        <extensions>
          <ns3:TrackPointExtension/>
        </extensions>
      </trkpt>
      <trkpt lat="31.40746836550533771514892578125" lon="119.49699190445244312286376953125">
        <ele>8</ele>
        <time>2026-05-28T23:28:20.000Z</time>
        <extensions>
          <ns3:TrackPointExtension/>
        </extensions>
      </trkpt>
      <trkpt lat="31.40746786259114742279052734375" lon="119.49699341319501399993896484375">
        <ele>8</ele>
        <time>2026-05-28T23:28:21.000Z</time>
        <extensions>
          <ns3:TrackPointExtension/>
        </extensions>
      </trkpt>
      <trkpt lat="31.4074672758579254150390625" lon="119.49699483811855316162109375">
        <ele>8</ele>
        <time>2026-05-28T23:28:22.000Z</time>
        <extensions>
          <ns3:TrackPointExtension/>
        </extensions>
      </trkpt>
      <trkpt lat="31.407466940581798553466796875" lon="119.49699609540402889251708984375">
        <ele>8</ele>
        <time>2026-05-28T23:28:23.000Z</time>
        <extensions>
          <ns3:TrackPointExtension>
            <ns3:hr>161</ns3:hr>
          </ns3:TrackPointExtension>
        </extensions>
      </trkpt>
      <trkpt lat="31.40746668912470340728759765625" lon="119.4969973526895046234130859375">
        <ele>8</ele>
        <time>2026-05-28T23:28:24.000Z</time>
        <extensions>
          <ns3:TrackPointExtension>
            <ns3:hr>161</ns3:hr>
          </ns3:TrackPointExtension>
        </extensions>
      </trkpt>
      <trkpt lat="31.4074661023914813995361328125" lon="119.49699819087982177734375">
        <ele>8</ele>
        <time>2026-05-28T23:28:25.000Z</time>
        <extensions>
          <ns3:TrackPointExtension/>
        </extensions>
      </trkpt>
      <trkpt lat="31.4074654318392276763916015625" lon="119.49699894525110721588134765625">
        <ele>8</ele>
        <time>2026-05-28T23:28:26.000Z</time>
        <extensions>
          <ns3:TrackPointExtension/>
        </extensions>
      </trkpt>
      <trkpt lat="31.40746501274406909942626953125" lon="119.496999867260456085205078125">
        <ele>8</ele>
        <time>2026-05-28T23:28:27.000Z</time>
        <extensions>
          <ns3:TrackPointExtension/>
        </extensions>
      </trkpt>
      <trkpt lat="31.40746484510600566864013671875" lon="119.49700045399367809295654296875">
        <ele>8</ele>
        <time>2026-05-28T23:28:28.000Z</time>
        <extensions>
          <ns3:TrackPointExtension>
            <ns3:hr>159</ns3:hr>
          </ns3:TrackPointExtension>
        </extensions>
      </trkpt>
      <trkpt lat="31.4074645936489105224609375" lon="119.49700095690786838531494140625">
        <ele>8</ele>
        <time>2026-05-28T23:28:29.000Z</time>
        <extensions>
          <ns3:TrackPointExtension>
            <ns3:hr>159</ns3:hr>
          </ns3:TrackPointExtension>
        </extensions>
      </trkpt>
      <trkpt lat="31.4074644260108470916748046875" lon="119.4970013760030269622802734375">
        <ele>8</ele>
        <time>2026-05-28T23:28:30.000Z</time>
        <extensions>
          <ns3:TrackPointExtension/>
        </extensions>
      </trkpt>
      <trkpt lat="31.407464258372783660888671875" lon="119.4970017112791538238525390625">
        <ele>8</ele>
        <time>2026-05-28T23:28:31.000Z</time>
        <extensions>
          <ns3:TrackPointExtension/>
        </extensions>
      </trkpt>
      <trkpt lat="31.40746400691568851470947265625" lon="119.49700196273624897003173828125">
        <ele>8</ele>
        <time>2026-05-28T23:28:32.000Z</time>
        <extensions>
          <ns3:TrackPointExtension/>
        </extensions>
      </trkpt>
      <trkpt lat="31.4074637554585933685302734375" lon="119.4970022141933441162109375">
        <ele>8</ele>
        <time>2026-05-28T23:28:33.000Z</time>
        <extensions>
          <ns3:TrackPointExtension>
            <ns3:hr>158</ns3:hr>
          </ns3:TrackPointExtension>
        </extensions>
      </trkpt>
      <trkpt lat="31.4074634201824665069580078125" lon="119.49700263328850269317626953125">
        <ele>8</ele>
        <time>2026-05-28T23:28:34.000Z</time>
        <extensions>
          <ns3:TrackPointExtension>
            <ns3:hr>158</ns3:hr>
          </ns3:TrackPointExtension>
        </extensions>
      </trkpt>
      <trkpt lat="31.40746300108730792999267578125" lon="119.49700288474559783935546875">
        <ele>8</ele>
        <time>2026-05-28T23:28:35.000Z</time>
        <extensions>
          <ns3:TrackPointExtension/>
        </extensions>
      </trkpt>
      <trkpt lat="31.40746249817311763763427734375" lon="119.49700313620269298553466796875">
        <ele>8</ele>
        <time>2026-05-28T23:28:36.000Z</time>
        <extensions>
          <ns3:TrackPointExtension/>
        </extensions>
      </trkpt>
      <trkpt lat="31.4074620790779590606689453125" lon="119.49700330384075641632080078125">
        <ele>8</ele>
        <time>2026-05-28T23:28:37.000Z</time>
        <extensions>
          <ns3:TrackPointExtension/>
        </extensions>
      </trkpt>
      <trkpt lat="31.4074617438018321990966796875" lon="119.4970033876597881317138671875">
        <ele>8</ele>
        <time>2026-05-28T23:28:38.000Z</time>
        <extensions>
          <ns3:TrackPointExtension/>
        </extensions>
      </trkpt>
      <trkpt lat="31.4074614085257053375244140625" lon="119.4970033876597881317138671875">
        <ele>8</ele>
        <time>2026-05-28T23:28:39.000Z</time>
        <extensions>
          <ns3:TrackPointExtension/>
        </extensions>
      </trkpt>
      <trkpt lat="31.40746124088764190673828125" lon="119.4970033876597881317138671875">
        <ele>8</ele>
        <time>2026-05-28T23:28:40.000Z</time>
        <extensions>
          <ns3:TrackPointExtension/>
        </extensions>
      </trkpt>
      <trkpt lat="31.4074610732495784759521484375" lon="119.497003220021724700927734375">
        <ele>8</ele>
        <time>2026-05-28T23:28:41.000Z</time>
        <extensions>
          <ns3:TrackPointExtension>
            <ns3:hr>160</ns3:hr>
          </ns3:TrackPointExtension>
        </extensions>
      </trkpt>
      <trkpt lat="31.40746098943054676055908203125" lon="119.49700313620269298553466796875">
        <ele>8</ele>
        <time>2026-05-28T23:28:42.000Z</time>
        <extensions>
          <ns3:TrackPointExtension>
            <ns3:hr>160</ns3:hr>
          </ns3:TrackPointExtension>
        </extensions>
      </trkpt>
      <trkpt lat="31.4074610732495784759521484375" lon="119.49700296856462955474853515625">
        <ele>8</ele>
        <time>2026-05-28T23:28:43.000Z</time>
        <extensions>
          <ns3:TrackPointExtension/>
        </extensions>
      </trkpt>
      <trkpt lat="31.40746124088764190673828125" lon="119.4970027171075344085693359375">
        <ele>8</ele>
        <time>2026-05-28T23:28:44.000Z</time>
        <extensions>
          <ns3:TrackPointExtension/>
        </extensions>
      </trkpt>
      <trkpt lat="31.40746149234473705291748046875" lon="119.4970023818314075469970703125">
        <ele>8</ele>
        <time>2026-05-28T23:28:45.000Z</time>
        <extensions>
          <ns3:TrackPointExtension/>
        </extensions>
      </trkpt>
      <trkpt lat="31.40746182762086391448974609375" lon="119.497001878917217254638671875">
        <ele>8</ele>
        <time>2026-05-28T23:28:46.000Z</time>
        <extensions>
          <ns3:TrackPointExtension>
            <ns3:hr>158</ns3:hr>
          </ns3:TrackPointExtension>
        </extensions>
      </trkpt>
      <trkpt lat="31.407462246716022491455078125" lon="119.497001208364963531494140625">
        <ele>8</ele>
        <time>2026-05-28T23:28:47.000Z</time>
        <extensions>
          <ns3:TrackPointExtension>
            <ns3:hr>158</ns3:hr>
          </ns3:TrackPointExtension>
        </extensions>
      </trkpt>
      <trkpt lat="31.40746283344924449920654296875" lon="119.49700045399367809295654296875">
        <ele>8</ele>
        <time>2026-05-28T23:28:48.000Z</time>
        <extensions>
          <ns3:TrackPointExtension/>
        </extensions>
      </trkpt>
      <trkpt lat="31.4074637554585933685302734375" lon="119.4969996996223926544189453125">
        <ele>8</ele>
        <time>2026-05-28T23:28:49.000Z</time>
        <extensions>
          <ns3:TrackPointExtension/>
        </extensions>
      </trkpt>
      <trkpt lat="31.407464928925037384033203125" lon="119.49699894525110721588134765625">
        <ele>8</ele>
        <time>2026-05-28T23:28:50.000Z</time>
        <extensions>
          <ns3:TrackPointExtension>
            <ns3:hr>156</ns3:hr>
          </ns3:TrackPointExtension>
        </extensions>
      </trkpt>
      <trkpt lat="31.4074661023914813995361328125" lon="119.49699810706079006195068359375">
        <ele>8</ele>
        <time>2026-05-28T23:28:51.000Z</time>
        <extensions>
          <ns3:TrackPointExtension>
            <ns3:hr>156</ns3:hr>
          </ns3:TrackPointExtension>
        </extensions>
      </trkpt>
      <trkpt lat="31.40746735967695713043212890625" lon="119.4969973526895046234130859375">
        <ele>8</ele>
        <time>2026-05-28T23:28:52.000Z</time>
        <extensions>
          <ns3:TrackPointExtension/>
        </extensions>
      </trkpt>
      <trkpt lat="31.407468616962432861328125" lon="119.4969966821372509002685546875">
        <ele>8</ele>
        <time>2026-05-28T23:28:53.000Z</time>
        <extensions>
          <ns3:TrackPointExtension/>
        </extensions>
      </trkpt>
      <trkpt lat="31.4074697904288768768310546875" lon="119.4969960115849971771240234375">
        <ele>8</ele>
        <time>2026-05-28T23:28:54.000Z</time>
        <extensions>
          <ns3:TrackPointExtension/>
        </extensions>
      </trkpt>
      <trkpt lat="31.40747088007628917694091796875" lon="119.496995508670806884765625">
        <ele>8</ele>
        <time>2026-05-28T23:28:55.000Z</time>
        <extensions>
          <ns3:TrackPointExtension>
            <ns3:hr>153</ns3:hr>
          </ns3:TrackPointExtension>
        </extensions>
      </trkpt>
      <trkpt lat="31.40747196972370147705078125" lon="119.49699508957564830780029296875">
        <ele>8</ele>
        <time>2026-05-28T23:28:56.000Z</time>
        <extensions>
          <ns3:TrackPointExtension>
            <ns3:hr>153</ns3:hr>
          </ns3:TrackPointExtension>
        </extensions>
      </trkpt>
      <trkpt lat="31.4074728079140186309814453125" lon="119.49699475429952144622802734375">
        <ele>8</ele>
        <time>2026-05-28T23:28:57.000Z</time>
        <extensions>
          <ns3:TrackPointExtension/>
        </extensions>
      </trkpt>
      <trkpt lat="31.407473646104335784912109375" lon="119.49699441902339458465576171875">
        <ele>8</ele>
        <time>2026-05-28T23:28:58.000Z</time>
        <extensions>
          <ns3:TrackPointExtension>
            <ns3:hr>149</ns3:hr>
          </ns3:TrackPointExtension>
        </extensions>
      </trkpt>
      <trkpt lat="31.4074744842946529388427734375" lon="119.49699408374726772308349609375">
        <ele>8</ele>
        <time>2026-05-28T23:28:59.000Z</time>
        <extensions>
          <ns3:TrackPointExtension>
            <ns3:hr>149</ns3:hr>
          </ns3:TrackPointExtension>
        </extensions>
      </trkpt>
      <trkpt lat="31.4074753224849700927734375" lon="119.49699358083307743072509765625">
        <ele>8</ele>
        <time>2026-05-28T23:29:00.000Z</time>
        <extensions>
          <ns3:TrackPointExtension/>
        </extensions>
      </trkpt>
      <trkpt lat="31.40747607685625553131103515625" lon="119.49699291028082370758056640625">
        <ele>8</ele>
        <time>2026-05-28T23:29:01.000Z</time>
        <extensions>
          <ns3:TrackPointExtension/>
        </extensions>
      </trkpt>
      <trkpt lat="31.40747691504657268524169921875" lon="119.49699190445244312286376953125">
        <ele>8</ele>
        <time>2026-05-28T23:29:02.000Z</time>
        <extensions>
          <ns3:TrackPointExtension/>
        </extensions>
      </trkpt>
      <trkpt lat="31.4074778370559215545654296875" lon="119.49699039570987224578857421875">
        <ele>8</ele>
        <time>2026-05-28T23:29:03.000Z</time>
        <extensions>
          <ns3:TrackPointExtension/>
        </extensions>
      </trkpt>
      <trkpt lat="31.407479010522365570068359375" lon="119.49698754586279392242431640625">
        <ele>8</ele>
        <time>2026-05-28T23:29:04.000Z</time>
        <extensions>
          <ns3:TrackPointExtension/>
        </extensions>
      </trkpt>
      <trkpt lat="31.40748060308396816253662109375" lon="119.49698268435895442962646484375">
        <ele>8</ele>
        <time>2026-05-28T23:29:05.000Z</time>
        <extensions>
          <ns3:TrackPointExtension/>
        </extensions>
      </trkpt>
      <trkpt lat="31.4074825309216976165771484375" lon="119.49697463773190975189208984375">
        <ele>8</ele>
        <time>2026-05-28T23:29:06.000Z</time>
        <extensions>
          <ns3:TrackPointExtension>
            <ns3:hr>141</ns3:hr>
          </ns3:TrackPointExtension>
        </extensions>
      </trkpt>
      <trkpt lat="31.40748496167361736297607421875" lon="119.4969619810581207275390625">
        <ele>8</ele>
        <time>2026-05-28T23:29:07.000Z</time>
        <extensions>
          <ns3:TrackPointExtension>
            <ns3:hr>141</ns3:hr>
          </ns3:TrackPointExtension>
        </extensions>
      </trkpt>
      <trkpt lat="31.40748764388263225555419921875" lon="119.4969432055950164794921875">
        <ele>7.80000019073486328125</ele>
        <time>2026-05-28T23:29:08.000Z</time>
        <extensions>
          <ns3:TrackPointExtension>
            <ns3:hr>140</ns3:hr>
          </ns3:TrackPointExtension>
        </extensions>
      </trkpt>
      <trkpt lat="31.40749032609164714813232421875" lon="119.49691814370453357696533203125">
        <ele>7.599999904632568359375</ele>
        <time>2026-05-28T23:29:09.000Z</time>
        <extensions>
          <ns3:TrackPointExtension/>
        </extensions>
      </trkpt>
      <trkpt lat="31.40749267302453517913818359375" lon="119.49688897468149662017822265625">
        <ele>7.19999980926513671875</ele>
        <time>2026-05-28T23:29:10.000Z</time>
        <extensions>
          <ns3:TrackPointExtension/>
        </extensions>
      </trkpt>
      <trkpt lat="31.40749401412904262542724609375" lon="119.49685729108750820159912109375">
        <ele>7</ele>
        <time>2026-05-28T23:29:11.000Z</time>
        <extensions>
          <ns3:TrackPointExtension/>
        </extensions>
      </trkpt>
      <trkpt lat="31.40749451704323291778564453125" lon="119.49682451784610748291015625">
        <ele>6.599999904632568359375</ele>
        <time>2026-05-28T23:29:12.000Z</time>
        <extensions>
          <ns3:TrackPointExtension/>
        </extensions>
      </trkpt>
      <trkpt lat="31.407495439052581787109375" lon="119.496790654957294464111328125">
        <ele>6.19999980926513671875</ele>
        <time>2026-05-28T23:29:13.000Z</time>
        <extensions>
          <ns3:TrackPointExtension>
            <ns3:hr>138</ns3:hr>
          </ns3:TrackPointExtension>
        </extensions>
      </trkpt>
      <trkpt lat="31.40749753452837467193603515625" lon="119.49675402604043483734130859375">
        <ele>5.80000019073486328125</ele>
        <time>2026-05-28T23:29:14.000Z</time>
        <extensions>
          <ns3:TrackPointExtension>
            <ns3:hr>138</ns3:hr>
          </ns3:TrackPointExtension>
        </extensions>
      </trkpt>
      <trkpt lat="31.407501809298992156982421875" lon="119.496715553104877471923828125">
        <ele>5.400000095367431640625</ele>
        <time>2026-05-28T23:29:15.000Z</time>
        <extensions>
          <ns3:TrackPointExtension/>
        </extensions>
      </trkpt>
      <trkpt lat="31.40750817954540252685546875" lon="119.496676661074161529541015625">
        <ele>4.80000019073486328125</ele>
        <time>2026-05-28T23:29:16.000Z</time>
        <extensions>
          <ns3:TrackPointExtension/>
        </extensions>
      </trkpt>
      <trkpt lat="31.4075160585343837738037109375" lon="119.49663718231022357940673828125">
        <ele>4.400000095367431640625</ele>
        <time>2026-05-28T23:29:17.000Z</time>
        <extensions>
          <ns3:TrackPointExtension/>
        </extensions>
      </trkpt>
      <trkpt lat="31.4075234346091747283935546875" lon="119.496598206460475921630859375">
        <ele>4</ele>
        <time>2026-05-28T23:29:18.000Z</time>
        <extensions>
          <ns3:TrackPointExtension>
            <ns3:hr>133</ns3:hr>
          </ns3:TrackPointExtension>
        </extensions>
      </trkpt>
      <trkpt lat="31.4075294695794582366943359375" lon="119.49656191281974315643310546875">
        <ele>3.400000095367431640625</ele>
        <time>2026-05-28T23:29:19.000Z</time>
        <extensions>
          <ns3:TrackPointExtension>
            <ns3:hr>133</ns3:hr>
          </ns3:TrackPointExtension>
        </extensions>
      </trkpt>
      <trkpt lat="31.4075338281691074371337890625" lon="119.496528804302215576171875">
        <ele>3</ele>
        <time>2026-05-28T23:29:20.000Z</time>
        <extensions>
          <ns3:TrackPointExtension/>
        </extensions>
      </trkpt>
      <trkpt lat="31.40753692947328090667724609375" lon="119.4964964501559734344482421875">
        <ele>2.7999999523162841796875</ele>
        <time>2026-05-28T23:29:21.000Z</time>
        <extensions>
          <ns3:TrackPointExtension/>
        </extensions>
      </trkpt>
      <trkpt lat="31.4075408689677715301513671875" lon="119.496461413800716400146484375">
        <ele>2.400000095367431640625</ele>
        <time>2026-05-28T23:29:22.000Z</time>
        <extensions>
          <ns3:TrackPointExtension/>
        </extensions>
      </trkpt>
      <trkpt lat="31.40754648484289646148681640625" lon="119.496422521770000457763671875">
        <ele>2</ele>
        <time>2026-05-28T23:29:23.000Z</time>
        <extensions>
          <ns3:TrackPointExtension/>
        </extensions>
      </trkpt>
      <trkpt lat="31.407552771270275115966796875" lon="119.49638203717768192291259765625">
        <ele>1.7999999523162841796875</ele>
        <time>2026-05-28T23:29:24.000Z</time>
        <extensions>
          <ns3:TrackPointExtension>
            <ns3:hr>133</ns3:hr>
          </ns3:TrackPointExtension>
        </extensions>
      </trkpt>
      <trkpt lat="31.40755889005959033966064453125" lon="119.4963412173092365264892578125">
        <ele>1.60000002384185791015625</ele>
        <time>2026-05-28T23:29:25.000Z</time>
        <extensions>
          <ns3:TrackPointExtension>
            <ns3:hr>133</ns3:hr>
          </ns3:TrackPointExtension>
        </extensions>
      </trkpt>
      <trkpt lat="31.40756408683955669403076171875" lon="119.49630039744079113006591796875">
        <ele>1.60000002384185791015625</ele>
        <time>2026-05-28T23:29:26.000Z</time>
        <extensions>
          <ns3:TrackPointExtension/>
        </extensions>
      </trkpt>
      <trkpt lat="31.40756861306726932525634765625" lon="119.4962587393820285797119140625">
        <ele>1.60000002384185791015625</ele>
        <time>2026-05-28T23:29:27.000Z</time>
        <extensions>
          <ns3:TrackPointExtension/>
        </extensions>
      </trkpt>
      <trkpt lat="31.4075727201998233795166015625" lon="119.496215991675853729248046875">
        <ele>1.60000002384185791015625</ele>
        <time>2026-05-28T23:29:28.000Z</time>
        <extensions>
          <ns3:TrackPointExtension/>
        </extensions>
      </trkpt>
      <trkpt lat="31.40757582150399684906005859375" lon="119.49617542326450347900390625">
        <ele>1.7999999523162841796875</ele>
        <time>2026-05-28T23:29:29.000Z</time>
        <extensions>
          <ns3:TrackPointExtension/>
        </extensions>
      </trkpt>
      <trkpt lat="31.4075767435133457183837890625" lon="119.49613921344280242919921875">
        <ele>1.7999999523162841796875</ele>
        <time>2026-05-28T23:29:30.000Z</time>
        <extensions>
          <ns3:TrackPointExtension/>
        </extensions>
      </trkpt>
      <trkpt lat="31.4075743965804576873779296875" lon="119.49610861949622631072998046875">
        <ele>2</ele>
        <time>2026-05-28T23:29:31.000Z</time>
        <extensions>
          <ns3:TrackPointExtension>
            <ns3:hr>140</ns3:hr>
          </ns3:TrackPointExtension>
        </extensions>
      </trkpt>
      <trkpt lat="31.407569535076618194580078125" lon="119.4960850663483142852783203125">
        <ele>2</ele>
        <time>2026-05-28T23:29:32.000Z</time>
        <extensions>
          <ns3:TrackPointExtension>
            <ns3:hr>140</ns3:hr>
          </ns3:TrackPointExtension>
        </extensions>
      </trkpt>
      <trkpt lat="31.40756450593471527099609375" lon="119.49606805108487606048583984375">
        <ele>2.2000000476837158203125</ele>
        <time>2026-05-28T23:29:33.000Z</time>
        <extensions>
          <ns3:TrackPointExtension>
            <ns3:hr>142</ns3:hr>
          </ns3:TrackPointExtension>
        </extensions>
      </trkpt>
      <trkpt lat="31.4075619913637638092041015625" lon="119.49605681933462619781494140625">
        <ele>2.2000000476837158203125</ele>
        <time>2026-05-28T23:29:34.000Z</time>
        <extensions>
          <ns3:TrackPointExtension>
            <ns3:hr>142</ns3:hr>
          </ns3:TrackPointExtension>
        </extensions>
      </trkpt>
      <trkpt lat="31.40756224282085895538330078125" lon="119.496052376925945281982421875">
        <ele>2.2000000476837158203125</ele>
        <time>2026-05-28T23:29:35.000Z</time>
        <extensions>
          <ns3:TrackPointExtension/>
        </extensions>
      </trkpt>
      <trkpt lat="31.4075636677443981170654296875" lon="119.49605329893529415130615234375">
        <ele>2.2000000476837158203125</ele>
        <time>2026-05-28T23:29:36.000Z</time>
        <extensions>
          <ns3:TrackPointExtension/>
        </extensions>
      </trkpt>
      <trkpt lat="31.40756526030600070953369140625" lon="119.4960562326014041900634765625">
        <ele>2.2000000476837158203125</ele>
        <time>2026-05-28T23:29:37.000Z</time>
        <extensions>
          <ns3:TrackPointExtension/>
        </extensions>
      </trkpt>
      <trkpt lat="31.407566852867603302001953125" lon="119.496059082448482513427734375">
        <ele>2.2000000476837158203125</ele>
        <time>2026-05-28T23:29:38.000Z</time>
        <extensions>
          <ns3:TrackPointExtension>
            <ns3:hr>143</ns3:hr>
          </ns3:TrackPointExtension>
        </extensions>
      </trkpt>
      <trkpt lat="31.407568193972110748291015625" lon="119.49606142938137054443359375">
        <ele>2.2000000476837158203125</ele>
        <time>2026-05-28T23:29:39.000Z</time>
        <extensions>
          <ns3:TrackPointExtension>
            <ns3:hr>143</ns3:hr>
          </ns3:TrackPointExtension>
        </extensions>
      </trkpt>
      <trkpt lat="31.40756911598145961761474609375" lon="119.496063105762004852294921875">
        <ele>2.2000000476837158203125</ele>
        <time>2026-05-28T23:29:40.000Z</time>
        <extensions>
          <ns3:TrackPointExtension/>
        </extensions>
      </trkpt>
      <trkpt lat="31.40756987035274505615234375" lon="119.49606436304748058319091796875">
        <ele>2.2000000476837158203125</ele>
        <time>2026-05-28T23:29:41.000Z</time>
        <extensions>
          <ns3:TrackPointExtension/>
        </extensions>
      </trkpt>
      <trkpt lat="31.40757062472403049468994140625" lon="119.49606545269489288330078125">
        <ele>2.2000000476837158203125</ele>
        <time>2026-05-28T23:29:42.000Z</time>
        <extensions>
          <ns3:TrackPointExtension/>
        </extensions>
      </trkpt>
      <trkpt lat="31.40757121145725250244140625" lon="119.496066458523273468017578125">
        <ele>2.2000000476837158203125</ele>
        <time>2026-05-28T23:29:43.000Z</time>
        <extensions>
          <ns3:TrackPointExtension/>
        </extensions>
      </trkpt>
      <trkpt lat="31.4075717143714427947998046875" lon="119.496067464351654052734375">
        <ele>2.2000000476837158203125</ele>
        <time>2026-05-28T23:29:44.000Z</time>
        <extensions>
          <ns3:TrackPointExtension>
            <ns3:hr>142</ns3:hr>
          </ns3:TrackPointExtension>
        </extensions>
      </trkpt>
      <trkpt lat="31.407572217285633087158203125" lon="119.4960683025419712066650390625">
        <ele>2.2000000476837158203125</ele>
        <time>2026-05-28T23:29:45.000Z</time>
        <extensions>
          <ns3:TrackPointExtension>
            <ns3:hr>142</ns3:hr>
          </ns3:TrackPointExtension>
        </extensions>
      </trkpt>
      <trkpt lat="31.40757280401885509490966796875" lon="119.4960686378180980682373046875">
        <ele>2.2000000476837158203125</ele>
        <time>2026-05-28T23:29:46.000Z</time>
        <extensions>
          <ns3:TrackPointExtension/>
        </extensions>
      </trkpt>
      <trkpt lat="31.4075733907520771026611328125" lon="119.49606838636100292205810546875">
        <ele>2.2000000476837158203125</ele>
        <time>2026-05-28T23:29:47.000Z</time>
        <extensions>
          <ns3:TrackPointExtension/>
        </extensions>
      </trkpt>
      <trkpt lat="31.40757389366626739501953125" lon="119.496067464351654052734375">
        <ele>2.2000000476837158203125</ele>
        <time>2026-05-28T23:29:48.000Z</time>
        <extensions>
          <ns3:TrackPointExtension/>
        </extensions>
      </trkpt>
      <trkpt lat="31.407574228942394256591796875" lon="119.4960659556090831756591796875">
        <ele>2.2000000476837158203125</ele>
        <time>2026-05-28T23:29:49.000Z</time>
        <extensions>
          <ns3:TrackPointExtension/>
        </extensions>
      </trkpt>
      <trkpt lat="31.407574228942394256591796875" lon="119.49606352485716342926025390625">
        <ele>2.2000000476837158203125</ele>
        <time>2026-05-28T23:29:50.000Z</time>
        <extensions>
          <ns3:TrackPointExtension/>
        </extensions>
      </trkpt>
      <trkpt lat="31.4075740613043308258056640625" lon="119.49605883099138736724853515625">
        <ele>2.2000000476837158203125</ele>
        <time>2026-05-28T23:29:51.000Z</time>
        <extensions>
          <ns3:TrackPointExtension>
            <ns3:hr>153</ns3:hr>
          </ns3:TrackPointExtension>
        </extensions>
      </trkpt>
      <trkpt lat="31.40757380984723567962646484375" lon="119.49604961089789867401123046875">
        <ele>2.2000000476837158203125</ele>
        <time>2026-05-28T23:29:52.000Z</time>
        <extensions>
          <ns3:TrackPointExtension>
            <ns3:hr>153</ns3:hr>
          </ns3:TrackPointExtension>
        </extensions>
      </trkpt>
      <trkpt lat="31.4075733907520771026611328125" lon="119.4960310868918895721435546875">
        <ele>2.2000000476837158203125</ele>
        <time>2026-05-28T23:29:53.000Z</time>
        <extensions>
          <ns3:TrackPointExtension>
            <ns3:hr>153</ns3:hr>
          </ns3:TrackPointExtension>
        </extensions>
      </trkpt>
      <trkpt lat="31.40757146291434764862060546875" lon="119.4960029236972332000732421875">
        <ele>2.400000095367431640625</ele>
        <time>2026-05-28T23:29:54.000Z</time>
        <extensions>
          <ns3:TrackPointExtension/>
        </extensions>
      </trkpt>
      <trkpt lat="31.40756660141050815582275390625" lon="119.4959683902561664581298828125">
        <ele>2.599999904632568359375</ele>
        <time>2026-05-28T23:29:55.000Z</time>
        <extensions>
          <ns3:TrackPointExtension/>
        </extensions>
      </trkpt>
      <trkpt lat="31.407558806240558624267578125" lon="119.495932348072528839111328125">
        <ele>2.599999904632568359375</ele>
        <time>2026-05-28T23:29:56.000Z</time>
        <extensions>
          <ns3:TrackPointExtension/>
        </extensions>
      </trkpt>
      <trkpt lat="31.40754841268062591552734375" lon="119.49590007774531841278076171875">
        <ele>2.7999999523162841796875</ele>
        <time>2026-05-28T23:29:57.000Z</time>
        <extensions>
          <ns3:TrackPointExtension>
            <ns3:hr>153</ns3:hr>
          </ns3:TrackPointExtension>
        </extensions>
      </trkpt>
      <trkpt lat="31.4075351692736148834228515625" lon="119.49587509967386722564697265625">
        <ele>3</ele>
        <time>2026-05-28T23:29:58.000Z</time>
        <extensions>
          <ns3:TrackPointExtension>
            <ns3:hr>153</ns3:hr>
          </ns3:TrackPointExtension>
        </extensions>
      </trkpt>
      <trkpt lat="31.407517232000827789306640625" lon="119.49585984461009502410888671875">
        <ele>3</ele>
        <time>2026-05-28T23:29:59.000Z</time>
        <extensions>
          <ns3:TrackPointExtension/>
        </extensions>
      </trkpt>
      <trkpt lat="31.407491751015186309814453125" lon="119.495854564011096954345703125">
        <ele>3</ele>
        <time>2026-05-28T23:30:00.000Z</time>
        <extensions>
          <ns3:TrackPointExtension/>
        </extensions>
      </trkpt>
      <trkpt lat="31.40745998360216617584228515625" lon="119.4958587549626827239990234375">
        <ele>3</ele>
        <time>2026-05-28T23:30:01.000Z</time>
        <extensions>
          <ns3:TrackPointExtension/>
        </extensions>
      </trkpt>
      <trkpt lat="31.40742645598948001861572265625" lon="119.49586939997971057891845703125">
        <ele>2.7999999523162841796875</ele>
        <time>2026-05-28T23:30:02.000Z</time>
        <extensions>
          <ns3:TrackPointExtension/>
        </extensions>
      </trkpt>
      <trkpt lat="31.40739326365292072296142578125" lon="119.49588197283446788787841796875">
        <ele>2.7999999523162841796875</ele>
        <time>2026-05-28T23:30:03.000Z</time>
        <extensions>
          <ns3:TrackPointExtension/>
        </extensions>
      </trkpt>
      <trkpt lat="31.407361663877964019775390625" lon="119.4958929531276226043701171875">
        <ele>2.7999999523162841796875</ele>
        <time>2026-05-28T23:30:04.000Z</time>
        <extensions>
          <ns3:TrackPointExtension>
            <ns3:hr>147</ns3:hr>
          </ns3:TrackPointExtension>
        </extensions>
      </trkpt>
      <trkpt lat="31.40733123756945133209228515625" lon="119.49590141884982585906982421875">
        <ele>2.7999999523162841796875</ele>
        <time>2026-05-28T23:30:05.000Z</time>
        <extensions>
          <ns3:TrackPointExtension>
            <ns3:hr>147</ns3:hr>
          </ns3:TrackPointExtension>
        </extensions>
      </trkpt>
      <trkpt lat="31.4073001407086849212646484375" lon="119.49590762145817279815673828125">
        <ele>2.7999999523162841796875</ele>
        <time>2026-05-28T23:30:06.000Z</time>
        <extensions>
          <ns3:TrackPointExtension/>
        </extensions>
      </trkpt>
      <trkpt lat="31.407267116010189056396484375" lon="119.495911896228790283203125">
        <ele>2.7999999523162841796875</ele>
        <time>2026-05-28T23:30:07.000Z</time>
        <extensions>
          <ns3:TrackPointExtension/>
        </extensions>
      </trkpt>
      <trkpt lat="31.40723283402621746063232421875" lon="119.4959150813519954681396484375">
        <ele>3</ele>
        <time>2026-05-28T23:30:08.000Z</time>
        <extensions>
          <ns3:TrackPointExtension/>
        </extensions>
      </trkpt>
      <trkpt lat="31.40719813294708728790283203125" lon="119.4959177635610103607177734375">
        <ele>3.2000000476837158203125</ele>
        <time>2026-05-28T23:30:09.000Z</time>
        <extensions>
          <ns3:TrackPointExtension/>
        </extensions>
      </trkpt>
      <trkpt lat="31.4071640186011791229248046875" lon="119.4959199428558349609375">
        <ele>3.400000095367431640625</ele>
        <time>2026-05-28T23:30:10.000Z</time>
        <extensions>
          <ns3:TrackPointExtension/>
        </extensions>
      </trkpt>
      <trkpt lat="31.40713091008365154266357421875" lon="119.49592120014131069183349609375">
        <ele>3.599999904632568359375</ele>
        <time>2026-05-28T23:30:11.000Z</time>
        <extensions>
          <ns3:TrackPointExtension>
            <ns3:hr>147</ns3:hr>
          </ns3:TrackPointExtension>
        </extensions>
      </trkpt>
      <trkpt lat="31.40709755010902881622314453125" lon="119.495921619236469268798828125">
        <ele>3.599999904632568359375</ele>
        <time>2026-05-28T23:30:12.000Z</time>
        <extensions>
          <ns3:TrackPointExtension>
            <ns3:hr>147</ns3:hr>
          </ns3:TrackPointExtension>
        </extensions>
      </trkpt>
      <trkpt lat="31.40706284902989864349365234375" lon="119.49592254124581813812255859375">
        <ele>3.7999999523162841796875</ele>
        <time>2026-05-28T23:30:13.000Z</time>
        <extensions>
          <ns3:TrackPointExtension/>
        </extensions>
      </trkpt>
      <trkpt lat="31.40702730976045131683349609375" lon="119.4959244690835475921630859375">
        <ele>4</ele>
        <time>2026-05-28T23:30:14.000Z</time>
        <extensions>
          <ns3:TrackPointExtension>
            <ns3:hr>149</ns3:hr>
          </ns3:TrackPointExtension>
        </extensions>
      </trkpt>
      <trkpt lat="31.40699160285294055938720703125" lon="119.49592622928321361541748046875">
        <ele>4</ele>
        <time>2026-05-28T23:30:15.000Z</time>
        <extensions>
          <ns3:TrackPointExtension>
            <ns3:hr>149</ns3:hr>
          </ns3:TrackPointExtension>
        </extensions>
      </trkpt>
      <trkpt lat="31.4069564826786518096923828125" lon="119.49592689983546733856201171875">
        <ele>4.19999980926513671875</ele>
        <time>2026-05-28T23:30:16.000Z</time>
        <extensions>
          <ns3:TrackPointExtension/>
        </extensions>
      </trkpt>
      <trkpt lat="31.40692253597080707550048828125" lon="119.4959268160164356231689453125">
        <ele>4.400000095367431640625</ele>
        <time>2026-05-28T23:30:17.000Z</time>
        <extensions>
          <ns3:TrackPointExtension/>
        </extensions>
      </trkpt>
      <trkpt lat="31.406888924539089202880859375" lon="119.49592731893062591552734375">
        <ele>4.599999904632568359375</ele>
        <time>2026-05-28T23:30:18.000Z</time>
        <extensions>
          <ns3:TrackPointExtension>
            <ns3:hr>151</ns3:hr>
          </ns3:TrackPointExtension>
        </extensions>
      </trkpt>
      <trkpt lat="31.4068548940122127532958984375" lon="119.495928324759006500244140625">
        <ele>4.80000019073486328125</ele>
        <time>2026-05-28T23:30:19.000Z</time>
        <extensions>
          <ns3:TrackPointExtension>
            <ns3:hr>151</ns3:hr>
          </ns3:TrackPointExtension>
        </extensions>
      </trkpt>
      <trkpt lat="31.4068193547427654266357421875" lon="119.49592958204448223114013671875">
        <ele>5</ele>
        <time>2026-05-28T23:30:20.000Z</time>
        <extensions>
          <ns3:TrackPointExtension/>
        </extensions>
      </trkpt>
      <trkpt lat="31.4067828096449375152587890625" lon="119.49593109078705310821533203125">
        <ele>5.400000095367431640625</ele>
        <time>2026-05-28T23:30:21.000Z</time>
        <extensions>
          <ns3:TrackPointExtension/>
        </extensions>
      </trkpt>
      <trkpt lat="31.40674718655645847320556640625" lon="119.49593402445316314697265625">
        <ele>5.599999904632568359375</ele>
        <time>2026-05-28T23:30:22.000Z</time>
        <extensions>
          <ns3:TrackPointExtension/>
        </extensions>
      </trkpt>
      <trkpt lat="31.40671298839151859283447265625" lon="119.495939724147319793701171875">
        <ele>5.599999904632568359375</ele>
        <time>2026-05-28T23:30:23.000Z</time>
        <extensions>
          <ns3:TrackPointExtension/>
        </extensions>
      </trkpt>
      <trkpt lat="31.4066788740456104278564453125" lon="119.49594751931726932525634765625">
        <ele>5.599999904632568359375</ele>
        <time>2026-05-28T23:30:24.000Z</time>
        <extensions>
          <ns3:TrackPointExtension/>
        </extensions>
      </trkpt>
      <trkpt lat="31.406644172966480255126953125" lon="119.4959566555917263031005859375">
        <ele>5.599999904632568359375</ele>
        <time>2026-05-28T23:30:25.000Z</time>
        <extensions>
          <ns3:TrackPointExtension/>
        </extensions>
      </trkpt>
      <trkpt lat="31.40660963952541351318359375" lon="119.49596679769456386566162109375">
        <ele>5.599999904632568359375</ele>
        <time>2026-05-28T23:30:26.000Z</time>
        <extensions>
          <ns3:TrackPointExtension>
            <ns3:hr>158</ns3:hr>
          </ns3:TrackPointExtension>
        </extensions>
      </trkpt>
      <trkpt lat="31.40657586045563220977783203125" lon="119.4959774427115917205810546875">
        <ele>5.400000095367431640625</ele>
        <time>2026-05-28T23:30:27.000Z</time>
        <extensions>
          <ns3:TrackPointExtension>
            <ns3:hr>158</ns3:hr>
          </ns3:TrackPointExtension>
        </extensions>
      </trkpt>
      <trkpt lat="31.40654199756681919097900390625" lon="119.4959883391857147216796875">
        <ele>5.400000095367431640625</ele>
        <time>2026-05-28T23:30:28.000Z</time>
        <extensions>
          <ns3:TrackPointExtension/>
        </extensions>
      </trkpt>
      <trkpt lat="31.4065070450305938720703125" lon="119.49599915184080600738525390625">
        <ele>5.400000095367431640625</ele>
        <time>2026-05-28T23:30:29.000Z</time>
        <extensions>
          <ns3:TrackPointExtension/>
        </extensions>
      </trkpt>
      <trkpt lat="31.406470499932765960693359375" lon="119.496009461581707000732421875">
        <ele>5.19999980926513671875</ele>
        <time>2026-05-28T23:30:30.000Z</time>
        <extensions>
          <ns3:TrackPointExtension>
            <ns3:hr>161</ns3:hr>
          </ns3:TrackPointExtension>
        </extensions>
      </trkpt>
      <trkpt lat="31.4064319431781768798828125" lon="119.49601910077035427093505859375">
        <ele>5</ele>
        <time>2026-05-28T23:30:31.000Z</time>
        <extensions>
          <ns3:TrackPointExtension>
            <ns3:hr>161</ns3:hr>
          </ns3:TrackPointExtension>
        </extensions>
      </trkpt>
      <trkpt lat="31.40639238059520721435546875" lon="119.49602798558771610260009765625">
        <ele>4.599999904632568359375</ele>
        <time>2026-05-28T23:30:32.000Z</time>
        <extensions>
          <ns3:TrackPointExtension/>
        </extensions>
      </trkpt>
      <trkpt lat="31.406352818012237548828125" lon="119.496035277843475341796875">
        <ele>4.599999904632568359375</ele>
        <time>2026-05-28T23:30:33.000Z</time>
        <extensions>
          <ns3:TrackPointExtension/>
        </extensions>
      </trkpt>
      <trkpt lat="31.4063137583434581756591796875" lon="119.496040306985378265380859375">
        <ele>4.400000095367431640625</ele>
        <time>2026-05-28T23:30:34.000Z</time>
        <extensions>
          <ns3:TrackPointExtension/>
        </extensions>
      </trkpt>
      <trkpt lat="31.4062758721411228179931640625" lon="119.49604391120374202728271484375">
        <ele>4.19999980926513671875</ele>
        <time>2026-05-28T23:30:35.000Z</time>
        <extensions>
          <ns3:TrackPointExtension>
            <ns3:hr>164</ns3:hr>
          </ns3:TrackPointExtension>
        </extensions>
      </trkpt>
      <trkpt lat="31.4062388241291046142578125" lon="119.49604709632694721221923828125">
        <ele>4</ele>
        <time>2026-05-28T23:30:36.000Z</time>
        <extensions>
          <ns3:TrackPointExtension>
            <ns3:hr>164</ns3:hr>
          </ns3:TrackPointExtension>
        </extensions>
      </trkpt>
      <trkpt lat="31.4062021113932132720947265625" lon="119.49605044908821582794189453125">
        <ele>3.7999999523162841796875</ele>
        <time>2026-05-28T23:30:37.000Z</time>
        <extensions>
          <ns3:TrackPointExtension/>
        </extensions>
      </trkpt>
      <trkpt lat="31.40616447664797306060791015625" lon="119.4960545562207698822021484375">
        <ele>3.599999904632568359375</ele>
        <time>2026-05-28T23:30:38.000Z</time>
        <extensions>
          <ns3:TrackPointExtension/>
        </extensions>
      </trkpt>
      <trkpt lat="31.4061263389885425567626953125" lon="119.49605983681976795196533203125">
        <ele>3.599999904632568359375</ele>
        <time>2026-05-28T23:30:39.000Z</time>
        <extensions>
          <ns3:TrackPointExtension>
            <ns3:hr>165</ns3:hr>
          </ns3:TrackPointExtension>
        </extensions>
      </trkpt>
      <trkpt lat="31.40608836896717548370361328125" lon="119.49606587179005146026611328125">
        <ele>3.400000095367431640625</ele>
        <time>2026-05-28T23:30:40.000Z</time>
        <extensions>
          <ns3:TrackPointExtension>
            <ns3:hr>165</ns3:hr>
          </ns3:TrackPointExtension>
        </extensions>
      </trkpt>
      <trkpt lat="31.4060509018599987030029296875" lon="119.4960729964077472686767578125">
        <ele>3.2000000476837158203125</ele>
        <time>2026-05-28T23:30:41.000Z</time>
        <extensions>
          <ns3:TrackPointExtension/>
        </extensions>
      </trkpt>
      <trkpt lat="31.40601326711475849151611328125" lon="119.49608079157769680023193359375">
        <ele>3.2000000476837158203125</ele>
        <time>2026-05-28T23:30:42.000Z</time>
        <extensions>
          <ns3:TrackPointExtension>
            <ns3:hr>168</ns3:hr>
          </ns3:TrackPointExtension>
        </extensions>
      </trkpt>
      <trkpt lat="31.40597529709339141845703125" lon="119.496087245643138885498046875">
        <ele>3</ele>
        <time>2026-05-28T23:30:43.000Z</time>
        <extensions>
          <ns3:TrackPointExtension>
            <ns3:hr>168</ns3:hr>
          </ns3:TrackPointExtension>
        </extensions>
      </trkpt>
      <trkpt lat="31.40593665651977062225341796875" lon="119.49608959257602691650390625">
        <ele>3</ele>
        <time>2026-05-28T23:30:44.000Z</time>
        <extensions>
          <ns3:TrackPointExtension/>
        </extensions>
      </trkpt>
      <trkpt lat="31.40589826740324497222900390625" lon="119.496088922023773193359375">
        <ele>3</ele>
        <time>2026-05-28T23:30:45.000Z</time>
        <extensions>
          <ns3:TrackPointExtension/>
        </extensions>
      </trkpt>
      <trkpt lat="31.40586197376251220703125" lon="119.49608800001442432403564453125">
        <ele>3</ele>
        <time>2026-05-28T23:30:46.000Z</time>
        <extensions>
          <ns3:TrackPointExtension/>
        </extensions>
      </trkpt>
      <trkpt lat="31.405828110873699188232421875" lon="119.49608816765248775482177734375">
        <ele>3</ele>
        <time>2026-05-28T23:30:47.000Z</time>
        <extensions>
          <ns3:TrackPointExtension>
            <ns3:hr>169</ns3:hr>
          </ns3:TrackPointExtension>
        </extensions>
      </trkpt>
      <trkpt lat="31.40579483471810817718505859375" lon="119.4960904307663440704345703125">
        <ele>3.2000000476837158203125</ele>
        <time>2026-05-28T23:30:48.000Z</time>
        <extensions>
          <ns3:TrackPointExtension>
            <ns3:hr>169</ns3:hr>
          </ns3:TrackPointExtension>
        </extensions>
      </trkpt>
      <trkpt lat="31.405760385096073150634765625" lon="119.49609437026083469390869140625">
        <ele>3.2000000476837158203125</ele>
        <time>2026-05-28T23:30:49.000Z</time>
        <extensions>
          <ns3:TrackPointExtension/>
        </extensions>
      </trkpt>
      <trkpt lat="31.40572459436953067779541015625" lon="119.4960994832217693328857421875">
        <ele>3.400000095367431640625</ele>
        <time>2026-05-28T23:30:50.000Z</time>
        <extensions>
          <ns3:TrackPointExtension/>
        </extensions>
      </trkpt>
      <trkpt lat="31.40568771399557590484619140625" lon="119.49610543437302112579345703125">
        <ele>3.400000095367431640625</ele>
        <time>2026-05-28T23:30:51.000Z</time>
        <extensions>
          <ns3:TrackPointExtension/>
        </extensions>
      </trkpt>
      <trkpt lat="31.40565049834549427032470703125" lon="119.4961112178862094879150390625">
        <ele>3.599999904632568359375</ele>
        <time>2026-05-28T23:30:52.000Z</time>
        <extensions>
          <ns3:TrackPointExtension/>
        </extensions>
      </trkpt>
      <trkpt lat="31.40561345033347606658935546875" lon="119.4961152411997318267822265625">
        <ele>3.599999904632568359375</ele>
        <time>2026-05-28T23:30:53.000Z</time>
        <extensions>
          <ns3:TrackPointExtension>
            <ns3:hr>170</ns3:hr>
          </ns3:TrackPointExtension>
        </extensions>
      </trkpt>
      <trkpt lat="31.40557698905467987060546875" lon="119.496116079390048980712890625">
        <ele>3.7999999523162841796875</ele>
        <time>2026-05-28T23:30:54.000Z</time>
        <extensions>
          <ns3:TrackPointExtension>
            <ns3:hr>170</ns3:hr>
          </ns3:TrackPointExtension>
        </extensions>
      </trkpt>
      <trkpt lat="31.4055432938039302825927734375" lon="119.49611415155231952667236328125">
        <ele>4</ele>
        <time>2026-05-28T23:30:55.000Z</time>
        <extensions>
          <ns3:TrackPointExtension/>
        </extensions>
      </trkpt>
      <trkpt lat="31.4055144600570201873779296875" lon="119.4961112178862094879150390625">
        <ele>4.19999980926513671875</ele>
        <time>2026-05-28T23:30:56.000Z</time>
        <extensions>
          <ns3:TrackPointExtension/>
        </extensions>
      </trkpt>
      <trkpt lat="31.4054909907281398773193359375" lon="119.49610861949622631072998046875">
        <ele>4.400000095367431640625</ele>
        <time>2026-05-28T23:30:57.000Z</time>
        <extensions>
          <ns3:TrackPointExtension/>
        </extensions>
      </trkpt>
      <trkpt lat="31.405472718179225921630859375" lon="119.49610627256333827972412109375">
        <ele>4.599999904632568359375</ele>
        <time>2026-05-28T23:30:58.000Z</time>
        <extensions>
          <ns3:TrackPointExtension>
            <ns3:hr>171</ns3:hr>
          </ns3:TrackPointExtension>
        </extensions>
      </trkpt>
      <trkpt lat="31.40546374954283237457275390625" lon="119.49608020484447479248046875">
        <ele>4.80000019073486328125</ele>
        <time>2026-05-28T23:31:47.000Z</time>
        <extensions>
          <ns3:TrackPointExtension/>
        </extensions>
      </trkpt>
      <trkpt lat="31.40546525828540325164794921875" lon="119.49607978574931621551513671875">
        <ele>4.80000019073486328125</ele>
        <time>2026-05-28T23:31:48.000Z</time>
        <extensions>
          <ns3:TrackPointExtension/>
        </extensions>
      </trkpt>
      <trkpt lat="31.4054665155708789825439453125" lon="119.49607995338737964630126953125">
        <ele>4.80000019073486328125</ele>
        <time>2026-05-28T23:31:49.000Z</time>
        <extensions>
          <ns3:TrackPointExtension>
            <ns3:hr>158</ns3:hr>
          </ns3:TrackPointExtension>
        </extensions>
      </trkpt>
      <trkpt lat="31.405473053455352783203125" lon="119.496082551777362823486328125">
        <ele>4.80000019073486328125</ele>
        <time>2026-05-28T23:31:50.000Z</time>
        <extensions>
          <ns3:TrackPointExtension>
            <ns3:hr>158</ns3:hr>
          </ns3:TrackPointExtension>
        </extensions>
      </trkpt>
      <trkpt lat="31.40548638068139553070068359375" lon="119.49608867056667804718017578125">
        <ele>4.599999904632568359375</ele>
        <time>2026-05-28T23:31:51.000Z</time>
        <extensions>
          <ns3:TrackPointExtension/>
        </extensions>
      </trkpt>
      <trkpt lat="31.4055027253925800323486328125" lon="119.4960924424231052398681640625">
        <ele>4.400000095367431640625</ele>
        <time>2026-05-28T23:31:52.000Z</time>
        <extensions>
          <ns3:TrackPointExtension/>
        </extensions>
      </trkpt>
      <trkpt lat="31.405520327389240264892578125" lon="119.49609068222343921661376953125">
        <ele>4.19999980926513671875</ele>
        <time>2026-05-28T23:31:53.000Z</time>
        <extensions>
          <ns3:TrackPointExtension/>
        </extensions>
      </trkpt>
      <trkpt lat="31.40553767792880535125732421875" lon="119.49608615599572658538818359375">
        <ele>4.19999980926513671875</ele>
        <time>2026-05-28T23:31:54.000Z</time>
        <extensions>
          <ns3:TrackPointExtension>
            <ns3:hr>154</ns3:hr>
          </ns3:TrackPointExtension>
        </extensions>
      </trkpt>
      <trkpt lat="31.40555511228740215301513671875" lon="119.49608246795833110809326171875">
        <ele>4.19999980926513671875</ele>
        <time>2026-05-28T23:31:55.000Z</time>
        <extensions>
          <ns3:TrackPointExtension>
            <ns3:hr>154</ns3:hr>
          </ns3:TrackPointExtension>
        </extensions>
      </trkpt>
      <trkpt lat="31.4055734686553478240966796875" lon="119.4960797019302845001220703125">
        <ele>4</ele>
        <time>2026-05-28T23:31:56.000Z</time>
        <extensions>
          <ns3:TrackPointExtension/>
        </extensions>
      </trkpt>
      <trkpt lat="31.4055924117565155029296875" lon="119.49607626534998416900634765625">
        <ele>4</ele>
        <time>2026-05-28T23:31:57.000Z</time>
        <extensions>
          <ns3:TrackPointExtension/>
        </extensions>
      </trkpt>
      <trkpt lat="31.4056116901338100433349609375" lon="119.49607207439839839935302734375">
        <ele>4</ele>
        <time>2026-05-28T23:31:58.000Z</time>
        <extensions>
          <ns3:TrackPointExtension/>
        </extensions>
      </trkpt>
      <trkpt lat="31.4056311361491680145263671875" lon="119.49606721289455890655517578125">
        <ele>4</ele>
        <time>2026-05-28T23:31:59.000Z</time>
        <extensions>
          <ns3:TrackPointExtension>
            <ns3:hr>147</ns3:hr>
          </ns3:TrackPointExtension>
        </extensions>
      </trkpt>
      <trkpt lat="31.405651085078716278076171875" lon="119.49606268666684627532958984375">
        <ele>4</ele>
        <time>2026-05-28T23:32:00.000Z</time>
        <extensions>
          <ns3:TrackPointExtension>
            <ns3:hr>147</ns3:hr>
          </ns3:TrackPointExtension>
        </extensions>
      </trkpt>
      <trkpt lat="31.4056713692843914031982421875" lon="119.49605816043913364410400390625">
        <ele>3.7999999523162841796875</ele>
        <time>2026-05-28T23:32:01.000Z</time>
        <extensions>
          <ns3:TrackPointExtension/>
        </extensions>
      </trkpt>
      <trkpt lat="31.40569240786135196685791015625" lon="119.49605363421142101287841796875">
        <ele>3.7999999523162841796875</ele>
        <time>2026-05-28T23:32:02.000Z</time>
        <extensions>
          <ns3:TrackPointExtension/>
        </extensions>
      </trkpt>
      <trkpt lat="31.40571403317153453826904296875" lon="119.49604935944080352783203125">
        <ele>3.7999999523162841796875</ele>
        <time>2026-05-28T23:32:03.000Z</time>
        <extensions>
          <ns3:TrackPointExtension/>
        </extensions>
      </trkpt>
      <trkpt lat="31.40573565848171710968017578125" lon="119.49604491703212261199951171875">
        <ele>3.7999999523162841796875</ele>
        <time>2026-05-28T23:32:04.000Z</time>
        <extensions>
          <ns3:TrackPointExtension>
            <ns3:hr>143</ns3:hr>
          </ns3:TrackPointExtension>
        </extensions>
      </trkpt>
      <trkpt lat="31.40575745142996311187744140625" lon="119.4960411451756954193115234375">
        <ele>3.599999904632568359375</ele>
        <time>2026-05-28T23:32:05.000Z</time>
        <extensions>
          <ns3:TrackPointExtension>
            <ns3:hr>143</ns3:hr>
          </ns3:TrackPointExtension>
        </extensions>
      </trkpt>
      <trkpt lat="31.4057793281972408294677734375" lon="119.49603754095733165740966796875">
        <ele>3.400000095367431640625</ele>
        <time>2026-05-28T23:32:06.000Z</time>
        <extensions>
          <ns3:TrackPointExtension/>
        </extensions>
      </trkpt>
      <trkpt lat="31.40580254606902599334716796875" lon="119.4960344396531581878662109375">
        <ele>3.400000095367431640625</ele>
        <time>2026-05-28T23:32:07.000Z</time>
        <extensions>
          <ns3:TrackPointExtension/>
        </extensions>
      </trkpt>
      <trkpt lat="31.40582635067403316497802734375" lon="119.496032930910587310791015625">
        <ele>3.2000000476837158203125</ele>
        <time>2026-05-28T23:32:08.000Z</time>
        <extensions>
          <ns3:TrackPointExtension/>
        </extensions>
      </trkpt>
      <trkpt lat="31.40585082583129405975341796875" lon="119.49603217653930187225341796875">
        <ele>3.2000000476837158203125</ele>
        <time>2026-05-28T23:32:09.000Z</time>
        <extensions>
          <ns3:TrackPointExtension/>
        </extensions>
      </trkpt>
      <trkpt lat="31.40587446279823780059814453125" lon="119.4960304163396358489990234375">
        <ele>3.2000000476837158203125</ele>
        <time>2026-05-28T23:32:10.000Z</time>
        <extensions>
          <ns3:TrackPointExtension>
            <ns3:hr>141</ns3:hr>
          </ns3:TrackPointExtension>
        </extensions>
      </trkpt>
      <trkpt lat="31.405897177755832672119140625" lon="119.49602798558771610260009765625">
        <ele>3.2000000476837158203125</ele>
        <time>2026-05-28T23:32:11.000Z</time>
        <extensions>
          <ns3:TrackPointExtension>
            <ns3:hr>141</ns3:hr>
          </ns3:TrackPointExtension>
        </extensions>
      </trkpt>
      <trkpt lat="31.40591972507536411285400390625" lon="119.496024884283542633056640625">
        <ele>3.400000095367431640625</ele>
        <time>2026-05-28T23:32:12.000Z</time>
        <extensions>
          <ns3:TrackPointExtension>
            <ns3:hr>142</ns3:hr>
          </ns3:TrackPointExtension>
        </extensions>
      </trkpt>
      <trkpt lat="31.4059419371187686920166015625" lon="119.49602077715098857879638671875">
        <ele>3.400000095367431640625</ele>
        <time>2026-05-28T23:32:13.000Z</time>
        <extensions>
          <ns3:TrackPointExtension>
            <ns3:hr>142</ns3:hr>
          </ns3:TrackPointExtension>
        </extensions>
      </trkpt>
      <trkpt lat="31.40596398152410984039306640625" lon="119.496016837656497955322265625">
        <ele>3.400000095367431640625</ele>
        <time>2026-05-28T23:32:14.000Z</time>
        <extensions>
          <ns3:TrackPointExtension/>
        </extensions>
      </trkpt>
      <trkpt lat="31.40598602592945098876953125" lon="119.4960136525332927703857421875">
        <ele>3.400000095367431640625</ele>
        <time>2026-05-28T23:32:15.000Z</time>
        <extensions>
          <ns3:TrackPointExtension/>
        </extensions>
      </trkpt>
      <trkpt lat="31.4060079865157604217529296875" lon="119.49601004831492900848388671875">
        <ele>3.400000095367431640625</ele>
        <time>2026-05-28T23:32:16.000Z</time>
        <extensions>
          <ns3:TrackPointExtension/>
        </extensions>
      </trkpt>
      <trkpt lat="31.40602969564497470855712890625" lon="119.496006108820438385009765625">
        <ele>3.599999904632568359375</ele>
        <time>2026-05-28T23:32:17.000Z</time>
        <extensions>
          <ns3:TrackPointExtension>
            <ns3:hr>142</ns3:hr>
          </ns3:TrackPointExtension>
        </extensions>
      </trkpt>
      <trkpt lat="31.40605199150741100311279296875" lon="119.49600283987820148468017578125">
        <ele>3.599999904632568359375</ele>
        <time>2026-05-28T23:32:18.000Z</time>
        <extensions>
          <ns3:TrackPointExtension>
            <ns3:hr>142</ns3:hr>
          </ns3:TrackPointExtension>
        </extensions>
      </trkpt>
      <trkpt lat="31.4060760475695133209228515625" lon="119.49600149877369403839111328125">
        <ele>3.7999999523162841796875</ele>
        <time>2026-05-28T23:32:19.000Z</time>
        <extensions>
          <ns3:TrackPointExtension/>
        </extensions>
      </trkpt>
      <trkpt lat="31.40610043890774250030517578125" lon="119.49600099585950374603271484375">
        <ele>3.7999999523162841796875</ele>
        <time>2026-05-28T23:32:20.000Z</time>
        <extensions>
          <ns3:TrackPointExtension/>
        </extensions>
      </trkpt>
      <trkpt lat="31.40612357296049594879150390625" lon="119.49599973857402801513671875">
        <ele>4</ele>
        <time>2026-05-28T23:32:21.000Z</time>
        <extensions>
          <ns3:TrackPointExtension/>
        </extensions>
      </trkpt>
      <trkpt lat="31.40614586882293224334716796875" lon="119.49599714018404483795166015625">
        <ele>4</ele>
        <time>2026-05-28T23:32:22.000Z</time>
        <extensions>
          <ns3:TrackPointExtension/>
        </extensions>
      </trkpt>
      <trkpt lat="31.4061679132282733917236328125" lon="119.4959935359656810760498046875">
        <ele>4.19999980926513671875</ele>
        <time>2026-05-28T23:32:23.000Z</time>
        <extensions>
          <ns3:TrackPointExtension/>
        </extensions>
      </trkpt>
      <trkpt lat="31.4061897061765193939208984375" lon="119.49598926119506359100341796875">
        <ele>4.19999980926513671875</ele>
        <time>2026-05-28T23:32:24.000Z</time>
        <extensions>
          <ns3:TrackPointExtension/>
        </extensions>
      </trkpt>
      <trkpt lat="31.40621141530573368072509765625" lon="119.495983980596065521240234375">
        <ele>4.400000095367431640625</ele>
        <time>2026-05-28T23:32:25.000Z</time>
        <extensions>
          <ns3:TrackPointExtension>
            <ns3:hr>144</ns3:hr>
          </ns3:TrackPointExtension>
        </extensions>
      </trkpt>
      <trkpt lat="31.4062334597110748291015625" lon="119.4959781132638454437255859375">
        <ele>4.400000095367431640625</ele>
        <time>2026-05-28T23:32:26.000Z</time>
        <extensions>
          <ns3:TrackPointExtension>
            <ns3:hr>144</ns3:hr>
          </ns3:TrackPointExtension>
        </extensions>
      </trkpt>
      <trkpt lat="31.40625634230673313140869140625" lon="119.49597333557903766632080078125">
        <ele>4.599999904632568359375</ele>
        <time>2026-05-28T23:32:27.000Z</time>
        <extensions>
          <ns3:TrackPointExtension>
            <ns3:hr>145</ns3:hr>
          </ns3:TrackPointExtension>
        </extensions>
      </trkpt>
      <trkpt lat="31.4062790572643280029296875" lon="119.4959707371890544891357421875">
        <ele>4.80000019073486328125</ele>
        <time>2026-05-28T23:32:28.000Z</time>
        <extensions>
          <ns3:TrackPointExtension>
            <ns3:hr>145</ns3:hr>
          </ns3:TrackPointExtension>
        </extensions>
      </trkpt>
      <trkpt lat="31.4063010178506374359130859375" lon="119.49596947990357875823974609375">
        <ele>4.80000019073486328125</ele>
        <time>2026-05-28T23:32:29.000Z</time>
        <extensions>
          <ns3:TrackPointExtension/>
        </extensions>
      </trkpt>
      <trkpt lat="31.40632264316082000732421875" lon="119.4959687255322933197021484375">
        <ele>4.80000019073486328125</ele>
        <time>2026-05-28T23:32:30.000Z</time>
        <extensions>
          <ns3:TrackPointExtension/>
        </extensions>
      </trkpt>
      <trkpt lat="31.40634485520422458648681640625" lon="119.495967887341976165771484375">
        <ele>5</ele>
        <time>2026-05-28T23:32:31.000Z</time>
        <extensions>
          <ns3:TrackPointExtension/>
        </extensions>
      </trkpt>
      <trkpt lat="31.406367905437946319580078125" lon="119.4959667138755321502685546875">
        <ele>5</ele>
        <time>2026-05-28T23:32:32.000Z</time>
        <extensions>
          <ns3:TrackPointExtension/>
        </extensions>
      </trkpt>
      <trkpt lat="31.4063912071287631988525390625" lon="119.4959647022187709808349609375">
        <ele>5.19999980926513671875</ele>
        <time>2026-05-28T23:32:33.000Z</time>
        <extensions>
          <ns3:TrackPointExtension/>
        </extensions>
      </trkpt>
      <trkpt lat="31.40641408972442150115966796875" lon="119.49596218764781951904296875">
        <ele>5.19999980926513671875</ele>
        <time>2026-05-28T23:32:34.000Z</time>
        <extensions>
          <ns3:TrackPointExtension/>
        </extensions>
      </trkpt>
      <trkpt lat="31.40643688850104808807373046875" lon="119.49595958925783634185791015625">
        <ele>5.400000095367431640625</ele>
        <time>2026-05-28T23:32:35.000Z</time>
        <extensions>
          <ns3:TrackPointExtension/>
        </extensions>
      </trkpt>
      <trkpt lat="31.406460441648960113525390625" lon="119.495957829058170318603515625">
        <ele>5.400000095367431640625</ele>
        <time>2026-05-28T23:32:36.000Z</time>
        <extensions>
          <ns3:TrackPointExtension>
            <ns3:hr>147</ns3:hr>
          </ns3:TrackPointExtension>
        </extensions>
      </trkpt>
      <trkpt lat="31.4064837433397769927978515625" lon="119.49595740996301174163818359375">
        <ele>5.599999904632568359375</ele>
        <time>2026-05-28T23:32:37.000Z</time>
        <extensions>
          <ns3:TrackPointExtension>
            <ns3:hr>147</ns3:hr>
          </ns3:TrackPointExtension>
        </extensions>
      </trkpt>
      <trkpt lat="31.40650637447834014892578125" lon="119.49595791287720203399658203125">
        <ele>5.599999904632568359375</ele>
        <time>2026-05-28T23:32:38.000Z</time>
        <extensions>
          <ns3:TrackPointExtension/>
        </extensions>
      </trkpt>
      <trkpt lat="31.40652774833142757415771484375" lon="119.4959579966962337493896484375">
        <ele>5.599999904632568359375</ele>
        <time>2026-05-28T23:32:39.000Z</time>
        <extensions>
          <ns3:TrackPointExtension/>
        </extensions>
      </trkpt>
      <trkpt lat="31.40654836781322956085205078125" lon="119.49595657177269458770751953125">
        <ele>5.599999904632568359375</ele>
        <time>2026-05-28T23:32:40.000Z</time>
        <extensions>
          <ns3:TrackPointExtension/>
        </extensions>
      </trkpt>
      <trkpt lat="31.4065695740282535552978515625" lon="119.495954476296901702880859375">
        <ele>5.599999904632568359375</ele>
        <time>2026-05-28T23:32:41.000Z</time>
        <extensions>
          <ns3:TrackPointExtension>
            <ns3:hr>148</ns3:hr>
          </ns3:TrackPointExtension>
        </extensions>
      </trkpt>
      <trkpt lat="31.406591869890689849853515625" lon="119.4959522970020771026611328125">
        <ele>5.599999904632568359375</ele>
        <time>2026-05-28T23:32:42.000Z</time>
        <extensions>
          <ns3:TrackPointExtension>
            <ns3:hr>148</ns3:hr>
          </ns3:TrackPointExtension>
        </extensions>
      </trkpt>
      <trkpt lat="31.406614668667316436767578125" lon="119.4959499500691890716552734375">
        <ele>5.599999904632568359375</ele>
        <time>2026-05-28T23:32:43.000Z</time>
        <extensions>
          <ns3:TrackPointExtension/>
        </extensions>
      </trkpt>
      <trkpt lat="31.4066383056342601776123046875" lon="119.49594684876501560211181640625">
        <ele>5.599999904632568359375</ele>
        <time>2026-05-28T23:32:44.000Z</time>
        <extensions>
          <ns3:TrackPointExtension/>
        </extensions>
      </trkpt>
      <trkpt lat="31.40666269697248935699462890625" lon="119.49594416655600070953369140625">
        <ele>5.599999904632568359375</ele>
        <time>2026-05-28T23:32:45.000Z</time>
        <extensions>
          <ns3:TrackPointExtension/>
        </extensions>
      </trkpt>
      <trkpt lat="31.40668683685362339019775390625" lon="119.495942406356334686279296875">
        <ele>5.599999904632568359375</ele>
        <time>2026-05-28T23:32:46.000Z</time>
        <extensions>
          <ns3:TrackPointExtension>
            <ns3:hr>147</ns3:hr>
          </ns3:TrackPointExtension>
        </extensions>
      </trkpt>
      <trkpt lat="31.406709216535091400146484375" lon="119.49594098143279552459716796875">
        <ele>5.599999904632568359375</ele>
        <time>2026-05-28T23:32:47.000Z</time>
        <extensions>
          <ns3:TrackPointExtension>
            <ns3:hr>147</ns3:hr>
          </ns3:TrackPointExtension>
        </extensions>
      </trkpt>
      <trkpt lat="31.4067296683788299560546875" lon="119.49593896977603435516357421875">
        <ele>5.599999904632568359375</ele>
        <time>2026-05-28T23:32:48.000Z</time>
        <extensions>
          <ns3:TrackPointExtension>
            <ns3:hr>148</ns3:hr>
          </ns3:TrackPointExtension>
        </extensions>
      </trkpt>
      <trkpt lat="31.40674903057515621185302734375" lon="119.495935700833797454833984375">
        <ele>5.599999904632568359375</ele>
        <time>2026-05-28T23:32:49.000Z</time>
        <extensions>
          <ns3:TrackPointExtension>
            <ns3:hr>148</ns3:hr>
          </ns3:TrackPointExtension>
        </extensions>
      </trkpt>
      <trkpt lat="31.4067670516669750213623046875" lon="119.49593159370124340057373046875">
        <ele>5.400000095367431640625</ele>
        <time>2026-05-28T23:32:50.000Z</time>
        <extensions>
          <ns3:TrackPointExtension/>
        </extensions>
      </trkpt>
      <trkpt lat="31.4067831449210643768310546875" lon="119.49592757038772106170654296875">
        <ele>5.400000095367431640625</ele>
        <time>2026-05-28T23:32:51.000Z</time>
        <extensions>
          <ns3:TrackPointExtension/>
        </extensions>
      </trkpt>
      <trkpt lat="31.40679630450904369354248046875" lon="119.495924971997737884521484375">
        <ele>5.19999980926513671875</ele>
        <time>2026-05-28T23:32:52.000Z</time>
        <extensions>
          <ns3:TrackPointExtension>
            <ns3:hr>147</ns3:hr>
          </ns3:TrackPointExtension>
        </extensions>
      </trkpt>
      <trkpt lat="31.406807787716388702392578125" lon="119.4959227927029132843017578125">
        <ele>5.19999980926513671875</ele>
        <time>2026-05-28T23:32:53.000Z</time>
        <extensions>
          <ns3:TrackPointExtension>
            <ns3:hr>147</ns3:hr>
          </ns3:TrackPointExtension>
        </extensions>
      </trkpt>
      <trkpt lat="31.4068223722279071807861328125" lon="119.49591952376067638397216796875">
        <ele>5</ele>
        <time>2026-05-28T23:32:54.000Z</time>
        <extensions>
          <ns3:TrackPointExtension/>
        </extensions>
      </trkpt>
      <trkpt lat="31.4068414829671382904052734375" lon="119.495915584266185760498046875">
        <ele>4.80000019073486328125</ele>
        <time>2026-05-28T23:32:55.000Z</time>
        <extensions>
          <ns3:TrackPointExtension/>
        </extensions>
      </trkpt>
      <trkpt lat="31.40686302445828914642333984375" lon="119.4959120638668537139892578125">
        <ele>4.599999904632568359375</ele>
        <time>2026-05-28T23:32:56.000Z</time>
        <extensions>
          <ns3:TrackPointExtension/>
        </extensions>
      </trkpt>
      <trkpt lat="31.40688431449234485626220703125" lon="119.49591030366718769073486328125">
        <ele>4.599999904632568359375</ele>
        <time>2026-05-28T23:32:57.000Z</time>
        <extensions>
          <ns3:TrackPointExtension/>
        </extensions>
      </trkpt>
      <trkpt lat="31.4069045148789882659912109375" lon="119.4959103874862194061279296875">
        <ele>4.400000095367431640625</ele>
        <time>2026-05-28T23:32:58.000Z</time>
        <extensions>
          <ns3:TrackPointExtension>
            <ns3:hr>146</ns3:hr>
          </ns3:TrackPointExtension>
        </extensions>
      </trkpt>
      <trkpt lat="31.4069236256182193756103515625" lon="119.49591198004782199859619140625">
        <ele>4.19999980926513671875</ele>
        <time>2026-05-28T23:32:59.000Z</time>
        <extensions>
          <ns3:TrackPointExtension>
            <ns3:hr>146</ns3:hr>
          </ns3:TrackPointExtension>
        </extensions>
      </trkpt>
      <trkpt lat="31.406941898167133331298828125" lon="119.49591415934264659881591796875">
        <ele>4.19999980926513671875</ele>
        <time>2026-05-28T23:33:00.000Z</time>
        <extensions>
          <ns3:TrackPointExtension/>
        </extensions>
      </trkpt>
      <trkpt lat="31.40696100890636444091796875" lon="119.49591633863747119903564453125">
        <ele>4.19999980926513671875</ele>
        <time>2026-05-28T23:33:01.000Z</time>
        <extensions>
          <ns3:TrackPointExtension/>
        </extensions>
      </trkpt>
      <trkpt lat="31.40698112547397613525390625" lon="119.4959177635610103607177734375">
        <ele>4</ele>
        <time>2026-05-28T23:33:02.000Z</time>
        <extensions>
          <ns3:TrackPointExtension>
            <ns3:hr>146</ns3:hr>
          </ns3:TrackPointExtension>
        </extensions>
      </trkpt>
      <trkpt lat="31.40700115822255611419677734375" lon="119.4959177635610103607177734375">
        <ele>4</ele>
        <time>2026-05-28T23:33:03.000Z</time>
        <extensions>
          <ns3:TrackPointExtension>
            <ns3:hr>146</ns3:hr>
          </ns3:TrackPointExtension>
        </extensions>
      </trkpt>
    </trkseg>
  </trk>
</gpx>
