<gpx xmlns:ns3="http://www.garmin.com/xmlschemas/TrackPointExtension/v1" xmlns="http://www.topografix.com/GPX/1/1" xmlns:xsi="http://www.w3.org/2001/XMLSchema-instance" xmlns:ns2="http://www.garmin.com/xmlschemas/GpxExtensions/v3" creator="Garmin Connect" version="1.1" xsi:schemaLocation="http://www.topografix.com/GPX/1/1 http://www.topografix.com/GPX/11.xsd">
  <extensions>
<distance>7479.71</distance>
<average_hr>141.0</average_hr>
<average_speed>2.6764838825952717</average_speed>
<start_time>2025-02-18T22:36:59+00:00</start_time>
<end_time>2025-02-18T23:23:33.603000+00:00</end_time>
<moving_time>2794.0</moving_time>
<elapsed_time>2907.135</elapsed_time>
</extensions>
<metadata>
    <link href="connect.garmin.com">
      <text>Garmin Connect</text>
    </link>
    <time>2025-02-18T22:36:59.000Z</time>
  </metadata>
  <trk>
    <name>常州市 跑步</name>
    <type>running</type>
    <trkseg>
      <trkpt lat="31.40712261199951171875" lon="119.48705364950001239776611328125">
        <ele>5.599999904632568359375</ele>
        <time>2025-02-18T22:37:00.000Z</time>
        <extensions>
          <ns3:TrackPointExtension/>
        </extensions>
      </trkpt>
      <trkpt lat="31.406712569296360015869140625" lon="119.48705993592739105224609375">
        <ele>7.19999980926513671875</ele>
        <time>2025-02-18T22:38:05.000Z</time>
        <extensions>
          <ns3:TrackPointExtension/>
        </extensions>
      </trkpt>
      <trkpt lat="31.40669773332774639129638671875" lon="119.4870611093938350677490234375">
        <ele>7.19999980926513671875</ele>
        <time>2025-02-18T22:38:06.000Z</time>
        <extensions>
          <ns3:TrackPointExtension/>
        </extensions>
      </trkpt>
      <trkpt lat="31.40668281354010105133056640625" lon="119.48706303723156452178955078125">
        <ele>7.400000095367431640625</ele>
        <time>2025-02-18T22:38:07.000Z</time>
        <extensions>
          <ns3:TrackPointExtension/>
        </extensions>
      </trkpt>
      <trkpt lat="31.4066671393811702728271484375" lon="119.4870644621551036834716796875">
        <ele>7.400000095367431640625</ele>
        <time>2025-02-18T22:38:08.000Z</time>
        <extensions>
          <ns3:TrackPointExtension/>
        </extensions>
      </trkpt>
      <trkpt lat="31.406649537384510040283203125" lon="119.48706538416445255279541015625">
        <ele>7.400000095367431640625</ele>
        <time>2025-02-18T22:38:09.000Z</time>
        <extensions>
          <ns3:TrackPointExtension/>
        </extensions>
      </trkpt>
      <trkpt lat="31.40663109719753265380859375" lon="119.48706504888832569122314453125">
        <ele>7.599999904632568359375</ele>
        <time>2025-02-18T22:38:10.000Z</time>
        <extensions>
          <ns3:TrackPointExtension/>
        </extensions>
      </trkpt>
      <trkpt lat="31.40661207027733325958251953125" lon="119.48706471361219882965087890625">
        <ele>7.599999904632568359375</ele>
        <time>2025-02-18T22:38:11.000Z</time>
        <extensions>
          <ns3:TrackPointExtension/>
        </extensions>
      </trkpt>
      <trkpt lat="31.40659220516681671142578125" lon="119.4870658032596111297607421875">
        <ele>7.599999904632568359375</ele>
        <time>2025-02-18T22:38:12.000Z</time>
        <extensions>
          <ns3:TrackPointExtension>
            <ns3:hr>108</ns3:hr>
          </ns3:TrackPointExtension>
        </extensions>
      </trkpt>
      <trkpt lat="31.406571082770824432373046875" lon="119.48706664144992828369140625">
        <ele>7.80000019073486328125</ele>
        <time>2025-02-18T22:38:13.000Z</time>
        <extensions>
          <ns3:TrackPointExtension/>
        </extensions>
      </trkpt>
      <trkpt lat="31.40654937364161014556884765625" lon="119.48706706054508686065673828125">
        <ele>7.80000019073486328125</ele>
        <time>2025-02-18T22:38:14.000Z</time>
        <extensions>
          <ns3:TrackPointExtension>
            <ns3:hr>110</ns3:hr>
          </ns3:TrackPointExtension>
        </extensions>
      </trkpt>
      <trkpt lat="31.4065276645123958587646484375" lon="119.48706756345927715301513671875">
        <ele>8</ele>
        <time>2025-02-18T22:38:15.000Z</time>
        <extensions>
          <ns3:TrackPointExtension/>
        </extensions>
      </trkpt>
      <trkpt lat="31.40650612302124500274658203125" lon="119.48706823401153087615966796875">
        <ele>8</ele>
        <time>2025-02-18T22:38:16.000Z</time>
        <extensions>
          <ns3:TrackPointExtension/>
        </extensions>
      </trkpt>
      <trkpt lat="31.4064847491681575775146484375" lon="119.48706773109734058380126953125">
        <ele>8</ele>
        <time>2025-02-18T22:38:17.000Z</time>
        <extensions>
          <ns3:TrackPointExtension/>
        </extensions>
      </trkpt>
      <trkpt lat="31.4064629562199115753173828125" lon="119.487066976726055145263671875">
        <ele>8.19999980926513671875</ele>
        <time>2025-02-18T22:38:18.000Z</time>
        <extensions>
          <ns3:TrackPointExtension>
            <ns3:hr>111</ns3:hr>
          </ns3:TrackPointExtension>
        </extensions>
      </trkpt>
      <trkpt lat="31.40644074417650699615478515625" lon="119.4870674796402454376220703125">
        <ele>8.19999980926513671875</ele>
        <time>2025-02-18T22:38:19.000Z</time>
        <extensions>
          <ns3:TrackPointExtension/>
        </extensions>
      </trkpt>
      <trkpt lat="31.4064185321331024169921875" lon="119.48706923983991146087646484375">
        <ele>8.3999996185302734375</ele>
        <time>2025-02-18T22:38:20.000Z</time>
        <extensions>
          <ns3:TrackPointExtension/>
        </extensions>
      </trkpt>
      <trkpt lat="31.4063962362706661224365234375" lon="119.487071000039577484130859375">
        <ele>8.3999996185302734375</ele>
        <time>2025-02-18T22:38:21.000Z</time>
        <extensions>
          <ns3:TrackPointExtension/>
        </extensions>
      </trkpt>
      <trkpt lat="31.40637368895113468170166015625" lon="119.48707208968698978424072265625">
        <ele>8.6000003814697265625</ele>
        <time>2025-02-18T22:38:22.000Z</time>
        <extensions>
          <ns3:TrackPointExtension/>
        </extensions>
      </trkpt>
      <trkpt lat="31.40635089017450809478759765625" lon="119.4870735146105289459228515625">
        <ele>8.6000003814697265625</ele>
        <time>2025-02-18T22:38:23.000Z</time>
        <extensions>
          <ns3:TrackPointExtension/>
        </extensions>
      </trkpt>
      <trkpt lat="31.40632758848369121551513671875" lon="119.48707561008632183074951171875">
        <ele>8.3999996185302734375</ele>
        <time>2025-02-18T22:38:24.000Z</time>
        <extensions>
          <ns3:TrackPointExtension/>
        </extensions>
      </trkpt>
      <trkpt lat="31.4063040353357791900634765625" lon="119.48707737028598785400390625">
        <ele>8.3999996185302734375</ele>
        <time>2025-02-18T22:38:25.000Z</time>
        <extensions>
          <ns3:TrackPointExtension/>
        </extensions>
      </trkpt>
      <trkpt lat="31.4062805660068988800048828125" lon="119.48707862757146358489990234375">
        <ele>8.19999980926513671875</ele>
        <time>2025-02-18T22:38:26.000Z</time>
        <extensions>
          <ns3:TrackPointExtension/>
        </extensions>
      </trkpt>
      <trkpt lat="31.40625692903995513916015625" lon="119.48707879520952701568603515625">
        <ele>8</ele>
        <time>2025-02-18T22:38:27.000Z</time>
        <extensions>
          <ns3:TrackPointExtension/>
        </extensions>
      </trkpt>
      <trkpt lat="31.4062312804162502288818359375" lon="119.48707661591470241546630859375">
        <ele>7.80000019073486328125</ele>
        <time>2025-02-18T22:38:28.000Z</time>
        <extensions>
          <ns3:TrackPointExtension/>
        </extensions>
      </trkpt>
      <trkpt lat="31.406206972897052764892578125" lon="119.487075693905353546142578125">
        <ele>7.80000019073486328125</ele>
        <time>2025-02-18T22:38:29.000Z</time>
        <extensions>
          <ns3:TrackPointExtension/>
        </extensions>
      </trkpt>
      <trkpt lat="31.4061830006539821624755859375" lon="119.48707602918148040771484375">
        <ele>7.599999904632568359375</ele>
        <time>2025-02-18T22:38:30.000Z</time>
        <extensions>
          <ns3:TrackPointExtension/>
        </extensions>
      </trkpt>
      <trkpt lat="31.40615911222994327545166015625" lon="119.4870768673717975616455078125">
        <ele>7.400000095367431640625</ele>
        <time>2025-02-18T22:38:31.000Z</time>
        <extensions>
          <ns3:TrackPointExtension/>
        </extensions>
      </trkpt>
      <trkpt lat="31.40613480471074581146240234375" lon="119.48707871139049530029296875">
        <ele>7.19999980926513671875</ele>
        <time>2025-02-18T22:38:32.000Z</time>
        <extensions>
          <ns3:TrackPointExtension/>
        </extensions>
      </trkpt>
      <trkpt lat="31.40610965900123119354248046875" lon="119.48708130978047847747802734375">
        <ele>7</ele>
        <time>2025-02-18T22:38:33.000Z</time>
        <extensions>
          <ns3:TrackPointExtension/>
        </extensions>
      </trkpt>
      <trkpt lat="31.4060837589204311370849609375" lon="119.48708332143723964691162109375">
        <ele>7</ele>
        <time>2025-02-18T22:38:34.000Z</time>
        <extensions>
          <ns3:TrackPointExtension/>
        </extensions>
      </trkpt>
      <trkpt lat="31.40605710446834564208984375" lon="119.48708432726562023162841796875">
        <ele>6.80000019073486328125</ele>
        <time>2025-02-18T22:38:35.000Z</time>
        <extensions>
          <ns3:TrackPointExtension/>
        </extensions>
      </trkpt>
      <trkpt lat="31.406030617654323577880859375" lon="119.48708466254174709320068359375">
        <ele>6.80000019073486328125</ele>
        <time>2025-02-18T22:38:36.000Z</time>
        <extensions>
          <ns3:TrackPointExtension/>
        </extensions>
      </trkpt>
      <trkpt lat="31.406004130840301513671875" lon="119.48708516545593738555908203125">
        <ele>6.599999904632568359375</ele>
        <time>2025-02-18T22:38:37.000Z</time>
        <extensions>
          <ns3:TrackPointExtension/>
        </extensions>
      </trkpt>
      <trkpt lat="31.40597554855048656463623046875" lon="119.4870845787227153778076171875">
        <ele>6.19999980926513671875</ele>
        <time>2025-02-18T22:38:38.000Z</time>
        <extensions>
          <ns3:TrackPointExtension/>
        </extensions>
      </trkpt>
      <trkpt lat="31.405945122241973876953125" lon="119.487083069980144500732421875">
        <ele>5.80000019073486328125</ele>
        <time>2025-02-18T22:38:39.000Z</time>
        <extensions>
          <ns3:TrackPointExtension/>
        </extensions>
      </trkpt>
      <trkpt lat="31.40591494739055633544921875" lon="119.4870818965137004852294921875">
        <ele>5.19999980926513671875</ele>
        <time>2025-02-18T22:38:40.000Z</time>
        <extensions>
          <ns3:TrackPointExtension/>
        </extensions>
      </trkpt>
      <trkpt lat="31.40588544309139251708984375" lon="119.487081058323383331298828125">
        <ele>4.80000019073486328125</ele>
        <time>2025-02-18T22:38:41.000Z</time>
        <extensions>
          <ns3:TrackPointExtension/>
        </extensions>
      </trkpt>
      <trkpt lat="31.405857615172863006591796875" lon="119.48707996867597103118896484375">
        <ele>4.400000095367431640625</ele>
        <time>2025-02-18T22:38:42.000Z</time>
        <extensions>
          <ns3:TrackPointExtension/>
        </extensions>
      </trkpt>
      <trkpt lat="31.40583070926368236541748046875" lon="119.48707896284759044647216796875">
        <ele>4</ele>
        <time>2025-02-18T22:38:43.000Z</time>
        <extensions>
          <ns3:TrackPointExtension/>
        </extensions>
      </trkpt>
      <trkpt lat="31.40580388717353343963623046875" lon="119.487079046666622161865234375">
        <ele>3.599999904632568359375</ele>
        <time>2025-02-18T22:38:44.000Z</time>
        <extensions>
          <ns3:TrackPointExtension/>
        </extensions>
      </trkpt>
      <trkpt lat="31.40577656216919422149658203125" lon="119.4870807230472564697265625">
        <ele>3.400000095367431640625</ele>
        <time>2025-02-18T22:38:45.000Z</time>
        <extensions>
          <ns3:TrackPointExtension/>
        </extensions>
      </trkpt>
      <trkpt lat="31.40574856661260128021240234375" lon="119.48708348907530307769775390625">
        <ele>3.2000000476837158203125</ele>
        <time>2025-02-18T22:38:46.000Z</time>
        <extensions>
          <ns3:TrackPointExtension/>
        </extensions>
      </trkpt>
      <trkpt lat="31.40572107397019863128662109375" lon="119.48708566837012767791748046875">
        <ele>3</ele>
        <time>2025-02-18T22:38:47.000Z</time>
        <extensions>
          <ns3:TrackPointExtension/>
        </extensions>
      </trkpt>
      <trkpt lat="31.40569374896585941314697265625" lon="119.4870860874652862548828125">
        <ele>3.2000000476837158203125</ele>
        <time>2025-02-18T22:38:48.000Z</time>
        <extensions>
          <ns3:TrackPointExtension/>
        </extensions>
      </trkpt>
      <trkpt lat="31.405666507780551910400390625" lon="119.4870855845510959625244140625">
        <ele>3.2000000476837158203125</ele>
        <time>2025-02-18T22:38:49.000Z</time>
        <extensions>
          <ns3:TrackPointExtension/>
        </extensions>
      </trkpt>
      <trkpt lat="31.40563926659524440765380859375" lon="119.48708600364625453948974609375">
        <ele>3.400000095367431640625</ele>
        <time>2025-02-18T22:38:50.000Z</time>
        <extensions>
          <ns3:TrackPointExtension/>
        </extensions>
      </trkpt>
      <trkpt lat="31.4056120254099369049072265625" lon="119.48708751238882541656494140625">
        <ele>3.400000095367431640625</ele>
        <time>2025-02-18T22:38:51.000Z</time>
        <extensions>
          <ns3:TrackPointExtension/>
        </extensions>
      </trkpt>
      <trkpt lat="31.40558444894850254058837890625" lon="119.4870899431407451629638671875">
        <ele>3.599999904632568359375</ele>
        <time>2025-02-18T22:38:52.000Z</time>
        <extensions>
          <ns3:TrackPointExtension/>
        </extensions>
      </trkpt>
      <trkpt lat="31.405556201934814453125" lon="119.48709337972104549407958984375">
        <ele>3.7999999523162841796875</ele>
        <time>2025-02-18T22:38:53.000Z</time>
        <extensions>
          <ns3:TrackPointExtension/>
        </extensions>
      </trkpt>
      <trkpt lat="31.40552845783531665802001953125" lon="119.487097151577472686767578125">
        <ele>3.599999904632568359375</ele>
        <time>2025-02-18T22:38:54.000Z</time>
        <extensions>
          <ns3:TrackPointExtension/>
        </extensions>
      </trkpt>
      <trkpt lat="31.40550079755485057830810546875" lon="119.4871003367006778717041015625">
        <ele>3.599999904632568359375</ele>
        <time>2025-02-18T22:38:55.000Z</time>
        <extensions>
          <ns3:TrackPointExtension/>
        </extensions>
      </trkpt>
      <trkpt lat="31.40547347255051136016845703125" lon="119.48710226453840732574462890625">
        <ele>3.400000095367431640625</ele>
        <time>2025-02-18T22:38:56.000Z</time>
        <extensions>
          <ns3:TrackPointExtension/>
        </extensions>
      </trkpt>
      <trkpt lat="31.40544690191745758056640625" lon="119.48710276745259761810302734375">
        <ele>3.400000095367431640625</ele>
        <time>2025-02-18T22:38:57.000Z</time>
        <extensions>
          <ns3:TrackPointExtension/>
        </extensions>
      </trkpt>
      <trkpt lat="31.40542133711278438568115234375" lon="119.48710259981453418731689453125">
        <ele>3.400000095367431640625</ele>
        <time>2025-02-18T22:38:58.000Z</time>
        <extensions>
          <ns3:TrackPointExtension/>
        </extensions>
      </trkpt>
      <trkpt lat="31.4053967781364917755126953125" lon="119.48710192926228046417236328125">
        <ele>3.400000095367431640625</ele>
        <time>2025-02-18T22:38:59.000Z</time>
        <extensions>
          <ns3:TrackPointExtension/>
        </extensions>
      </trkpt>
      <trkpt lat="31.4053729735314846038818359375" lon="119.48710042051970958709716796875">
        <ele>3.400000095367431640625</ele>
        <time>2025-02-18T22:39:00.000Z</time>
        <extensions>
          <ns3:TrackPointExtension/>
        </extensions>
      </trkpt>
      <trkpt lat="31.40535042621195316314697265625" lon="119.48709773831069469451904296875">
        <ele>3.400000095367431640625</ele>
        <time>2025-02-18T22:39:01.000Z</time>
        <extensions>
          <ns3:TrackPointExtension/>
        </extensions>
      </trkpt>
      <trkpt lat="31.4053287170827388763427734375" lon="119.4870949722826480865478515625">
        <ele>3.400000095367431640625</ele>
        <time>2025-02-18T22:39:02.000Z</time>
        <extensions>
          <ns3:TrackPointExtension/>
        </extensions>
      </trkpt>
      <trkpt lat="31.405307091772556304931640625" lon="119.48709337972104549407958984375">
        <ele>3.400000095367431640625</ele>
        <time>2025-02-18T22:39:03.000Z</time>
        <extensions>
          <ns3:TrackPointExtension/>
        </extensions>
      </trkpt>
      <trkpt lat="31.4052847959101200103759765625" lon="119.48709270916879177093505859375">
        <ele>3.400000095367431640625</ele>
        <time>2025-02-18T22:39:04.000Z</time>
        <extensions>
          <ns3:TrackPointExtension/>
        </extensions>
      </trkpt>
      <trkpt lat="31.4052616618573665618896484375" lon="119.48709203861653804779052734375">
        <ele>3.400000095367431640625</ele>
        <time>2025-02-18T22:39:05.000Z</time>
        <extensions>
          <ns3:TrackPointExtension/>
        </extensions>
      </trkpt>
      <trkpt lat="31.4052381925284862518310546875" lon="119.4870912842452526092529296875">
        <ele>3.2000000476837158203125</ele>
        <time>2025-02-18T22:39:06.000Z</time>
        <extensions>
          <ns3:TrackPointExtension/>
        </extensions>
      </trkpt>
      <trkpt lat="31.4052160643041133880615234375" lon="119.48709220625460147857666015625">
        <ele>3.2000000476837158203125</ele>
        <time>2025-02-18T22:39:07.000Z</time>
        <extensions>
          <ns3:TrackPointExtension/>
        </extensions>
      </trkpt>
      <trkpt lat="31.4051962830126285552978515625" lon="119.48709748685359954833984375">
        <ele>3</ele>
        <time>2025-02-18T22:39:08.000Z</time>
        <extensions>
          <ns3:TrackPointExtension/>
        </extensions>
      </trkpt>
      <trkpt lat="31.40518010593950748443603515625" lon="119.48711031116545200347900390625">
        <ele>3</ele>
        <time>2025-02-18T22:39:09.000Z</time>
        <extensions>
          <ns3:TrackPointExtension/>
        </extensions>
      </trkpt>
      <trkpt lat="31.405168958008289337158203125" lon="119.487132020294666290283203125">
        <ele>3</ele>
        <time>2025-02-18T22:39:10.000Z</time>
        <extensions>
          <ns3:TrackPointExtension/>
        </extensions>
      </trkpt>
      <trkpt lat="31.4051624201238155364990234375" lon="119.48716060258448123931884765625">
        <ele>3.2000000476837158203125</ele>
        <time>2025-02-18T22:39:11.000Z</time>
        <extensions>
          <ns3:TrackPointExtension/>
        </extensions>
      </trkpt>
      <trkpt lat="31.40515797771513462066650390625" lon="119.48719228617846965789794921875">
        <ele>3.2000000476837158203125</ele>
        <time>2025-02-18T22:39:12.000Z</time>
        <extensions>
          <ns3:TrackPointExtension/>
        </extensions>
      </trkpt>
      <trkpt lat="31.40515361912548542022705078125" lon="119.487221874296665191650390625">
        <ele>3.2000000476837158203125</ele>
        <time>2025-02-18T22:39:13.000Z</time>
        <extensions>
          <ns3:TrackPointExtension/>
        </extensions>
      </trkpt>
      <trkpt lat="31.405148170888423919677734375" lon="119.48724777437746524810791015625">
        <ele>3.2000000476837158203125</ele>
        <time>2025-02-18T22:39:14.000Z</time>
        <extensions>
          <ns3:TrackPointExtension/>
        </extensions>
      </trkpt>
      <trkpt lat="31.4051416330039501190185546875" lon="119.48727107606828212738037109375">
        <ele>3</ele>
        <time>2025-02-18T22:39:15.000Z</time>
        <extensions>
          <ns3:TrackPointExtension/>
        </extensions>
      </trkpt>
      <trkpt lat="31.4051345922052860260009765625" lon="119.48729320429265499114990234375">
        <ele>3</ele>
        <time>2025-02-18T22:39:16.000Z</time>
        <extensions>
          <ns3:TrackPointExtension/>
        </extensions>
      </trkpt>
      <trkpt lat="31.4051272161304950714111328125" lon="119.48731600306928157806396484375">
        <ele>3</ele>
        <time>2025-02-18T22:39:17.000Z</time>
        <extensions>
          <ns3:TrackPointExtension/>
        </extensions>
      </trkpt>
      <trkpt lat="31.4051195047795772552490234375" lon="119.48733947239816188812255859375">
        <ele>3</ele>
        <time>2025-02-18T22:39:18.000Z</time>
        <extensions>
          <ns3:TrackPointExtension/>
        </extensions>
      </trkpt>
      <trkpt lat="31.40511087141931056976318359375" lon="119.487362019717693328857421875">
        <ele>3</ele>
        <time>2025-02-18T22:39:19.000Z</time>
        <extensions>
          <ns3:TrackPointExtension/>
        </extensions>
      </trkpt>
      <trkpt lat="31.40509980730712413787841796875" lon="119.48738314211368560791015625">
        <ele>3</ele>
        <time>2025-02-18T22:39:20.000Z</time>
        <extensions>
          <ns3:TrackPointExtension/>
        </extensions>
      </trkpt>
      <trkpt lat="31.40508572570979595184326171875" lon="119.4874027557671070098876953125">
        <ele>3</ele>
        <time>2025-02-18T22:39:21.000Z</time>
        <extensions>
          <ns3:TrackPointExtension/>
        </extensions>
      </trkpt>
      <trkpt lat="31.40506795607507228851318359375" lon="119.48741993866860866546630859375">
        <ele>3</ele>
        <time>2025-02-18T22:39:22.000Z</time>
        <extensions>
          <ns3:TrackPointExtension/>
        </extensions>
      </trkpt>
      <trkpt lat="31.4050464145839214324951171875" lon="119.4874332658946514129638671875">
        <ele>3</ele>
        <time>2025-02-18T22:39:23.000Z</time>
        <extensions>
          <ns3:TrackPointExtension/>
        </extensions>
      </trkpt>
      <trkpt lat="31.4050222747027873992919921875" lon="119.4874416477978229522705078125">
        <ele>3.400000095367431640625</ele>
        <time>2025-02-18T22:39:24.000Z</time>
        <extensions>
          <ns3:TrackPointExtension/>
        </extensions>
      </trkpt>
      <trkpt lat="31.4049971289932727813720703125" lon="119.48744592256844043731689453125">
        <ele>3.599999904632568359375</ele>
        <time>2025-02-18T22:39:25.000Z</time>
        <extensions>
          <ns3:TrackPointExtension/>
        </extensions>
      </trkpt>
      <trkpt lat="31.4049728214740753173828125" lon="119.48744759894907474517822265625">
        <ele>3.7999999523162841796875</ele>
        <time>2025-02-18T22:39:26.000Z</time>
        <extensions>
          <ns3:TrackPointExtension/>
        </extensions>
      </trkpt>
      <trkpt lat="31.40494977124035358428955078125" lon="119.48744843713939189910888671875">
        <ele>3.7999999523162841796875</ele>
        <time>2025-02-18T22:39:27.000Z</time>
        <extensions>
          <ns3:TrackPointExtension/>
        </extensions>
      </trkpt>
      <trkpt lat="31.40492730773985385894775390625" lon="119.4874493591487407684326171875">
        <ele>4</ele>
        <time>2025-02-18T22:39:28.000Z</time>
        <extensions>
          <ns3:TrackPointExtension/>
        </extensions>
      </trkpt>
      <trkpt lat="31.40490467660129070281982421875" lon="119.48745078407227993011474609375">
        <ele>4.19999980926513671875</ele>
        <time>2025-02-18T22:39:29.000Z</time>
        <extensions>
          <ns3:TrackPointExtension/>
        </extensions>
      </trkpt>
      <trkpt lat="31.404881961643695831298828125" lon="119.4874530471861362457275390625">
        <ele>4.599999904632568359375</ele>
        <time>2025-02-18T22:39:30.000Z</time>
        <extensions>
          <ns3:TrackPointExtension/>
        </extensions>
      </trkpt>
      <trkpt lat="31.4048596657812595367431640625" lon="119.48745581321418285369873046875">
        <ele>4.80000019073486328125</ele>
        <time>2025-02-18T22:39:31.000Z</time>
        <extensions>
          <ns3:TrackPointExtension/>
        </extensions>
      </trkpt>
      <trkpt lat="31.40483795665204524993896484375" lon="119.4874584116041660308837890625">
        <ele>5.19999980926513671875</ele>
        <time>2025-02-18T22:39:32.000Z</time>
        <extensions>
          <ns3:TrackPointExtension/>
        </extensions>
      </trkpt>
      <trkpt lat="31.40481649897992610931396484375" lon="119.48746050707995891571044921875">
        <ele>5.599999904632568359375</ele>
        <time>2025-02-18T22:39:33.000Z</time>
        <extensions>
          <ns3:TrackPointExtension/>
        </extensions>
      </trkpt>
      <trkpt lat="31.404794789850711822509765625" lon="119.48746226727962493896484375">
        <ele>5.80000019073486328125</ele>
        <time>2025-02-18T22:39:34.000Z</time>
        <extensions>
          <ns3:TrackPointExtension/>
        </extensions>
      </trkpt>
      <trkpt lat="31.4047731645405292510986328125" lon="119.4874634407460689544677734375">
        <ele>6</ele>
        <time>2025-02-18T22:39:35.000Z</time>
        <extensions>
          <ns3:TrackPointExtension/>
        </extensions>
      </trkpt>
      <trkpt lat="31.40475212596356868743896484375" lon="119.48746360838413238525390625">
        <ele>6</ele>
        <time>2025-02-18T22:39:36.000Z</time>
        <extensions>
          <ns3:TrackPointExtension/>
        </extensions>
      </trkpt>
      <trkpt lat="31.40473200939595699310302734375" lon="119.4874627701938152313232421875">
        <ele>6.19999980926513671875</ele>
        <time>2025-02-18T22:39:37.000Z</time>
        <extensions>
          <ns3:TrackPointExtension/>
        </extensions>
      </trkpt>
      <trkpt lat="31.404712982475757598876953125" lon="119.48746201582252979278564453125">
        <ele>6.400000095367431640625</ele>
        <time>2025-02-18T22:39:38.000Z</time>
        <extensions>
          <ns3:TrackPointExtension/>
        </extensions>
      </trkpt>
      <trkpt lat="31.404695212841033935546875" lon="119.48746235109865665435791015625">
        <ele>6.400000095367431640625</ele>
        <time>2025-02-18T22:39:39.000Z</time>
        <extensions>
          <ns3:TrackPointExtension/>
        </extensions>
      </trkpt>
      <trkpt lat="31.40467870049178600311279296875" lon="119.48746402747929096221923828125">
        <ele>6.599999904632568359375</ele>
        <time>2025-02-18T22:39:40.000Z</time>
        <extensions>
          <ns3:TrackPointExtension/>
        </extensions>
      </trkpt>
      <trkpt lat="31.4046641997992992401123046875" lon="119.48746788315474987030029296875">
        <ele>6.599999904632568359375</ele>
        <time>2025-02-18T22:39:41.000Z</time>
        <extensions>
          <ns3:TrackPointExtension/>
        </extensions>
      </trkpt>
      <trkpt lat="31.4046521298587322235107421875" lon="119.48747509159147739410400390625">
        <ele>6.80000019073486328125</ele>
        <time>2025-02-18T22:39:42.000Z</time>
        <extensions>
          <ns3:TrackPointExtension/>
        </extensions>
      </trkpt>
      <trkpt lat="31.40464148484170436859130859375" lon="119.48748582042753696441650390625">
        <ele>6.80000019073486328125</ele>
        <time>2025-02-18T22:39:43.000Z</time>
        <extensions>
          <ns3:TrackPointExtension/>
        </extensions>
      </trkpt>
      <trkpt lat="31.40463192947208881378173828125" lon="119.4874973036348819732666015625">
        <ele>7</ele>
        <time>2025-02-18T22:39:44.000Z</time>
        <extensions>
          <ns3:TrackPointExtension/>
        </extensions>
      </trkpt>
      <trkpt lat="31.404625810682773590087890625" lon="119.4875046797096729278564453125">
        <ele>7</ele>
        <time>2025-02-18T22:39:45.000Z</time>
        <extensions>
          <ns3:TrackPointExtension/>
        </extensions>
      </trkpt>
      <trkpt lat="31.40462304465472698211669921875" lon="119.487506188452243804931640625">
        <ele>7</ele>
        <time>2025-02-18T22:39:46.000Z</time>
        <extensions>
          <ns3:TrackPointExtension/>
        </extensions>
      </trkpt>
      <trkpt lat="31.404620446264743804931640625" lon="119.48750518262386322021484375">
        <ele>7</ele>
        <time>2025-02-18T22:39:47.000Z</time>
        <extensions>
          <ns3:TrackPointExtension/>
        </extensions>
      </trkpt>
      <trkpt lat="31.4046152494847774505615234375" lon="119.4875043444335460662841796875">
        <ele>7</ele>
        <time>2025-02-18T22:39:48.000Z</time>
        <extensions>
          <ns3:TrackPointExtension/>
        </extensions>
      </trkpt>
      <trkpt lat="31.404604017734527587890625" lon="119.48750442825257778167724609375">
        <ele>7.19999980926513671875</ele>
        <time>2025-02-18T22:39:49.000Z</time>
        <extensions>
          <ns3:TrackPointExtension/>
        </extensions>
      </trkpt>
      <trkpt lat="31.404585577547550201416015625" lon="119.4875046797096729278564453125">
        <ele>7.400000095367431640625</ele>
        <time>2025-02-18T22:39:50.000Z</time>
        <extensions>
          <ns3:TrackPointExtension/>
        </extensions>
      </trkpt>
      <trkpt lat="31.40456177294254302978515625" lon="119.48750392533838748931884765625">
        <ele>7.599999904632568359375</ele>
        <time>2025-02-18T22:39:51.000Z</time>
        <extensions>
          <ns3:TrackPointExtension/>
        </extensions>
      </trkpt>
      <trkpt lat="31.404535956680774688720703125" lon="119.4875019975006580352783203125">
        <ele>8</ele>
        <time>2025-02-18T22:39:52.000Z</time>
        <extensions>
          <ns3:TrackPointExtension/>
        </extensions>
      </trkpt>
      <trkpt lat="31.4045109786093235015869140625" lon="119.48750023730099201202392578125">
        <ele>8.19999980926513671875</ele>
        <time>2025-02-18T22:39:53.000Z</time>
        <extensions>
          <ns3:TrackPointExtension/>
        </extensions>
      </trkpt>
      <trkpt lat="31.4044878445565700531005859375" lon="119.48749906383454799652099609375">
        <ele>8.3999996185302734375</ele>
        <time>2025-02-18T22:39:54.000Z</time>
        <extensions>
          <ns3:TrackPointExtension/>
        </extensions>
      </trkpt>
      <trkpt lat="31.4044657163321971893310546875" lon="119.4874979741871356964111328125">
        <ele>8.6000003814697265625</ele>
        <time>2025-02-18T22:39:55.000Z</time>
        <extensions>
          <ns3:TrackPointExtension/>
        </extensions>
      </trkpt>
      <trkpt lat="31.40444367192685604095458984375" lon="119.48749638162553310394287109375">
        <ele>9</ele>
        <time>2025-02-18T22:39:56.000Z</time>
        <extensions>
          <ns3:TrackPointExtension/>
        </extensions>
      </trkpt>
      <trkpt lat="31.404421292245388031005859375" lon="119.4874946214258670806884765625">
        <ele>9.19999980926513671875</ele>
        <time>2025-02-18T22:39:57.000Z</time>
        <extensions>
          <ns3:TrackPointExtension/>
        </extensions>
      </trkpt>
      <trkpt lat="31.40439857728779315948486328125" lon="119.487493447959423065185546875">
        <ele>9.3999996185302734375</ele>
        <time>2025-02-18T22:39:58.000Z</time>
        <extensions>
          <ns3:TrackPointExtension/>
        </extensions>
      </trkpt>
      <trkpt lat="31.40437527559697628021240234375" lon="119.48749269358813762664794921875">
        <ele>9.6000003814697265625</ele>
        <time>2025-02-18T22:39:59.000Z</time>
        <extensions>
          <ns3:TrackPointExtension/>
        </extensions>
      </trkpt>
      <trkpt lat="31.40435180626809597015380859375" lon="119.48749185539782047271728515625">
        <ele>10</ele>
        <time>2025-02-18T22:40:00.000Z</time>
        <extensions>
          <ns3:TrackPointExtension/>
        </extensions>
      </trkpt>
      <trkpt lat="31.404328756034374237060546875" lon="119.48749068193137645721435546875">
        <ele>10</ele>
        <time>2025-02-18T22:40:01.000Z</time>
        <extensions>
          <ns3:TrackPointExtension/>
        </extensions>
      </trkpt>
      <trkpt lat="31.40430620871484279632568359375" lon="119.4874892570078372955322265625">
        <ele>10.19999980926513671875</ele>
        <time>2025-02-18T22:40:02.000Z</time>
        <extensions>
          <ns3:TrackPointExtension/>
        </extensions>
      </trkpt>
      <trkpt lat="31.40428408049046993255615234375" lon="119.4874885864555835723876953125">
        <ele>10.19999980926513671875</ele>
        <time>2025-02-18T22:40:03.000Z</time>
        <extensions>
          <ns3:TrackPointExtension/>
        </extensions>
      </trkpt>
      <trkpt lat="31.40426211990416049957275390625" lon="119.4874892570078372955322265625">
        <ele>10.19999980926513671875</ele>
        <time>2025-02-18T22:40:04.000Z</time>
        <extensions>
          <ns3:TrackPointExtension/>
        </extensions>
      </trkpt>
      <trkpt lat="31.4042400754988193511962890625" lon="119.48749034665524959564208984375">
        <ele>10.3999996185302734375</ele>
        <time>2025-02-18T22:40:05.000Z</time>
        <extensions>
          <ns3:TrackPointExtension/>
        </extensions>
      </trkpt>
      <trkpt lat="31.40421845018863677978515625" lon="119.48749118484556674957275390625">
        <ele>10.3999996185302734375</ele>
        <time>2025-02-18T22:40:06.000Z</time>
        <extensions>
          <ns3:TrackPointExtension/>
        </extensions>
      </trkpt>
      <trkpt lat="31.40419774688780307769775390625" lon="119.4874919392168521881103515625">
        <ele>10.6000003814697265625</ele>
        <time>2025-02-18T22:40:07.000Z</time>
        <extensions>
          <ns3:TrackPointExtension/>
        </extensions>
      </trkpt>
      <trkpt lat="31.40417746268212795257568359375" lon="119.48749336414039134979248046875">
        <ele>10.6000003814697265625</ele>
        <time>2025-02-18T22:40:08.000Z</time>
        <extensions>
          <ns3:TrackPointExtension/>
        </extensions>
      </trkpt>
      <trkpt lat="31.4041569270193576812744140625" lon="119.48749537579715251922607421875">
        <ele>10.6000003814697265625</ele>
        <time>2025-02-18T22:40:09.000Z</time>
        <extensions>
          <ns3:TrackPointExtension/>
        </extensions>
      </trkpt>
      <trkpt lat="31.40413572080433368682861328125" lon="119.4874973036348819732666015625">
        <ele>10.80000019073486328125</ele>
        <time>2025-02-18T22:40:10.000Z</time>
        <extensions>
          <ns3:TrackPointExtension/>
        </extensions>
      </trkpt>
      <trkpt lat="31.40411325730383396148681640625" lon="119.4874991476535797119140625">
        <ele>10.80000019073486328125</ele>
        <time>2025-02-18T22:40:11.000Z</time>
        <extensions>
          <ns3:TrackPointExtension/>
        </extensions>
      </trkpt>
      <trkpt lat="31.4040902070701122283935546875" lon="119.48750040493905544281005859375">
        <ele>11</ele>
        <time>2025-02-18T22:40:12.000Z</time>
        <extensions>
          <ns3:TrackPointExtension/>
        </extensions>
      </trkpt>
      <trkpt lat="31.40406749211251735687255859375" lon="119.487500824034214019775390625">
        <ele>11</ele>
        <time>2025-02-18T22:40:13.000Z</time>
        <extensions>
          <ns3:TrackPointExtension/>
        </extensions>
      </trkpt>
      <trkpt lat="31.4040459506213665008544921875" lon="119.48750090785324573516845703125">
        <ele>10.80000019073486328125</ele>
        <time>2025-02-18T22:40:14.000Z</time>
        <extensions>
          <ns3:TrackPointExtension/>
        </extensions>
      </trkpt>
      <trkpt lat="31.40402667224407196044921875" lon="119.48750124312937259674072265625">
        <ele>10.80000019073486328125</ele>
        <time>2025-02-18T22:40:15.000Z</time>
        <extensions>
          <ns3:TrackPointExtension/>
        </extensions>
      </trkpt>
      <trkpt lat="31.404008232057094573974609375" lon="119.4875018298625946044921875">
        <ele>10.6000003814697265625</ele>
        <time>2025-02-18T22:40:16.000Z</time>
        <extensions>
          <ns3:TrackPointExtension/>
        </extensions>
      </trkpt>
      <trkpt lat="31.40398803167045116424560546875" lon="119.4875023327767848968505859375">
        <ele>10.6000003814697265625</ele>
        <time>2025-02-18T22:40:17.000Z</time>
        <extensions>
          <ns3:TrackPointExtension/>
        </extensions>
      </trkpt>
      <trkpt lat="31.40396573580801486968994140625" lon="119.487502165138721466064453125">
        <ele>10.3999996185302734375</ele>
        <time>2025-02-18T22:40:18.000Z</time>
        <extensions>
          <ns3:TrackPointExtension/>
        </extensions>
      </trkpt>
      <trkpt lat="31.4039430208504199981689453125" lon="119.4875013269484043121337890625">
        <ele>10.3999996185302734375</ele>
        <time>2025-02-18T22:40:19.000Z</time>
        <extensions>
          <ns3:TrackPointExtension/>
        </extensions>
      </trkpt>
      <trkpt lat="31.40392047353088855743408203125" lon="119.4875006563961505889892578125">
        <ele>10.19999980926513671875</ele>
        <time>2025-02-18T22:40:20.000Z</time>
        <extensions>
          <ns3:TrackPointExtension/>
        </extensions>
      </trkpt>
      <trkpt lat="31.40389792621135711669921875" lon="119.48750040493905544281005859375">
        <ele>10.19999980926513671875</ele>
        <time>2025-02-18T22:40:21.000Z</time>
        <extensions>
          <ns3:TrackPointExtension/>
        </extensions>
      </trkpt>
      <trkpt lat="31.4038749597966670989990234375" lon="119.48750090785324573516845703125">
        <ele>10.19999980926513671875</ele>
        <time>2025-02-18T22:40:22.000Z</time>
        <extensions>
          <ns3:TrackPointExtension/>
        </extensions>
      </trkpt>
      <trkpt lat="31.4038514904677867889404296875" lon="119.4875016622245311737060546875">
        <ele>10</ele>
        <time>2025-02-18T22:40:23.000Z</time>
        <extensions>
          <ns3:TrackPointExtension/>
        </extensions>
      </trkpt>
      <trkpt lat="31.403827853500843048095703125" lon="119.4875026680529117584228515625">
        <ele>10</ele>
        <time>2025-02-18T22:40:24.000Z</time>
        <extensions>
          <ns3:TrackPointExtension/>
        </extensions>
      </trkpt>
      <trkpt lat="31.40380513854324817657470703125" lon="119.4875040091574192047119140625">
        <ele>9.80000019073486328125</ele>
        <time>2025-02-18T22:40:25.000Z</time>
        <extensions>
          <ns3:TrackPointExtension/>
        </extensions>
      </trkpt>
      <trkpt lat="31.403783261775970458984375" lon="119.4875060208141803741455078125">
        <ele>9.80000019073486328125</ele>
        <time>2025-02-18T22:40:26.000Z</time>
        <extensions>
          <ns3:TrackPointExtension/>
        </extensions>
      </trkpt>
      <trkpt lat="31.403761804103851318359375" lon="119.48750778101384639739990234375">
        <ele>9.6000003814697265625</ele>
        <time>2025-02-18T22:40:27.000Z</time>
        <extensions>
          <ns3:TrackPointExtension/>
        </extensions>
      </trkpt>
      <trkpt lat="31.4037398435175418853759765625" lon="119.487508870661258697509765625">
        <ele>9.3999996185302734375</ele>
        <time>2025-02-18T22:40:28.000Z</time>
        <extensions>
          <ns3:TrackPointExtension/>
        </extensions>
      </trkpt>
      <trkpt lat="31.40371763147413730621337890625" lon="119.487509541213512420654296875">
        <ele>9.3999996185302734375</ele>
        <time>2025-02-18T22:40:29.000Z</time>
        <extensions>
          <ns3:TrackPointExtension/>
        </extensions>
      </trkpt>
      <trkpt lat="31.40369550324976444244384765625" lon="119.4875093735754489898681640625">
        <ele>9.19999980926513671875</ele>
        <time>2025-02-18T22:40:30.000Z</time>
        <extensions>
          <ns3:TrackPointExtension/>
        </extensions>
      </trkpt>
      <trkpt lat="31.4036734588444232940673828125" lon="119.487509541213512420654296875">
        <ele>9</ele>
        <time>2025-02-18T22:40:31.000Z</time>
        <extensions>
          <ns3:TrackPointExtension/>
        </extensions>
      </trkpt>
      <trkpt lat="31.4036516658961772918701171875" lon="119.48751046322286128997802734375">
        <ele>8.80000019073486328125</ele>
        <time>2025-02-18T22:40:32.000Z</time>
        <extensions>
          <ns3:TrackPointExtension/>
        </extensions>
      </trkpt>
      <trkpt lat="31.40362970530986785888671875" lon="119.4875120557844638824462890625">
        <ele>8.80000019073486328125</ele>
        <time>2025-02-18T22:40:33.000Z</time>
        <extensions>
          <ns3:TrackPointExtension/>
        </extensions>
      </trkpt>
      <trkpt lat="31.40360749326646327972412109375" lon="119.487514235079288482666015625">
        <ele>8.6000003814697265625</ele>
        <time>2025-02-18T22:40:34.000Z</time>
        <extensions>
          <ns3:TrackPointExtension/>
        </extensions>
      </trkpt>
      <trkpt lat="31.40358502976596355438232421875" lon="119.48751683346927165985107421875">
        <ele>8.3999996185302734375</ele>
        <time>2025-02-18T22:40:35.000Z</time>
        <extensions>
          <ns3:TrackPointExtension/>
        </extensions>
      </trkpt>
      <trkpt lat="31.40356256626546382904052734375" lon="119.4875187613070011138916015625">
        <ele>8.19999980926513671875</ele>
        <time>2025-02-18T22:40:36.000Z</time>
        <extensions>
          <ns3:TrackPointExtension/>
        </extensions>
      </trkpt>
      <trkpt lat="31.40354077331721782684326171875" lon="119.48751934804022312164306640625">
        <ele>8</ele>
        <time>2025-02-18T22:40:37.000Z</time>
        <extensions>
          <ns3:TrackPointExtension/>
        </extensions>
      </trkpt>
      <trkpt lat="31.4035199023783206939697265625" lon="119.48752001859247684478759765625">
        <ele>8</ele>
        <time>2025-02-18T22:40:38.000Z</time>
        <extensions>
          <ns3:TrackPointExtension/>
        </extensions>
      </trkpt>
      <trkpt lat="31.403499282896518707275390625" lon="119.487521611154079437255859375">
        <ele>7.80000019073486328125</ele>
        <time>2025-02-18T22:40:39.000Z</time>
        <extensions>
          <ns3:TrackPointExtension/>
        </extensions>
      </trkpt>
      <trkpt lat="31.4034788310527801513671875" lon="119.4875241257250308990478515625">
        <ele>7.599999904632568359375</ele>
        <time>2025-02-18T22:40:40.000Z</time>
        <extensions>
          <ns3:TrackPointExtension/>
        </extensions>
      </trkpt>
      <trkpt lat="31.40345879830420017242431640625" lon="119.48752689175307750701904296875">
        <ele>7.599999904632568359375</ele>
        <time>2025-02-18T22:40:41.000Z</time>
        <extensions>
          <ns3:TrackPointExtension/>
        </extensions>
      </trkpt>
      <trkpt lat="31.40343901701271533966064453125" lon="119.48753024451434612274169921875">
        <ele>7.400000095367431640625</ele>
        <time>2025-02-18T22:40:42.000Z</time>
        <extensions>
          <ns3:TrackPointExtension/>
        </extensions>
      </trkpt>
      <trkpt lat="31.4034198224544525146484375" lon="119.4875341840088367462158203125">
        <ele>7.19999980926513671875</ele>
        <time>2025-02-18T22:40:43.000Z</time>
        <extensions>
          <ns3:TrackPointExtension/>
        </extensions>
      </trkpt>
      <trkpt lat="31.40340113081037998199462890625" lon="119.4875382073223590850830078125">
        <ele>7.19999980926513671875</ele>
        <time>2025-02-18T22:40:44.000Z</time>
        <extensions>
          <ns3:TrackPointExtension/>
        </extensions>
      </trkpt>
      <trkpt lat="31.40338185243308544158935546875" lon="119.48754130862653255462646484375">
        <ele>7</ele>
        <time>2025-02-18T22:40:45.000Z</time>
        <extensions>
          <ns3:TrackPointExtension/>
        </extensions>
      </trkpt>
      <trkpt lat="31.40336106531322002410888671875" lon="119.4875432364642620086669921875">
        <ele>6.80000019073486328125</ele>
        <time>2025-02-18T22:40:46.000Z</time>
        <extensions>
          <ns3:TrackPointExtension/>
        </extensions>
      </trkpt>
      <trkpt lat="31.4033388532698154449462890625" lon="119.48754315264523029327392578125">
        <ele>6.80000019073486328125</ele>
        <time>2025-02-18T22:40:47.000Z</time>
        <extensions>
          <ns3:TrackPointExtension/>
        </extensions>
      </trkpt>
      <trkpt lat="31.4033152163028717041015625" lon="119.4875412248075008392333984375">
        <ele>6.599999904632568359375</ele>
        <time>2025-02-18T22:40:48.000Z</time>
        <extensions>
          <ns3:TrackPointExtension/>
        </extensions>
      </trkpt>
      <trkpt lat="31.403290741145610809326171875" lon="119.4875392131507396697998046875">
        <ele>6.400000095367431640625</ele>
        <time>2025-02-18T22:40:49.000Z</time>
        <extensions>
          <ns3:TrackPointExtension/>
        </extensions>
      </trkpt>
      <trkpt lat="31.4032664336264133453369140625" lon="119.48753845877945423126220703125">
        <ele>6.19999980926513671875</ele>
        <time>2025-02-18T22:40:50.000Z</time>
        <extensions>
          <ns3:TrackPointExtension/>
        </extensions>
      </trkpt>
      <trkpt lat="31.40324220992624759674072265625" lon="119.48753946460783481597900390625">
        <ele>6</ele>
        <time>2025-02-18T22:40:51.000Z</time>
        <extensions>
          <ns3:TrackPointExtension/>
        </extensions>
      </trkpt>
      <trkpt lat="31.4032181538641452789306640625" lon="119.487541727721691131591796875">
        <ele>6</ele>
        <time>2025-02-18T22:40:52.000Z</time>
        <extensions>
          <ns3:TrackPointExtension/>
        </extensions>
      </trkpt>
      <trkpt lat="31.4031940139830112457275390625" lon="119.48754432611167430877685546875">
        <ele>5.80000019073486328125</ele>
        <time>2025-02-18T22:40:53.000Z</time>
        <extensions>
          <ns3:TrackPointExtension/>
        </extensions>
      </trkpt>
      <trkpt lat="31.4031705446541309356689453125" lon="119.4875455833971500396728515625">
        <ele>5.80000019073486328125</ele>
        <time>2025-02-18T22:40:54.000Z</time>
        <extensions>
          <ns3:TrackPointExtension/>
        </extensions>
      </trkpt>
      <trkpt lat="31.40314757823944091796875" lon="119.487545080482959747314453125">
        <ele>5.599999904632568359375</ele>
        <time>2025-02-18T22:40:55.000Z</time>
        <extensions>
          <ns3:TrackPointExtension/>
        </extensions>
      </trkpt>
      <trkpt lat="31.4031252823770046234130859375" lon="119.48754382319748401641845703125">
        <ele>5.599999904632568359375</ele>
        <time>2025-02-18T22:40:56.000Z</time>
        <extensions>
          <ns3:TrackPointExtension/>
        </extensions>
      </trkpt>
      <trkpt lat="31.40310323797166347503662109375" lon="119.48754273355007171630859375">
        <ele>5.400000095367431640625</ele>
        <time>2025-02-18T22:40:57.000Z</time>
        <extensions>
          <ns3:TrackPointExtension/>
        </extensions>
      </trkpt>
      <trkpt lat="31.40308077447116374969482421875" lon="119.48754248209297657012939453125">
        <ele>5.400000095367431640625</ele>
        <time>2025-02-18T22:40:58.000Z</time>
        <extensions>
          <ns3:TrackPointExtension/>
        </extensions>
      </trkpt>
      <trkpt lat="31.4030582271516323089599609375" lon="119.487543404102325439453125">
        <ele>5.400000095367431640625</ele>
        <time>2025-02-18T22:40:59.000Z</time>
        <extensions>
          <ns3:TrackPointExtension/>
        </extensions>
      </trkpt>
      <trkpt lat="31.4030360989272594451904296875" lon="119.48754516430199146270751953125">
        <ele>5.19999980926513671875</ele>
        <time>2025-02-18T22:41:00.000Z</time>
        <extensions>
          <ns3:TrackPointExtension/>
        </extensions>
      </trkpt>
      <trkpt lat="31.4030148088932037353515625" lon="119.48754633776843547821044921875">
        <ele>5.19999980926513671875</ele>
        <time>2025-02-18T22:41:01.000Z</time>
        <extensions>
          <ns3:TrackPointExtension/>
        </extensions>
      </trkpt>
      <trkpt lat="31.40299460850656032562255859375" lon="119.4875465892255306243896484375">
        <ele>5.19999980926513671875</ele>
        <time>2025-02-18T22:41:02.000Z</time>
        <extensions>
          <ns3:TrackPointExtension/>
        </extensions>
      </trkpt>
      <trkpt lat="31.40297524631023406982421875" lon="119.48754650540649890899658203125">
        <ele>5</ele>
        <time>2025-02-18T22:41:03.000Z</time>
        <extensions>
          <ns3:TrackPointExtension/>
        </extensions>
      </trkpt>
      <trkpt lat="31.40295688994228839874267578125" lon="119.487546421587467193603515625">
        <ele>5</ele>
        <time>2025-02-18T22:41:04.000Z</time>
        <extensions>
          <ns3:TrackPointExtension/>
        </extensions>
      </trkpt>
      <trkpt lat="31.40293769538402557373046875" lon="119.48754684068262577056884765625">
        <ele>5</ele>
        <time>2025-02-18T22:41:05.000Z</time>
        <extensions>
          <ns3:TrackPointExtension/>
        </extensions>
      </trkpt>
      <trkpt lat="31.40291581861674785614013671875" lon="119.4875482656061649322509765625">
        <ele>5.19999980926513671875</ele>
        <time>2025-02-18T22:41:06.000Z</time>
        <extensions>
          <ns3:TrackPointExtension/>
        </extensions>
      </trkpt>
      <trkpt lat="31.40289218164980411529541015625" lon="119.487550444900989532470703125">
        <ele>5.19999980926513671875</ele>
        <time>2025-02-18T22:41:07.000Z</time>
        <extensions>
          <ns3:TrackPointExtension>
            <ns3:hr>138</ns3:hr>
          </ns3:TrackPointExtension>
        </extensions>
      </trkpt>
      <trkpt lat="31.40286787413060665130615234375" lon="119.4875527918338775634765625">
        <ele>5.400000095367431640625</ele>
        <time>2025-02-18T22:41:08.000Z</time>
        <extensions>
          <ns3:TrackPointExtension/>
        </extensions>
      </trkpt>
      <trkpt lat="31.402844488620758056640625" lon="119.48755539022386074066162109375">
        <ele>5.400000095367431640625</ele>
        <time>2025-02-18T22:41:09.000Z</time>
        <extensions>
          <ns3:TrackPointExtension>
            <ns3:hr>131</ns3:hr>
          </ns3:TrackPointExtension>
        </extensions>
      </trkpt>
      <trkpt lat="31.40282177366316318511962890625" lon="119.48755740188062191009521484375">
        <ele>5.599999904632568359375</ele>
        <time>2025-02-18T22:41:10.000Z</time>
        <extensions>
          <ns3:TrackPointExtension/>
        </extensions>
      </trkpt>
      <trkpt lat="31.40279956161975860595703125" lon="119.4875586591660976409912109375">
        <ele>5.599999904632568359375</ele>
        <time>2025-02-18T22:41:11.000Z</time>
        <extensions>
          <ns3:TrackPointExtension/>
        </extensions>
      </trkpt>
      <trkpt lat="31.40277734957635402679443359375" lon="119.487559497356414794921875">
        <ele>5.599999904632568359375</ele>
        <time>2025-02-18T22:41:12.000Z</time>
        <extensions>
          <ns3:TrackPointExtension/>
        </extensions>
      </trkpt>
      <trkpt lat="31.40275438316166400909423828125" lon="119.48755991645157337188720703125">
        <ele>5.80000019073486328125</ele>
        <time>2025-02-18T22:41:13.000Z</time>
        <extensions>
          <ns3:TrackPointExtension/>
        </extensions>
      </trkpt>
      <trkpt lat="31.40273141674697399139404296875" lon="119.48755974881350994110107421875">
        <ele>5.80000019073486328125</ele>
        <time>2025-02-18T22:41:14.000Z</time>
        <extensions>
          <ns3:TrackPointExtension>
            <ns3:hr>131</ns3:hr>
          </ns3:TrackPointExtension>
        </extensions>
      </trkpt>
      <trkpt lat="31.4027090370655059814453125" lon="119.487559162080287933349609375">
        <ele>6</ele>
        <time>2025-02-18T22:41:15.000Z</time>
        <extensions>
          <ns3:TrackPointExtension/>
        </extensions>
      </trkpt>
      <trkpt lat="31.40268690884113311767578125" lon="119.48755857534706592559814453125">
        <ele>6</ele>
        <time>2025-02-18T22:41:16.000Z</time>
        <extensions>
          <ns3:TrackPointExtension/>
        </extensions>
      </trkpt>
      <trkpt lat="31.40266318805515766143798828125" lon="119.48755773715674877166748046875">
        <ele>6</ele>
        <time>2025-02-18T22:41:17.000Z</time>
        <extensions>
          <ns3:TrackPointExtension/>
        </extensions>
      </trkpt>
      <trkpt lat="31.4026384614408016204833984375" lon="119.48755656369030475616455078125">
        <ele>6.19999980926513671875</ele>
        <time>2025-02-18T22:41:18.000Z</time>
        <extensions>
          <ns3:TrackPointExtension/>
        </extensions>
      </trkpt>
      <trkpt lat="31.4026139862835407257080078125" lon="119.48755589313805103302001953125">
        <ele>6.19999980926513671875</ele>
        <time>2025-02-18T22:41:19.000Z</time>
        <extensions>
          <ns3:TrackPointExtension/>
        </extensions>
      </trkpt>
      <trkpt lat="31.40259043313562870025634765625" lon="119.48755673132836818695068359375">
        <ele>6.400000095367431640625</ele>
        <time>2025-02-18T22:41:20.000Z</time>
        <extensions>
          <ns3:TrackPointExtension/>
        </extensions>
      </trkpt>
      <trkpt lat="31.4025673829019069671630859375" lon="119.487558491528034210205078125">
        <ele>6.400000095367431640625</ele>
        <time>2025-02-18T22:41:21.000Z</time>
        <extensions>
          <ns3:TrackPointExtension/>
        </extensions>
      </trkpt>
      <trkpt lat="31.40254483558237552642822265625" lon="119.4875613413751125335693359375">
        <ele>6.400000095367431640625</ele>
        <time>2025-02-18T22:41:22.000Z</time>
        <extensions>
          <ns3:TrackPointExtension>
            <ns3:hr>130</ns3:hr>
          </ns3:TrackPointExtension>
        </extensions>
      </trkpt>
      <trkpt lat="31.402522958815097808837890625" lon="119.48756528086960315704345703125">
        <ele>6.599999904632568359375</ele>
        <time>2025-02-18T22:41:23.000Z</time>
        <extensions>
          <ns3:TrackPointExtension/>
        </extensions>
      </trkpt>
      <trkpt lat="31.4025006629526615142822265625" lon="119.48756947182118892669677734375">
        <ele>6.599999904632568359375</ele>
        <time>2025-02-18T22:41:24.000Z</time>
        <extensions>
          <ns3:TrackPointExtension/>
        </extensions>
      </trkpt>
      <trkpt lat="31.40247794799506664276123046875" lon="119.48757299222052097320556640625">
        <ele>6.80000019073486328125</ele>
        <time>2025-02-18T22:41:25.000Z</time>
        <extensions>
          <ns3:TrackPointExtension>
            <ns3:hr>130</ns3:hr>
          </ns3:TrackPointExtension>
        </extensions>
      </trkpt>
      <trkpt lat="31.40245531685650348663330078125" lon="119.48757483623921871185302734375">
        <ele>6.80000019073486328125</ele>
        <time>2025-02-18T22:41:26.000Z</time>
        <extensions>
          <ns3:TrackPointExtension/>
        </extensions>
      </trkpt>
      <trkpt lat="31.4024332724511623382568359375" lon="119.48757567442953586578369140625">
        <ele>6.80000019073486328125</ele>
        <time>2025-02-18T22:41:27.000Z</time>
        <extensions>
          <ns3:TrackPointExtension/>
        </extensions>
      </trkpt>
      <trkpt lat="31.40241122804582118988037109375" lon="119.4875767640769481658935546875">
        <ele>7</ele>
        <time>2025-02-18T22:41:28.000Z</time>
        <extensions>
          <ns3:TrackPointExtension/>
        </extensions>
      </trkpt>
      <trkpt lat="31.40238943509757518768310546875" lon="119.48757835663855075836181640625">
        <ele>7</ele>
        <time>2025-02-18T22:41:29.000Z</time>
        <extensions>
          <ns3:TrackPointExtension/>
        </extensions>
      </trkpt>
      <trkpt lat="31.402368061244487762451171875" lon="119.4875797815620899200439453125">
        <ele>6.80000019073486328125</ele>
        <time>2025-02-18T22:41:30.000Z</time>
        <extensions>
          <ns3:TrackPointExtension/>
        </extensions>
      </trkpt>
      <trkpt lat="31.40234668739140033721923828125" lon="119.48758020065724849700927734375">
        <ele>6.80000019073486328125</ele>
        <time>2025-02-18T22:41:31.000Z</time>
        <extensions>
          <ns3:TrackPointExtension/>
        </extensions>
      </trkpt>
      <trkpt lat="31.40232522971928119659423828125" lon="119.4875801168382167816162109375">
        <ele>6.80000019073486328125</ele>
        <time>2025-02-18T22:41:32.000Z</time>
        <extensions>
          <ns3:TrackPointExtension>
            <ns3:hr>129</ns3:hr>
          </ns3:TrackPointExtension>
        </extensions>
      </trkpt>
      <trkpt lat="31.4023028500378131866455078125" lon="119.48758003301918506622314453125">
        <ele>6.80000019073486328125</ele>
        <time>2025-02-18T22:41:33.000Z</time>
        <extensions>
          <ns3:TrackPointExtension/>
        </extensions>
      </trkpt>
      <trkpt lat="31.402280218899250030517578125" lon="119.48758036829531192779541015625">
        <ele>6.80000019073486328125</ele>
        <time>2025-02-18T22:41:34.000Z</time>
        <extensions>
          <ns3:TrackPointExtension>
            <ns3:hr>130</ns3:hr>
          </ns3:TrackPointExtension>
        </extensions>
      </trkpt>
      <trkpt lat="31.402258090674877166748046875" lon="119.487581290304660797119140625">
        <ele>6.80000019073486328125</ele>
        <time>2025-02-18T22:41:35.000Z</time>
        <extensions>
          <ns3:TrackPointExtension/>
        </extensions>
      </trkpt>
      <trkpt lat="31.402236633002758026123046875" lon="119.4875822961330413818359375">
        <ele>6.80000019073486328125</ele>
        <time>2025-02-18T22:41:36.000Z</time>
        <extensions>
          <ns3:TrackPointExtension/>
        </extensions>
      </trkpt>
      <trkpt lat="31.4022146724164485931396484375" lon="119.4875824637711048126220703125">
        <ele>6.80000019073486328125</ele>
        <time>2025-02-18T22:41:37.000Z</time>
        <extensions>
          <ns3:TrackPointExtension/>
        </extensions>
      </trkpt>
      <trkpt lat="31.40219178982079029083251953125" lon="119.487582631409168243408203125">
        <ele>6.80000019073486328125</ele>
        <time>2025-02-18T22:41:38.000Z</time>
        <extensions>
          <ns3:TrackPointExtension>
            <ns3:hr>129</ns3:hr>
          </ns3:TrackPointExtension>
        </extensions>
      </trkpt>
      <trkpt lat="31.402168907225131988525390625" lon="119.48758296668529510498046875">
        <ele>6.80000019073486328125</ele>
        <time>2025-02-18T22:41:39.000Z</time>
        <extensions>
          <ns3:TrackPointExtension/>
        </extensions>
      </trkpt>
      <trkpt lat="31.40214619226753711700439453125" lon="119.48758305050432682037353515625">
        <ele>6.80000019073486328125</ele>
        <time>2025-02-18T22:41:40.000Z</time>
        <extensions>
          <ns3:TrackPointExtension/>
        </extensions>
      </trkpt>
      <trkpt lat="31.40212339349091053009033203125" lon="119.48758296668529510498046875">
        <ele>6.80000019073486328125</ele>
        <time>2025-02-18T22:41:41.000Z</time>
        <extensions>
          <ns3:TrackPointExtension/>
        </extensions>
      </trkpt>
      <trkpt lat="31.40210025943815708160400390625" lon="119.487583637237548828125">
        <ele>6.80000019073486328125</ele>
        <time>2025-02-18T22:41:42.000Z</time>
        <extensions>
          <ns3:TrackPointExtension/>
        </extensions>
      </trkpt>
      <trkpt lat="31.40207796357572078704833984375" lon="119.487585984170436859130859375">
        <ele>6.80000019073486328125</ele>
        <time>2025-02-18T22:41:43.000Z</time>
        <extensions>
          <ns3:TrackPointExtension>
            <ns3:hr>129</ns3:hr>
          </ns3:TrackPointExtension>
        </extensions>
      </trkpt>
      <trkpt lat="31.4020564220845699310302734375" lon="119.4875898398458957672119140625">
        <ele>6.599999904632568359375</ele>
        <time>2025-02-18T22:41:44.000Z</time>
        <extensions>
          <ns3:TrackPointExtension/>
        </extensions>
      </trkpt>
      <trkpt lat="31.40203404240310192108154296875" lon="119.4875941984355449676513671875">
        <ele>6.599999904632568359375</ele>
        <time>2025-02-18T22:41:45.000Z</time>
        <extensions>
          <ns3:TrackPointExtension/>
        </extensions>
      </trkpt>
      <trkpt lat="31.4020104892551898956298828125" lon="119.48759780265390872955322265625">
        <ele>6.400000095367431640625</ele>
        <time>2025-02-18T22:41:46.000Z</time>
        <extensions>
          <ns3:TrackPointExtension/>
        </extensions>
      </trkpt>
      <trkpt lat="31.4019866846501827239990234375" lon="119.48759973049163818359375">
        <ele>6.400000095367431640625</ele>
        <time>2025-02-18T22:41:47.000Z</time>
        <extensions>
          <ns3:TrackPointExtension/>
        </extensions>
      </trkpt>
      <trkpt lat="31.40196329914033412933349609375" lon="119.4875995628535747528076171875">
        <ele>6.19999980926513671875</ele>
        <time>2025-02-18T22:41:48.000Z</time>
        <extensions>
          <ns3:TrackPointExtension>
            <ns3:hr>119</ns3:hr>
          </ns3:TrackPointExtension>
        </extensions>
      </trkpt>
      <trkpt lat="31.40193915925920009613037109375" lon="119.487598054111003875732421875">
        <ele>6.19999980926513671875</ele>
        <time>2025-02-18T22:41:49.000Z</time>
        <extensions>
          <ns3:TrackPointExtension/>
        </extensions>
      </trkpt>
      <trkpt lat="31.40191535465419292449951171875" lon="119.487596713006496429443359375">
        <ele>6</ele>
        <time>2025-02-18T22:41:50.000Z</time>
        <extensions>
          <ns3:TrackPointExtension/>
        </extensions>
      </trkpt>
      <trkpt lat="31.40189222060143947601318359375" lon="119.48759579099714756011962890625">
        <ele>6</ele>
        <time>2025-02-18T22:41:51.000Z</time>
        <extensions>
          <ns3:TrackPointExtension/>
        </extensions>
      </trkpt>
      <trkpt lat="31.401869840919971466064453125" lon="119.4875957071781158447265625">
        <ele>6</ele>
        <time>2025-02-18T22:41:52.000Z</time>
        <extensions>
          <ns3:TrackPointExtension/>
        </extensions>
      </trkpt>
      <trkpt lat="31.4018485508859157562255859375" lon="119.48759637773036956787109375">
        <ele>6</ele>
        <time>2025-02-18T22:41:53.000Z</time>
        <extensions>
          <ns3:TrackPointExtension/>
        </extensions>
      </trkpt>
      <trkpt lat="31.40182751230895519256591796875" lon="119.487597383558750152587890625">
        <ele>6</ele>
        <time>2025-02-18T22:41:54.000Z</time>
        <extensions>
          <ns3:TrackPointExtension/>
        </extensions>
      </trkpt>
      <trkpt lat="31.40180638991296291351318359375" lon="119.48759864084422588348388671875">
        <ele>5.80000019073486328125</ele>
        <time>2025-02-18T22:41:55.000Z</time>
        <extensions>
          <ns3:TrackPointExtension/>
        </extensions>
      </trkpt>
      <trkpt lat="31.401784680783748626708984375" lon="119.48759914375841617584228515625">
        <ele>5.80000019073486328125</ele>
        <time>2025-02-18T22:41:56.000Z</time>
        <extensions>
          <ns3:TrackPointExtension/>
        </extensions>
      </trkpt>
      <trkpt lat="31.4017623849213123321533203125" lon="119.48759905993938446044921875">
        <ele>5.80000019073486328125</ele>
        <time>2025-02-18T22:41:57.000Z</time>
        <extensions>
          <ns3:TrackPointExtension/>
        </extensions>
      </trkpt>
      <trkpt lat="31.40173983760178089141845703125" lon="119.48759847320616245269775390625">
        <ele>5.599999904632568359375</ele>
        <time>2025-02-18T22:41:58.000Z</time>
        <extensions>
          <ns3:TrackPointExtension/>
        </extensions>
      </trkpt>
      <trkpt lat="31.40171720646321773529052734375" lon="119.48759713210165500640869140625">
        <ele>5.599999904632568359375</ele>
        <time>2025-02-18T22:41:59.000Z</time>
        <extensions>
          <ns3:TrackPointExtension/>
        </extensions>
      </trkpt>
      <trkpt lat="31.4016732014715671539306640625" lon="119.48759294115006923675537109375">
        <ele>5.400000095367431640625</ele>
        <time>2025-02-18T22:42:00.000Z</time>
        <extensions>
          <ns3:TrackPointExtension>
            <ns3:hr>126</ns3:hr>
          </ns3:TrackPointExtension>
        </extensions>
      </trkpt>
      <trkpt lat="31.4016514085233211517333984375" lon="119.4875905103981494903564453125">
        <ele>5.400000095367431640625</ele>
        <time>2025-02-18T22:42:01.000Z</time>
        <extensions>
          <ns3:TrackPointExtension/>
        </extensions>
      </trkpt>
      <trkpt lat="31.40163011848926544189453125" lon="119.48758841492235660552978515625">
        <ele>5.19999980926513671875</ele>
        <time>2025-02-18T22:42:02.000Z</time>
        <extensions>
          <ns3:TrackPointExtension/>
        </extensions>
      </trkpt>
      <trkpt lat="31.40160840936005115509033203125" lon="119.48758757673203945159912109375">
        <ele>5.19999980926513671875</ele>
        <time>2025-02-18T22:42:03.000Z</time>
        <extensions>
          <ns3:TrackPointExtension/>
        </extensions>
      </trkpt>
      <trkpt lat="31.40158544294536113739013671875" lon="119.48758900165557861328125">
        <ele>5</ele>
        <time>2025-02-18T22:42:04.000Z</time>
        <extensions>
          <ns3:TrackPointExtension/>
        </extensions>
      </trkpt>
      <trkpt lat="31.40156163834035396575927734375" lon="119.48759143240749835968017578125">
        <ele>5</ele>
        <time>2025-02-18T22:42:05.000Z</time>
        <extensions>
          <ns3:TrackPointExtension>
            <ns3:hr>121</ns3:hr>
          </ns3:TrackPointExtension>
        </extensions>
      </trkpt>
      <trkpt lat="31.401537917554378509521484375" lon="119.4875943660736083984375">
        <ele>5</ele>
        <time>2025-02-18T22:42:06.000Z</time>
        <extensions>
          <ns3:TrackPointExtension/>
        </extensions>
      </trkpt>
      <trkpt lat="31.4015142805874347686767578125" lon="119.4875972159206867218017578125">
        <ele>5</ele>
        <time>2025-02-18T22:42:07.000Z</time>
        <extensions>
          <ns3:TrackPointExtension/>
        </extensions>
      </trkpt>
      <trkpt lat="31.40149039216339588165283203125" lon="119.48759973049163818359375">
        <ele>5</ele>
        <time>2025-02-18T22:42:08.000Z</time>
        <extensions>
          <ns3:TrackPointExtension/>
        </extensions>
      </trkpt>
      <trkpt lat="31.4014670066535472869873046875" lon="119.4876015745103359222412109375">
        <ele>5</ele>
        <time>2025-02-18T22:42:09.000Z</time>
        <extensions>
          <ns3:TrackPointExtension/>
        </extensions>
      </trkpt>
      <trkpt lat="31.40144412405788898468017578125" lon="119.48760283179581165313720703125">
        <ele>5</ele>
        <time>2025-02-18T22:42:10.000Z</time>
        <extensions>
          <ns3:TrackPointExtension/>
        </extensions>
      </trkpt>
      <trkpt lat="31.4014215767383575439453125" lon="119.48760450817644596099853515625">
        <ele>5</ele>
        <time>2025-02-18T22:42:11.000Z</time>
        <extensions>
          <ns3:TrackPointExtension>
            <ns3:hr>121</ns3:hr>
          </ns3:TrackPointExtension>
        </extensions>
      </trkpt>
      <trkpt lat="31.40139936469495296478271484375" lon="119.48760618455708026885986328125">
        <ele>5</ele>
        <time>2025-02-18T22:42:12.000Z</time>
        <extensions>
          <ns3:TrackPointExtension/>
        </extensions>
      </trkpt>
      <trkpt lat="31.401376985013484954833984375" lon="119.48760752566158771514892578125">
        <ele>5</ele>
        <time>2025-02-18T22:42:13.000Z</time>
        <extensions>
          <ns3:TrackPointExtension/>
        </extensions>
      </trkpt>
      <trkpt lat="31.40135443769395351409912109375" lon="119.48760886676609516143798828125">
        <ele>5</ele>
        <time>2025-02-18T22:42:14.000Z</time>
        <extensions>
          <ns3:TrackPointExtension/>
        </extensions>
      </trkpt>
      <trkpt lat="31.40133147127926349639892578125" lon="119.48760987259447574615478515625">
        <ele>5</ele>
        <time>2025-02-18T22:42:15.000Z</time>
        <extensions>
          <ns3:TrackPointExtension/>
        </extensions>
      </trkpt>
      <trkpt lat="31.40130867250263690948486328125" lon="119.48761087842285633087158203125">
        <ele>5.19999980926513671875</ele>
        <time>2025-02-18T22:42:16.000Z</time>
        <extensions>
          <ns3:TrackPointExtension>
            <ns3:hr>121</ns3:hr>
          </ns3:TrackPointExtension>
        </extensions>
      </trkpt>
      <trkpt lat="31.4012862928211688995361328125" lon="119.4876119680702686309814453125">
        <ele>5.19999980926513671875</ele>
        <time>2025-02-18T22:42:17.000Z</time>
        <extensions>
          <ns3:TrackPointExtension/>
        </extensions>
      </trkpt>
      <trkpt lat="31.401263661682605743408203125" lon="119.48761372826993465423583984375">
        <ele>5.400000095367431640625</ele>
        <time>2025-02-18T22:42:18.000Z</time>
        <extensions>
          <ns3:TrackPointExtension/>
        </extensions>
      </trkpt>
      <trkpt lat="31.40124044381082057952880859375" lon="119.48761607520282268524169921875">
        <ele>5.400000095367431640625</ele>
        <time>2025-02-18T22:42:19.000Z</time>
        <extensions>
          <ns3:TrackPointExtension/>
        </extensions>
      </trkpt>
      <trkpt lat="31.40121630392968654632568359375" lon="119.4876180030405521392822265625">
        <ele>5.400000095367431640625</ele>
        <time>2025-02-18T22:42:20.000Z</time>
        <extensions>
          <ns3:TrackPointExtension/>
        </extensions>
      </trkpt>
      <trkpt lat="31.40119149349629878997802734375" lon="119.48761942796409130096435546875">
        <ele>5.599999904632568359375</ele>
        <time>2025-02-18T22:42:21.000Z</time>
        <extensions>
          <ns3:TrackPointExtension/>
        </extensions>
      </trkpt>
      <trkpt lat="31.4011669345200061798095703125" lon="119.48761976324021816253662109375">
        <ele>5.599999904632568359375</ele>
        <time>2025-02-18T22:42:22.000Z</time>
        <extensions>
          <ns3:TrackPointExtension>
            <ns3:hr>122</ns3:hr>
          </ns3:TrackPointExtension>
        </extensions>
      </trkpt>
      <trkpt lat="31.40114321373403072357177734375" lon="119.48761926032602787017822265625">
        <ele>5.80000019073486328125</ele>
        <time>2025-02-18T22:42:23.000Z</time>
        <extensions>
          <ns3:TrackPointExtension>
            <ns3:hr>122</ns3:hr>
          </ns3:TrackPointExtension>
        </extensions>
      </trkpt>
      <trkpt lat="31.40112058259546756744384765625" lon="119.48761791922152042388916015625">
        <ele>5.80000019073486328125</ele>
        <time>2025-02-18T22:42:24.000Z</time>
        <extensions>
          <ns3:TrackPointExtension/>
        </extensions>
      </trkpt>
      <trkpt lat="31.401099376380443572998046875" lon="119.487616829574108123779296875">
        <ele>6</ele>
        <time>2025-02-18T22:42:25.000Z</time>
        <extensions>
          <ns3:TrackPointExtension/>
        </extensions>
      </trkpt>
      <trkpt lat="31.401079595088958740234375" lon="119.48761674575507640838623046875">
        <ele>6</ele>
        <time>2025-02-18T22:42:26.000Z</time>
        <extensions>
          <ns3:TrackPointExtension/>
        </extensions>
      </trkpt>
      <trkpt lat="31.401059813797473907470703125" lon="119.48761708103120326995849609375">
        <ele>6</ele>
        <time>2025-02-18T22:42:27.000Z</time>
        <extensions>
          <ns3:TrackPointExtension/>
        </extensions>
      </trkpt>
      <trkpt lat="31.4010385237634181976318359375" lon="119.487618841230869293212890625">
        <ele>6</ele>
        <time>2025-02-18T22:42:28.000Z</time>
        <extensions>
          <ns3:TrackPointExtension/>
        </extensions>
      </trkpt>
      <trkpt lat="31.4010153897106647491455078125" lon="119.4876223616302013397216796875">
        <ele>6</ele>
        <time>2025-02-18T22:42:29.000Z</time>
        <extensions>
          <ns3:TrackPointExtension/>
        </extensions>
      </trkpt>
      <trkpt lat="31.4009909145534038543701171875" lon="119.4876273907721042633056640625">
        <ele>6</ele>
        <time>2025-02-18T22:42:30.000Z</time>
        <extensions>
          <ns3:TrackPointExtension/>
        </extensions>
      </trkpt>
      <trkpt lat="31.4009664393961429595947265625" lon="119.4876320846378803253173828125">
        <ele>6</ele>
        <time>2025-02-18T22:42:31.000Z</time>
        <extensions>
          <ns3:TrackPointExtension/>
        </extensions>
      </trkpt>
      <trkpt lat="31.40094280242919921875" lon="119.48763535358011722564697265625">
        <ele>6</ele>
        <time>2025-02-18T22:42:32.000Z</time>
        <extensions>
          <ns3:TrackPointExtension/>
        </extensions>
      </trkpt>
      <trkpt lat="31.4009198360145092010498046875" lon="119.48763795197010040283203125">
        <ele>6</ele>
        <time>2025-02-18T22:42:33.000Z</time>
        <extensions>
          <ns3:TrackPointExtension/>
        </extensions>
      </trkpt>
      <trkpt lat="31.4008973725140094757080078125" lon="119.487640298902988433837890625">
        <ele>6</ele>
        <time>2025-02-18T22:42:34.000Z</time>
        <extensions>
          <ns3:TrackPointExtension/>
        </extensions>
      </trkpt>
      <trkpt lat="31.40087532810866832733154296875" lon="119.4876428134739398956298828125">
        <ele>6</ele>
        <time>2025-02-18T22:42:35.000Z</time>
        <extensions>
          <ns3:TrackPointExtension/>
        </extensions>
      </trkpt>
      <trkpt lat="31.40085303224623203277587890625" lon="119.4876441545784473419189453125">
        <ele>6</ele>
        <time>2025-02-18T22:42:36.000Z</time>
        <extensions>
          <ns3:TrackPointExtension/>
        </extensions>
      </trkpt>
      <trkpt lat="31.40082989819347858428955078125" lon="119.48764465749263763427734375">
        <ele>6</ele>
        <time>2025-02-18T22:42:37.000Z</time>
        <extensions>
          <ns3:TrackPointExtension>
            <ns3:hr>129</ns3:hr>
          </ns3:TrackPointExtension>
        </extensions>
      </trkpt>
      <trkpt lat="31.400805674493312835693359375" lon="119.48764608241617679595947265625">
        <ele>6</ele>
        <time>2025-02-18T22:42:38.000Z</time>
        <extensions>
          <ns3:TrackPointExtension/>
        </extensions>
      </trkpt>
      <trkpt lat="31.40078027732670307159423828125" lon="119.48764826171100139617919921875">
        <ele>5.80000019073486328125</ele>
        <time>2025-02-18T22:42:39.000Z</time>
        <extensions>
          <ns3:TrackPointExtension/>
        </extensions>
      </trkpt>
      <trkpt lat="31.40075462870299816131591796875" lon="119.48765010572969913482666015625">
        <ele>5.80000019073486328125</ele>
        <time>2025-02-18T22:42:40.000Z</time>
        <extensions>
          <ns3:TrackPointExtension/>
        </extensions>
      </trkpt>
      <trkpt lat="31.40072998590767383575439453125" lon="119.487650357186794281005859375">
        <ele>5.599999904632568359375</ele>
        <time>2025-02-18T22:42:41.000Z</time>
        <extensions>
          <ns3:TrackPointExtension/>
        </extensions>
      </trkpt>
      <trkpt lat="31.40070584602653980255126953125" lon="119.4876495189964771270751953125">
        <ele>5.599999904632568359375</ele>
        <time>2025-02-18T22:42:42.000Z</time>
        <extensions>
          <ns3:TrackPointExtension/>
        </extensions>
      </trkpt>
      <trkpt lat="31.400682628154754638671875" lon="119.48764759115874767303466796875">
        <ele>5.400000095367431640625</ele>
        <time>2025-02-18T22:42:43.000Z</time>
        <extensions>
          <ns3:TrackPointExtension/>
        </extensions>
      </trkpt>
      <trkpt lat="31.4006606675684452056884765625" lon="119.48764465749263763427734375">
        <ele>5.400000095367431640625</ele>
        <time>2025-02-18T22:42:44.000Z</time>
        <extensions>
          <ns3:TrackPointExtension/>
        </extensions>
      </trkpt>
      <trkpt lat="31.400639377534389495849609375" lon="119.4876414723694324493408203125">
        <ele>5.400000095367431640625</ele>
        <time>2025-02-18T22:42:45.000Z</time>
        <extensions>
          <ns3:TrackPointExtension/>
        </extensions>
      </trkpt>
      <trkpt lat="31.40061733312904834747314453125" lon="119.4876386225223541259765625">
        <ele>5.19999980926513671875</ele>
        <time>2025-02-18T22:42:46.000Z</time>
        <extensions>
          <ns3:TrackPointExtension>
            <ns3:hr>131</ns3:hr>
          </ns3:TrackPointExtension>
        </extensions>
      </trkpt>
      <trkpt lat="31.4005942828953266143798828125" lon="119.487636946141719818115234375">
        <ele>5.19999980926513671875</ele>
        <time>2025-02-18T22:42:47.000Z</time>
        <extensions>
          <ns3:TrackPointExtension/>
        </extensions>
      </trkpt>
      <trkpt lat="31.4005711488425731658935546875" lon="119.487636275589466094970703125">
        <ele>5.19999980926513671875</ele>
        <time>2025-02-18T22:42:48.000Z</time>
        <extensions>
          <ns3:TrackPointExtension/>
        </extensions>
      </trkpt>
      <trkpt lat="31.400548182427883148193359375" lon="119.4876374490559101104736328125">
        <ele>5</ele>
        <time>2025-02-18T22:42:49.000Z</time>
        <extensions>
          <ns3:TrackPointExtension/>
        </extensions>
      </trkpt>
      <trkpt lat="31.4005258865654468536376953125" lon="119.4876404665410518646240234375">
        <ele>5</ele>
        <time>2025-02-18T22:42:50.000Z</time>
        <extensions>
          <ns3:TrackPointExtension/>
        </extensions>
      </trkpt>
      <trkpt lat="31.40050359070301055908203125" lon="119.4876441545784473419189453125">
        <ele>4.80000019073486328125</ele>
        <time>2025-02-18T22:42:51.000Z</time>
        <extensions>
          <ns3:TrackPointExtension/>
        </extensions>
      </trkpt>
      <trkpt lat="31.40048070810735225677490234375" lon="119.48764859698712825775146484375">
        <ele>4.80000019073486328125</ele>
        <time>2025-02-18T22:42:52.000Z</time>
        <extensions>
          <ns3:TrackPointExtension/>
        </extensions>
      </trkpt>
      <trkpt lat="31.40045723877847194671630859375" lon="119.4876538775861263275146484375">
        <ele>4.599999904632568359375</ele>
        <time>2025-02-18T22:42:53.000Z</time>
        <extensions>
          <ns3:TrackPointExtension>
            <ns3:hr>133</ns3:hr>
          </ns3:TrackPointExtension>
        </extensions>
      </trkpt>
      <trkpt lat="31.4004333503544330596923828125" lon="119.48765940964221954345703125">
        <ele>4.599999904632568359375</ele>
        <time>2025-02-18T22:42:54.000Z</time>
        <extensions>
          <ns3:TrackPointExtension/>
        </extensions>
      </trkpt>
      <trkpt lat="31.40040962956845760345458984375" lon="119.4876632653176784515380859375">
        <ele>4.599999904632568359375</ele>
        <time>2025-02-18T22:42:55.000Z</time>
        <extensions>
          <ns3:TrackPointExtension/>
        </extensions>
      </trkpt>
      <trkpt lat="31.40038666315376758575439453125" lon="119.4876654446125030517578125">
        <ele>4.599999904632568359375</ele>
        <time>2025-02-18T22:42:56.000Z</time>
        <extensions>
          <ns3:TrackPointExtension/>
        </extensions>
      </trkpt>
      <trkpt lat="31.40036411583423614501953125" lon="119.48766737245023250579833984375">
        <ele>4.599999904632568359375</ele>
        <time>2025-02-18T22:42:57.000Z</time>
        <extensions>
          <ns3:TrackPointExtension/>
        </extensions>
      </trkpt>
      <trkpt lat="31.40034123323857784271240234375" lon="119.48766921646893024444580078125">
        <ele>4.599999904632568359375</ele>
        <time>2025-02-18T22:42:58.000Z</time>
        <extensions>
          <ns3:TrackPointExtension/>
        </extensions>
      </trkpt>
      <trkpt lat="31.4003176800906658172607421875" lon="119.48767089284956455230712890625">
        <ele>4.599999904632568359375</ele>
        <time>2025-02-18T22:42:59.000Z</time>
        <extensions>
          <ns3:TrackPointExtension/>
        </extensions>
      </trkpt>
      <trkpt lat="31.40029345639050006866455078125" lon="119.48767206631600856781005859375">
        <ele>4.599999904632568359375</ele>
        <time>2025-02-18T22:43:00.000Z</time>
        <extensions>
          <ns3:TrackPointExtension>
            <ns3:hr>135</ns3:hr>
          </ns3:TrackPointExtension>
        </extensions>
      </trkpt>
      <trkpt lat="31.400269567966461181640625" lon="119.48767407797276973724365234375">
        <ele>4.599999904632568359375</ele>
        <time>2025-02-18T22:43:01.000Z</time>
        <extensions>
          <ns3:TrackPointExtension/>
        </extensions>
      </trkpt>
      <trkpt lat="31.40024651773273944854736328125" lon="119.487677179276943206787109375">
        <ele>4.80000019073486328125</ele>
        <time>2025-02-18T22:43:02.000Z</time>
        <extensions>
          <ns3:TrackPointExtension/>
        </extensions>
      </trkpt>
      <trkpt lat="31.4002238027751445770263671875" lon="119.48768028058111667633056640625">
        <ele>4.80000019073486328125</ele>
        <time>2025-02-18T22:43:03.000Z</time>
        <extensions>
          <ns3:TrackPointExtension/>
        </extensions>
      </trkpt>
      <trkpt lat="31.40020192600786685943603515625" lon="119.487682543694972991943359375">
        <ele>5</ele>
        <time>2025-02-18T22:43:04.000Z</time>
        <extensions>
          <ns3:TrackPointExtension/>
        </extensions>
      </trkpt>
      <trkpt lat="31.4001798816025257110595703125" lon="119.48768354952335357666015625">
        <ele>5</ele>
        <time>2025-02-18T22:43:05.000Z</time>
        <extensions>
          <ns3:TrackPointExtension/>
        </extensions>
      </trkpt>
      <trkpt lat="31.40015632845461368560791015625" lon="119.48768447153270244598388671875">
        <ele>5</ele>
        <time>2025-02-18T22:43:06.000Z</time>
        <extensions>
          <ns3:TrackPointExtension/>
        </extensions>
      </trkpt>
      <trkpt lat="31.4001314342021942138671875" lon="119.48768497444689273834228515625">
        <ele>5.19999980926513671875</ele>
        <time>2025-02-18T22:43:07.000Z</time>
        <extensions>
          <ns3:TrackPointExtension>
            <ns3:hr>132</ns3:hr>
          </ns3:TrackPointExtension>
        </extensions>
      </trkpt>
      <trkpt lat="31.40010704286396503448486328125" lon="119.48768430389463901519775390625">
        <ele>5.19999980926513671875</ele>
        <time>2025-02-18T22:43:08.000Z</time>
        <extensions>
          <ns3:TrackPointExtension>
            <ns3:hr>130</ns3:hr>
          </ns3:TrackPointExtension>
        </extensions>
      </trkpt>
      <trkpt lat="31.4000836573541164398193359375" lon="119.48768296279013156890869140625">
        <ele>5.400000095367431640625</ele>
        <time>2025-02-18T22:43:09.000Z</time>
        <extensions>
          <ns3:TrackPointExtension/>
        </extensions>
      </trkpt>
      <trkpt lat="31.40006111003458499908447265625" lon="119.4876810349524021148681640625">
        <ele>5.400000095367431640625</ele>
        <time>2025-02-18T22:43:10.000Z</time>
        <extensions>
          <ns3:TrackPointExtension/>
        </extensions>
      </trkpt>
      <trkpt lat="31.4000394009053707122802734375" lon="119.48767961002886295318603515625">
        <ele>5.400000095367431640625</ele>
        <time>2025-02-18T22:43:11.000Z</time>
        <extensions>
          <ns3:TrackPointExtension/>
        </extensions>
      </trkpt>
      <trkpt lat="31.40001769177615642547607421875" lon="119.4876790232956409454345703125">
        <ele>5.599999904632568359375</ele>
        <time>2025-02-18T22:43:12.000Z</time>
        <extensions>
          <ns3:TrackPointExtension/>
        </extensions>
      </trkpt>
      <trkpt lat="31.39999556355178356170654296875" lon="119.48768044821918010711669921875">
        <ele>5.599999904632568359375</ele>
        <time>2025-02-18T22:43:13.000Z</time>
        <extensions>
          <ns3:TrackPointExtension/>
        </extensions>
      </trkpt>
      <trkpt lat="31.39997326768934726715087890625" lon="119.487684555351734161376953125">
        <ele>5.80000019073486328125</ele>
        <time>2025-02-18T22:43:14.000Z</time>
        <extensions>
          <ns3:TrackPointExtension/>
        </extensions>
      </trkpt>
      <trkpt lat="31.39995113946497440338134765625" lon="119.487690590322017669677734375">
        <ele>5.80000019073486328125</ele>
        <time>2025-02-18T22:43:15.000Z</time>
        <extensions>
          <ns3:TrackPointExtension/>
        </extensions>
      </trkpt>
      <trkpt lat="31.399929933249950408935546875" lon="119.48769704438745975494384765625">
        <ele>5.80000019073486328125</ele>
        <time>2025-02-18T22:43:16.000Z</time>
        <extensions>
          <ns3:TrackPointExtension/>
        </extensions>
      </trkpt>
      <trkpt lat="31.3999093137681484222412109375" lon="119.48770307935774326324462890625">
        <ele>6</ele>
        <time>2025-02-18T22:43:17.000Z</time>
        <extensions>
          <ns3:TrackPointExtension>
            <ns3:hr>131</ns3:hr>
          </ns3:TrackPointExtension>
        </extensions>
      </trkpt>
      <trkpt lat="31.399888694286346435546875" lon="119.48770877905189990997314453125">
        <ele>6</ele>
        <time>2025-02-18T22:43:18.000Z</time>
        <extensions>
          <ns3:TrackPointExtension/>
        </extensions>
      </trkpt>
      <trkpt lat="31.39986782334744930267333984375" lon="119.48771397583186626434326171875">
        <ele>6</ele>
        <time>2025-02-18T22:43:19.000Z</time>
        <extensions>
          <ns3:TrackPointExtension>
            <ns3:hr>130</ns3:hr>
          </ns3:TrackPointExtension>
        </extensions>
      </trkpt>
      <trkpt lat="31.3998462818562984466552734375" lon="119.48771841824054718017578125">
        <ele>6</ele>
        <time>2025-02-18T22:43:20.000Z</time>
        <extensions>
          <ns3:TrackPointExtension/>
        </extensions>
      </trkpt>
      <trkpt lat="31.39982390217483043670654296875" lon="119.4877222739160060882568359375">
        <ele>6</ele>
        <time>2025-02-18T22:43:21.000Z</time>
        <extensions>
          <ns3:TrackPointExtension/>
        </extensions>
      </trkpt>
      <trkpt lat="31.39980060048401355743408203125" lon="119.48772554285824298858642578125">
        <ele>6</ele>
        <time>2025-02-18T22:43:22.000Z</time>
        <extensions>
          <ns3:TrackPointExtension/>
        </extensions>
      </trkpt>
      <trkpt lat="31.3997768796980381011962890625" lon="119.4877293147146701812744140625">
        <ele>6</ele>
        <time>2025-02-18T22:43:23.000Z</time>
        <extensions>
          <ns3:TrackPointExtension/>
        </extensions>
      </trkpt>
      <trkpt lat="31.39975366182625293731689453125" lon="119.487732835114002227783203125">
        <ele>6</ele>
        <time>2025-02-18T22:43:24.000Z</time>
        <extensions>
          <ns3:TrackPointExtension/>
        </extensions>
      </trkpt>
      <trkpt lat="31.39973153360188007354736328125" lon="119.48773476295173168182373046875">
        <ele>6</ele>
        <time>2025-02-18T22:43:25.000Z</time>
        <extensions>
          <ns3:TrackPointExtension/>
        </extensions>
      </trkpt>
      <trkpt lat="31.399709321558475494384765625" lon="119.4877360202372074127197265625">
        <ele>6</ele>
        <time>2025-02-18T22:43:26.000Z</time>
        <extensions>
          <ns3:TrackPointExtension/>
        </extensions>
      </trkpt>
      <trkpt lat="31.3996861875057220458984375" lon="119.487738199532032012939453125">
        <ele>6</ele>
        <time>2025-02-18T22:43:27.000Z</time>
        <extensions>
          <ns3:TrackPointExtension>
            <ns3:hr>129</ns3:hr>
          </ns3:TrackPointExtension>
        </extensions>
      </trkpt>
      <trkpt lat="31.3996628858149051666259765625" lon="119.48774213902652263641357421875">
        <ele>6</ele>
        <time>2025-02-18T22:43:28.000Z</time>
        <extensions>
          <ns3:TrackPointExtension>
            <ns3:hr>129</ns3:hr>
          </ns3:TrackPointExtension>
        </extensions>
      </trkpt>
      <trkpt lat="31.39963950030505657196044921875" lon="119.48774666525423526763916015625">
        <ele>6</ele>
        <time>2025-02-18T22:43:29.000Z</time>
        <extensions>
          <ns3:TrackPointExtension/>
        </extensions>
      </trkpt>
      <trkpt lat="31.39961577951908111572265625" lon="119.48775119148194789886474609375">
        <ele>6</ele>
        <time>2025-02-18T22:43:30.000Z</time>
        <extensions>
          <ns3:TrackPointExtension/>
        </extensions>
      </trkpt>
      <trkpt lat="31.39959163963794708251953125" lon="119.4877558015286922454833984375">
        <ele>5.80000019073486328125</ele>
        <time>2025-02-18T22:43:31.000Z</time>
        <extensions>
          <ns3:TrackPointExtension/>
        </extensions>
      </trkpt>
      <trkpt lat="31.39956708066165447235107421875" lon="119.4877601601183414459228515625">
        <ele>5.80000019073486328125</ele>
        <time>2025-02-18T22:43:32.000Z</time>
        <extensions>
          <ns3:TrackPointExtension/>
        </extensions>
      </trkpt>
      <trkpt lat="31.3995425216853618621826171875" lon="119.48776409961283206939697265625">
        <ele>5.80000019073486328125</ele>
        <time>2025-02-18T22:43:33.000Z</time>
        <extensions>
          <ns3:TrackPointExtension/>
        </extensions>
      </trkpt>
      <trkpt lat="31.39951829798519611358642578125" lon="119.48776644654572010040283203125">
        <ele>5.599999904632568359375</ele>
        <time>2025-02-18T22:43:34.000Z</time>
        <extensions>
          <ns3:TrackPointExtension/>
        </extensions>
      </trkpt>
      <trkpt lat="31.39949466101825237274169921875" lon="119.48776762001216411590576171875">
        <ele>5.599999904632568359375</ele>
        <time>2025-02-18T22:43:35.000Z</time>
        <extensions>
          <ns3:TrackPointExtension>
            <ns3:hr>131</ns3:hr>
          </ns3:TrackPointExtension>
        </extensions>
      </trkpt>
      <trkpt lat="31.39947094023227691650390625" lon="119.4877672009170055389404296875">
        <ele>5.400000095367431640625</ele>
        <time>2025-02-18T22:43:36.000Z</time>
        <extensions>
          <ns3:TrackPointExtension/>
        </extensions>
      </trkpt>
      <trkpt lat="31.399446465075016021728515625" lon="119.487765692174434661865234375">
        <ele>5.400000095367431640625</ele>
        <time>2025-02-18T22:43:37.000Z</time>
        <extensions>
          <ns3:TrackPointExtension/>
        </extensions>
      </trkpt>
      <trkpt lat="31.39942173846065998077392578125" lon="119.48776401579380035400390625">
        <ele>5.19999980926513671875</ele>
        <time>2025-02-18T22:43:38.000Z</time>
        <extensions>
          <ns3:TrackPointExtension/>
        </extensions>
      </trkpt>
      <trkpt lat="31.3993970118463039398193359375" lon="119.48776275850832462310791015625">
        <ele>5.19999980926513671875</ele>
        <time>2025-02-18T22:43:39.000Z</time>
        <extensions>
          <ns3:TrackPointExtension/>
        </extensions>
      </trkpt>
      <trkpt lat="31.3993725366890430450439453125" lon="119.4877635128796100616455078125">
        <ele>5</ele>
        <time>2025-02-18T22:43:40.000Z</time>
        <extensions>
          <ns3:TrackPointExtension/>
        </extensions>
      </trkpt>
      <trkpt lat="31.39934864826500415802001953125" lon="119.48776644654572010040283203125">
        <ele>5</ele>
        <time>2025-02-18T22:43:41.000Z</time>
        <extensions>
          <ns3:TrackPointExtension>
            <ns3:hr>127</ns3:hr>
          </ns3:TrackPointExtension>
        </extensions>
      </trkpt>
      <trkpt lat="31.39932568185031414031982421875" lon="119.48777130804955959320068359375">
        <ele>5</ele>
        <time>2025-02-18T22:43:42.000Z</time>
        <extensions>
          <ns3:TrackPointExtension/>
        </extensions>
      </trkpt>
      <trkpt lat="31.3993041403591632843017578125" lon="119.4877769239246845245361328125">
        <ele>5.19999980926513671875</ele>
        <time>2025-02-18T22:43:43.000Z</time>
        <extensions>
          <ns3:TrackPointExtension/>
        </extensions>
      </trkpt>
      <trkpt lat="31.399284191429615020751953125" lon="119.48778237216174602508544921875">
        <ele>5.19999980926513671875</ele>
        <time>2025-02-18T22:43:44.000Z</time>
        <extensions>
          <ns3:TrackPointExtension>
            <ns3:hr>130</ns3:hr>
          </ns3:TrackPointExtension>
        </extensions>
      </trkpt>
      <trkpt lat="31.39926516450941562652587890625" lon="119.48778740130364894866943359375">
        <ele>5.19999980926513671875</ele>
        <time>2025-02-18T22:43:45.000Z</time>
        <extensions>
          <ns3:TrackPointExtension/>
        </extensions>
      </trkpt>
      <trkpt lat="31.39924622140824794769287109375" lon="119.48779192753136157989501953125">
        <ele>5.19999980926513671875</ele>
        <time>2025-02-18T22:43:46.000Z</time>
        <extensions>
          <ns3:TrackPointExtension/>
        </extensions>
      </trkpt>
      <trkpt lat="31.39922694303095340728759765625" lon="119.48779620230197906494140625">
        <ele>5.19999980926513671875</ele>
        <time>2025-02-18T22:43:47.000Z</time>
        <extensions>
          <ns3:TrackPointExtension/>
        </extensions>
      </trkpt>
      <trkpt lat="31.39920682646334171295166015625" lon="119.4877990521490573883056640625">
        <ele>5.19999980926513671875</ele>
        <time>2025-02-18T22:43:48.000Z</time>
        <extensions>
          <ns3:TrackPointExtension/>
        </extensions>
      </trkpt>
      <trkpt lat="31.399186290800571441650390625" lon="119.4877987168729305267333984375">
        <ele>5.19999980926513671875</ele>
        <time>2025-02-18T22:43:49.000Z</time>
        <extensions>
          <ns3:TrackPointExtension/>
        </extensions>
      </trkpt>
      <trkpt lat="31.39916642569005489349365234375" lon="119.4877941906452178955078125">
        <ele>5.19999980926513671875</ele>
        <time>2025-02-18T22:43:50.000Z</time>
        <extensions>
          <ns3:TrackPointExtension>
            <ns3:hr>131</ns3:hr>
          </ns3:TrackPointExtension>
        </extensions>
      </trkpt>
      <trkpt lat="31.3991470634937286376953125" lon="119.487787149846553802490234375">
        <ele>5.19999980926513671875</ele>
        <time>2025-02-18T22:43:51.000Z</time>
        <extensions>
          <ns3:TrackPointExtension/>
        </extensions>
      </trkpt>
      <trkpt lat="31.39912786893546581268310546875" lon="119.48778119869530200958251953125">
        <ele>5.19999980926513671875</ele>
        <time>2025-02-18T22:43:52.000Z</time>
        <extensions>
          <ns3:TrackPointExtension/>
        </extensions>
      </trkpt>
      <trkpt lat="31.399109177291393280029296875" lon="119.4877775944769382476806640625">
        <ele>5.19999980926513671875</ele>
        <time>2025-02-18T22:43:53.000Z</time>
        <extensions>
          <ns3:TrackPointExtension>
            <ns3:hr>131</ns3:hr>
          </ns3:TrackPointExtension>
        </extensions>
      </trkpt>
      <trkpt lat="31.3990909047424793243408203125" lon="119.4877762533724308013916015625">
        <ele>5.19999980926513671875</ele>
        <time>2025-02-18T22:43:54.000Z</time>
        <extensions>
          <ns3:TrackPointExtension/>
        </extensions>
      </trkpt>
      <trkpt lat="31.3990738056600093841552734375" lon="119.487776421010494232177734375">
        <ele>5.19999980926513671875</ele>
        <time>2025-02-18T22:43:55.000Z</time>
        <extensions>
          <ns3:TrackPointExtension/>
        </extensions>
      </trkpt>
      <trkpt lat="31.3990587182343006134033203125" lon="119.48777784593403339385986328125">
        <ele>5.19999980926513671875</ele>
        <time>2025-02-18T22:43:56.000Z</time>
        <extensions>
          <ns3:TrackPointExtension/>
        </extensions>
      </trkpt>
      <trkpt lat="31.399044804275035858154296875" lon="119.48777968995273113250732421875">
        <ele>5.19999980926513671875</ele>
        <time>2025-02-18T22:43:57.000Z</time>
        <extensions>
          <ns3:TrackPointExtension/>
        </extensions>
      </trkpt>
      <trkpt lat="31.39903047122061252593994140625" lon="119.48778103105723857879638671875">
        <ele>5.400000095367431640625</ele>
        <time>2025-02-18T22:43:58.000Z</time>
        <extensions>
          <ns3:TrackPointExtension/>
        </extensions>
      </trkpt>
      <trkpt lat="31.39901320450007915496826171875" lon="119.48778036050498485565185546875">
        <ele>5.400000095367431640625</ele>
        <time>2025-02-18T22:43:59.000Z</time>
        <extensions>
          <ns3:TrackPointExtension/>
        </extensions>
      </trkpt>
      <trkpt lat="31.3989914953708648681640625" lon="119.48777767829596996307373046875">
        <ele>5.400000095367431640625</ele>
        <time>2025-02-18T22:44:00.000Z</time>
        <extensions>
          <ns3:TrackPointExtension/>
        </extensions>
      </trkpt>
      <trkpt lat="31.398967690765857696533203125" lon="119.48777474462985992431640625">
        <ele>5.599999904632568359375</ele>
        <time>2025-02-18T22:44:01.000Z</time>
        <extensions>
          <ns3:TrackPointExtension>
            <ns3:hr>129</ns3:hr>
          </ns3:TrackPointExtension>
        </extensions>
      </trkpt>
      <trkpt lat="31.39894447289407253265380859375" lon="119.48777348734438419342041015625">
        <ele>5.599999904632568359375</ele>
        <time>2025-02-18T22:44:02.000Z</time>
        <extensions>
          <ns3:TrackPointExtension/>
        </extensions>
      </trkpt>
      <trkpt lat="31.39892242848873138427734375" lon="119.48777482844889163970947265625">
        <ele>5.80000019073486328125</ele>
        <time>2025-02-18T22:44:03.000Z</time>
        <extensions>
          <ns3:TrackPointExtension/>
        </extensions>
      </trkpt>
      <trkpt lat="31.39890071935951709747314453125" lon="119.4877772592008113861083984375">
        <ele>5.80000019073486328125</ele>
        <time>2025-02-18T22:44:04.000Z</time>
        <extensions>
          <ns3:TrackPointExtension/>
        </extensions>
      </trkpt>
      <trkpt lat="31.39887775294482707977294921875" lon="119.4877792708575725555419921875">
        <ele>5.80000019073486328125</ele>
        <time>2025-02-18T22:44:05.000Z</time>
        <extensions>
          <ns3:TrackPointExtension/>
        </extensions>
      </trkpt>
      <trkpt lat="31.3988541997969150543212890625" lon="119.48778069578111171722412109375">
        <ele>6</ele>
        <time>2025-02-18T22:44:06.000Z</time>
        <extensions>
          <ns3:TrackPointExtension/>
        </extensions>
      </trkpt>
      <trkpt lat="31.3988320715725421905517578125" lon="119.48778237216174602508544921875">
        <ele>6</ele>
        <time>2025-02-18T22:44:07.000Z</time>
        <extensions>
          <ns3:TrackPointExtension/>
        </extensions>
      </trkpt>
      <trkpt lat="31.39881187118589878082275390625" lon="119.487784802913665771484375">
        <ele>6</ele>
        <time>2025-02-18T22:44:08.000Z</time>
        <extensions>
          <ns3:TrackPointExtension/>
        </extensions>
      </trkpt>
      <trkpt lat="31.398791335523128509521484375" lon="119.487787149846553802490234375">
        <ele>6.19999980926513671875</ele>
        <time>2025-02-18T22:44:09.000Z</time>
        <extensions>
          <ns3:TrackPointExtension/>
        </extensions>
      </trkpt>
      <trkpt lat="31.398768536746501922607421875" lon="119.4877876527607440948486328125">
        <ele>6.19999980926513671875</ele>
        <time>2025-02-18T22:44:10.000Z</time>
        <extensions>
          <ns3:TrackPointExtension/>
        </extensions>
      </trkpt>
      <trkpt lat="31.39874406158924102783203125" lon="119.48778681457042694091796875">
        <ele>6.19999980926513671875</ele>
        <time>2025-02-18T22:44:11.000Z</time>
        <extensions>
          <ns3:TrackPointExtension>
            <ns3:hr>124</ns3:hr>
          </ns3:TrackPointExtension>
        </extensions>
      </trkpt>
      <trkpt lat="31.39871883206069469451904296875" lon="119.48778622783720493316650390625">
        <ele>6.19999980926513671875</ele>
        <time>2025-02-18T22:44:12.000Z</time>
        <extensions>
          <ns3:TrackPointExtension/>
        </extensions>
      </trkpt>
      <trkpt lat="31.3986932672560214996337890625" lon="119.48778681457042694091796875">
        <ele>6.19999980926513671875</ele>
        <time>2025-02-18T22:44:13.000Z</time>
        <extensions>
          <ns3:TrackPointExtension/>
        </extensions>
      </trkpt>
      <trkpt lat="31.39866761863231658935546875" lon="119.48778840713202953338623046875">
        <ele>6.19999980926513671875</ele>
        <time>2025-02-18T22:44:14.000Z</time>
        <extensions>
          <ns3:TrackPointExtension/>
        </extensions>
      </trkpt>
      <trkpt lat="31.39864305965602397918701171875" lon="119.48779058642685413360595703125">
        <ele>6.19999980926513671875</ele>
        <time>2025-02-18T22:44:15.000Z</time>
        <extensions>
          <ns3:TrackPointExtension/>
        </extensions>
      </trkpt>
      <trkpt lat="31.3986191712319850921630859375" lon="119.48779243044555187225341796875">
        <ele>6.19999980926513671875</ele>
        <time>2025-02-18T22:44:16.000Z</time>
        <extensions>
          <ns3:TrackPointExtension/>
        </extensions>
      </trkpt>
      <trkpt lat="31.39859612099826335906982421875" lon="119.487792514264583587646484375">
        <ele>6.19999980926513671875</ele>
        <time>2025-02-18T22:44:17.000Z</time>
        <extensions>
          <ns3:TrackPointExtension/>
        </extensions>
      </trkpt>
      <trkpt lat="31.39857374131679534912109375" lon="119.4877906702458858489990234375">
        <ele>6.19999980926513671875</ele>
        <time>2025-02-18T22:44:18.000Z</time>
        <extensions>
          <ns3:TrackPointExtension/>
        </extensions>
      </trkpt>
      <trkpt lat="31.3985516130924224853515625" lon="119.4877876527607440948486328125">
        <ele>6.19999980926513671875</ele>
        <time>2025-02-18T22:44:19.000Z</time>
        <extensions>
          <ns3:TrackPointExtension/>
        </extensions>
      </trkpt>
      <trkpt lat="31.3985293172299861907958984375" lon="119.48778421618044376373291015625">
        <ele>6.19999980926513671875</ele>
        <time>2025-02-18T22:44:20.000Z</time>
        <extensions>
          <ns3:TrackPointExtension/>
        </extensions>
      </trkpt>
      <trkpt lat="31.39850668609142303466796875" lon="119.487781785428524017333984375">
        <ele>6.19999980926513671875</ele>
        <time>2025-02-18T22:44:21.000Z</time>
        <extensions>
          <ns3:TrackPointExtension/>
        </extensions>
      </trkpt>
      <trkpt lat="31.3984847255051136016845703125" lon="119.48778036050498485565185546875">
        <ele>6.19999980926513671875</ele>
        <time>2025-02-18T22:44:22.000Z</time>
        <extensions>
          <ns3:TrackPointExtension>
            <ns3:hr>135</ns3:hr>
          </ns3:TrackPointExtension>
        </extensions>
      </trkpt>
      <trkpt lat="31.39846318401396274566650390625" lon="119.487779773771762847900390625">
        <ele>6.400000095367431640625</ele>
        <time>2025-02-18T22:44:23.000Z</time>
        <extensions>
          <ns3:TrackPointExtension>
            <ns3:hr>127</ns3:hr>
          </ns3:TrackPointExtension>
        </extensions>
      </trkpt>
      <trkpt lat="31.3984421454370021820068359375" lon="119.48777985759079456329345703125">
        <ele>6.599999904632568359375</ele>
        <time>2025-02-18T22:44:24.000Z</time>
        <extensions>
          <ns3:TrackPointExtension/>
        </extensions>
      </trkpt>
      <trkpt lat="31.3984206877648830413818359375" lon="119.48777968995273113250732421875">
        <ele>6.599999904632568359375</ele>
        <time>2025-02-18T22:44:25.000Z</time>
        <extensions>
          <ns3:TrackPointExtension/>
        </extensions>
      </trkpt>
      <trkpt lat="31.39839797280728816986083984375" lon="119.487777762115001678466796875">
        <ele>6.80000019073486328125</ele>
        <time>2025-02-18T22:44:26.000Z</time>
        <extensions>
          <ns3:TrackPointExtension/>
        </extensions>
      </trkpt>
      <trkpt lat="31.398374252021312713623046875" lon="119.48777399025857448577880859375">
        <ele>7</ele>
        <time>2025-02-18T22:44:27.000Z</time>
        <extensions>
          <ns3:TrackPointExtension/>
        </extensions>
      </trkpt>
      <trkpt lat="31.398350112140178680419921875" lon="119.48776996694505214691162109375">
        <ele>7.19999980926513671875</ele>
        <time>2025-02-18T22:44:28.000Z</time>
        <extensions>
          <ns3:TrackPointExtension/>
        </extensions>
      </trkpt>
      <trkpt lat="31.39832588844001293182373046875" lon="119.4877675361931324005126953125">
        <ele>7.400000095367431640625</ele>
        <time>2025-02-18T22:44:29.000Z</time>
        <extensions>
          <ns3:TrackPointExtension/>
        </extensions>
      </trkpt>
      <trkpt lat="31.39830241911113262176513671875" lon="119.48776711709797382354736328125">
        <ele>7.599999904632568359375</ele>
        <time>2025-02-18T22:44:30.000Z</time>
        <extensions>
          <ns3:TrackPointExtension>
            <ns3:hr>133</ns3:hr>
          </ns3:TrackPointExtension>
        </extensions>
      </trkpt>
      <trkpt lat="31.39828012324869632720947265625" lon="119.4877668656408786773681640625">
        <ele>7.599999904632568359375</ele>
        <time>2025-02-18T22:44:31.000Z</time>
        <extensions>
          <ns3:TrackPointExtension/>
        </extensions>
      </trkpt>
      <trkpt lat="31.39825816266238689422607421875" lon="119.48776535689830780029296875">
        <ele>7.80000019073486328125</ele>
        <time>2025-02-18T22:44:32.000Z</time>
        <extensions>
          <ns3:TrackPointExtension/>
        </extensions>
      </trkpt>
      <trkpt lat="31.39823653735220432281494140625" lon="119.48776225559413433074951171875">
        <ele>8</ele>
        <time>2025-02-18T22:44:33.000Z</time>
        <extensions>
          <ns3:TrackPointExtension/>
        </extensions>
      </trkpt>
      <trkpt lat="31.39821457676589488983154296875" lon="119.48775731027126312255859375">
        <ele>8.19999980926513671875</ele>
        <time>2025-02-18T22:44:34.000Z</time>
        <extensions>
          <ns3:TrackPointExtension/>
        </extensions>
      </trkpt>
      <trkpt lat="31.39819244854152202606201171875" lon="119.4877521134912967681884765625">
        <ele>8.19999980926513671875</ele>
        <time>2025-02-18T22:44:35.000Z</time>
        <extensions>
          <ns3:TrackPointExtension/>
        </extensions>
      </trkpt>
      <trkpt lat="31.39817099086940288543701171875" lon="119.48774867691099643707275390625">
        <ele>8.3999996185302734375</ele>
        <time>2025-02-18T22:44:36.000Z</time>
        <extensions>
          <ns3:TrackPointExtension/>
        </extensions>
      </trkpt>
      <trkpt lat="31.3981492817401885986328125" lon="119.48774716816842555999755859375">
        <ele>8.6000003814697265625</ele>
        <time>2025-02-18T22:44:37.000Z</time>
        <extensions>
          <ns3:TrackPointExtension>
            <ns3:hr>134</ns3:hr>
          </ns3:TrackPointExtension>
        </extensions>
      </trkpt>
      <trkpt lat="31.39812623150646686553955078125" lon="119.4877464137971401214599609375">
        <ele>8.80000019073486328125</ele>
        <time>2025-02-18T22:44:38.000Z</time>
        <extensions>
          <ns3:TrackPointExtension>
            <ns3:hr>133</ns3:hr>
          </ns3:TrackPointExtension>
        </extensions>
      </trkpt>
      <trkpt lat="31.3981021754443645477294921875" lon="119.4877454079687595367431640625">
        <ele>9</ele>
        <time>2025-02-18T22:44:39.000Z</time>
        <extensions>
          <ns3:TrackPointExtension/>
        </extensions>
      </trkpt>
      <trkpt lat="31.39807929284870624542236328125" lon="119.48774398304522037506103515625">
        <ele>9.19999980926513671875</ele>
        <time>2025-02-18T22:44:40.000Z</time>
        <extensions>
          <ns3:TrackPointExtension/>
        </extensions>
      </trkpt>
      <trkpt lat="31.39805783517658710479736328125" lon="119.48774264194071292877197265625">
        <ele>9.19999980926513671875</ele>
        <time>2025-02-18T22:44:41.000Z</time>
        <extensions>
          <ns3:TrackPointExtension/>
        </extensions>
      </trkpt>
      <trkpt lat="31.3980374671518802642822265625" lon="119.4877423904836177825927734375">
        <ele>9.3999996185302734375</ele>
        <time>2025-02-18T22:44:42.000Z</time>
        <extensions>
          <ns3:TrackPointExtension/>
        </extensions>
      </trkpt>
      <trkpt lat="31.398016847670078277587890625" lon="119.48774331249296665191650390625">
        <ele>9.6000003814697265625</ele>
        <time>2025-02-18T22:44:43.000Z</time>
        <extensions>
          <ns3:TrackPointExtension/>
        </extensions>
      </trkpt>
      <trkpt lat="31.397995054721832275390625" lon="119.48774398304522037506103515625">
        <ele>9.80000019073486328125</ele>
        <time>2025-02-18T22:44:44.000Z</time>
        <extensions>
          <ns3:TrackPointExtension/>
        </extensions>
      </trkpt>
      <trkpt lat="31.39797250740230083465576171875" lon="119.4877440668642520904541015625">
        <ele>9.80000019073486328125</ele>
        <time>2025-02-18T22:44:45.000Z</time>
        <extensions>
          <ns3:TrackPointExtension/>
        </extensions>
      </trkpt>
      <trkpt lat="31.397950462996959686279296875" lon="119.48774498887360095977783203125">
        <ele>10</ele>
        <time>2025-02-18T22:44:46.000Z</time>
        <extensions>
          <ns3:TrackPointExtension/>
        </extensions>
      </trkpt>
      <trkpt lat="31.397929005324840545654296875" lon="119.48774649761617183685302734375">
        <ele>10</ele>
        <time>2025-02-18T22:44:47.000Z</time>
        <extensions>
          <ns3:TrackPointExtension>
            <ns3:hr>132</ns3:hr>
          </ns3:TrackPointExtension>
        </extensions>
      </trkpt>
      <trkpt lat="31.3979073800146579742431640625" lon="119.48774733580648899078369140625">
        <ele>10</ele>
        <time>2025-02-18T22:44:48.000Z</time>
        <extensions>
          <ns3:TrackPointExtension>
            <ns3:hr>132</ns3:hr>
          </ns3:TrackPointExtension>
        </extensions>
      </trkpt>
      <trkpt lat="31.397886089980602264404296875" lon="119.48774733580648899078369140625">
        <ele>10</ele>
        <time>2025-02-18T22:44:49.000Z</time>
        <extensions>
          <ns3:TrackPointExtension/>
        </extensions>
      </trkpt>
      <trkpt lat="31.39786421321332454681396484375" lon="119.48774649761617183685302734375">
        <ele>10</ele>
        <time>2025-02-18T22:44:50.000Z</time>
        <extensions>
          <ns3:TrackPointExtension/>
        </extensions>
      </trkpt>
      <trkpt lat="31.3978420011699199676513671875" lon="119.48774515651166439056396484375">
        <ele>9.80000019073486328125</ele>
        <time>2025-02-18T22:44:51.000Z</time>
        <extensions>
          <ns3:TrackPointExtension/>
        </extensions>
      </trkpt>
      <trkpt lat="31.39781895093619823455810546875" lon="119.48774498887360095977783203125">
        <ele>9.80000019073486328125</ele>
        <time>2025-02-18T22:44:52.000Z</time>
        <extensions>
          <ns3:TrackPointExtension/>
        </extensions>
      </trkpt>
      <trkpt lat="31.39779481105506420135498046875" lon="119.48774616234004497528076171875">
        <ele>9.80000019073486328125</ele>
        <time>2025-02-18T22:44:53.000Z</time>
        <extensions>
          <ns3:TrackPointExtension/>
        </extensions>
      </trkpt>
      <trkpt lat="31.39777041971683502197265625" lon="119.48774792253971099853515625">
        <ele>9.6000003814697265625</ele>
        <time>2025-02-18T22:44:54.000Z</time>
        <extensions>
          <ns3:TrackPointExtension/>
        </extensions>
      </trkpt>
      <trkpt lat="31.39774519018828868865966796875" lon="119.48774993419647216796875">
        <ele>9.6000003814697265625</ele>
        <time>2025-02-18T22:44:55.000Z</time>
        <extensions>
          <ns3:TrackPointExtension>
            <ns3:hr>131</ns3:hr>
          </ns3:TrackPointExtension>
        </extensions>
      </trkpt>
      <trkpt lat="31.39771920628845691680908203125" lon="119.48775236494839191436767578125">
        <ele>9.3999996185302734375</ele>
        <time>2025-02-18T22:44:56.000Z</time>
        <extensions>
          <ns3:TrackPointExtension/>
        </extensions>
      </trkpt>
      <trkpt lat="31.39769322238862514495849609375" lon="119.48775605298578739166259765625">
        <ele>9.3999996185302734375</ele>
        <time>2025-02-18T22:44:57.000Z</time>
        <extensions>
          <ns3:TrackPointExtension/>
        </extensions>
      </trkpt>
      <trkpt lat="31.397668160498142242431640625" lon="119.487760998308658599853515625">
        <ele>9.19999980926513671875</ele>
        <time>2025-02-18T22:44:58.000Z</time>
        <extensions>
          <ns3:TrackPointExtension/>
        </extensions>
      </trkpt>
      <trkpt lat="31.39764368534088134765625" lon="119.48776560835540294647216796875">
        <ele>9.19999980926513671875</ele>
        <time>2025-02-18T22:44:59.000Z</time>
        <extensions>
          <ns3:TrackPointExtension/>
        </extensions>
      </trkpt>
      <trkpt lat="31.39762013219296932220458984375" lon="119.487767703831195831298828125">
        <ele>9.19999980926513671875</ele>
        <time>2025-02-18T22:45:00.000Z</time>
        <extensions>
          <ns3:TrackPointExtension/>
        </extensions>
      </trkpt>
      <trkpt lat="31.397597081959247589111328125" lon="119.4877673685550689697265625">
        <ele>9.19999980926513671875</ele>
        <time>2025-02-18T22:45:01.000Z</time>
        <extensions>
          <ns3:TrackPointExtension>
            <ns3:hr>129</ns3:hr>
          </ns3:TrackPointExtension>
        </extensions>
      </trkpt>
      <trkpt lat="31.39757386408746242523193359375" lon="119.48776644654572010040283203125">
        <ele>9.19999980926513671875</ele>
        <time>2025-02-18T22:45:02.000Z</time>
        <extensions>
          <ns3:TrackPointExtension/>
        </extensions>
      </trkpt>
      <trkpt lat="31.3975503109395503997802734375" lon="119.48776577599346637725830078125">
        <ele>9.19999980926513671875</ele>
        <time>2025-02-18T22:45:03.000Z</time>
        <extensions>
          <ns3:TrackPointExtension>
            <ns3:hr>135</ns3:hr>
          </ns3:TrackPointExtension>
        </extensions>
      </trkpt>
      <trkpt lat="31.39752575196325778961181640625" lon="119.48776493780314922332763671875">
        <ele>9.19999980926513671875</ele>
        <time>2025-02-18T22:45:04.000Z</time>
        <extensions>
          <ns3:TrackPointExtension/>
        </extensions>
      </trkpt>
      <trkpt lat="31.3975010253489017486572265625" lon="119.487763345241546630859375">
        <ele>9.19999980926513671875</ele>
        <time>2025-02-18T22:45:05.000Z</time>
        <extensions>
          <ns3:TrackPointExtension/>
        </extensions>
      </trkpt>
      <trkpt lat="31.3974765501916408538818359375" lon="119.48776141740381717681884765625">
        <ele>9.19999980926513671875</ele>
        <time>2025-02-18T22:45:06.000Z</time>
        <extensions>
          <ns3:TrackPointExtension/>
        </extensions>
      </trkpt>
      <trkpt lat="31.39745199121534824371337890625" lon="119.48775923810899257659912109375">
        <ele>9.19999980926513671875</ele>
        <time>2025-02-18T22:45:07.000Z</time>
        <extensions>
          <ns3:TrackPointExtension/>
        </extensions>
      </trkpt>
      <trkpt lat="31.39742718078196048736572265625" lon="119.4877568073570728302001953125">
        <ele>9.19999980926513671875</ele>
        <time>2025-02-18T22:45:08.000Z</time>
        <extensions>
          <ns3:TrackPointExtension>
            <ns3:hr>135</ns3:hr>
          </ns3:TrackPointExtension>
        </extensions>
      </trkpt>
      <trkpt lat="31.39740371145308017730712890625" lon="119.48775337077677249908447265625">
        <ele>9.19999980926513671875</ele>
        <time>2025-02-18T22:45:09.000Z</time>
        <extensions>
          <ns3:TrackPointExtension/>
        </extensions>
      </trkpt>
      <trkpt lat="31.397380493581295013427734375" lon="119.48774850927293300628662109375">
        <ele>9.19999980926513671875</ele>
        <time>2025-02-18T22:45:10.000Z</time>
        <extensions>
          <ns3:TrackPointExtension/>
        </extensions>
      </trkpt>
      <trkpt lat="31.39735660515725612640380859375" lon="119.4877430610358715057373046875">
        <ele>9</ele>
        <time>2025-02-18T22:45:11.000Z</time>
        <extensions>
          <ns3:TrackPointExtension/>
        </extensions>
      </trkpt>
      <trkpt lat="31.3973323814570903778076171875" lon="119.4877380318939685821533203125">
        <ele>8.80000019073486328125</ele>
        <time>2025-02-18T22:45:12.000Z</time>
        <extensions>
          <ns3:TrackPointExtension/>
        </extensions>
      </trkpt>
      <trkpt lat="31.3973082415759563446044921875" lon="119.4877350144088268280029296875">
        <ele>8.6000003814697265625</ele>
        <time>2025-02-18T22:45:13.000Z</time>
        <extensions>
          <ns3:TrackPointExtension/>
        </extensions>
      </trkpt>
      <trkpt lat="31.3972847722470760345458984375" lon="119.48773476295173168182373046875">
        <ele>8.6000003814697265625</ele>
        <time>2025-02-18T22:45:14.000Z</time>
        <extensions>
          <ns3:TrackPointExtension/>
        </extensions>
      </trkpt>
      <trkpt lat="31.39726172201335430145263671875" lon="119.48773576878011226654052734375">
        <ele>8.6000003814697265625</ele>
        <time>2025-02-18T22:45:15.000Z</time>
        <extensions>
          <ns3:TrackPointExtension/>
        </extensions>
      </trkpt>
      <trkpt lat="31.39723892323672771453857421875" lon="119.48773694224655628204345703125">
        <ele>8.3999996185302734375</ele>
        <time>2025-02-18T22:45:16.000Z</time>
        <extensions>
          <ns3:TrackPointExtension/>
        </extensions>
      </trkpt>
      <trkpt lat="31.3972163759171962738037109375" lon="119.48773761279881000518798828125">
        <ele>8.3999996185302734375</ele>
        <time>2025-02-18T22:45:17.000Z</time>
        <extensions>
          <ns3:TrackPointExtension>
            <ns3:hr>136</ns3:hr>
          </ns3:TrackPointExtension>
        </extensions>
      </trkpt>
      <trkpt lat="31.39719483442604541778564453125" lon="119.48773744516074657440185546875">
        <ele>8.19999980926513671875</ele>
        <time>2025-02-18T22:45:18.000Z</time>
        <extensions>
          <ns3:TrackPointExtension>
            <ns3:hr>135</ns3:hr>
          </ns3:TrackPointExtension>
        </extensions>
      </trkpt>
      <trkpt lat="31.39717362821102142333984375" lon="119.48773543350398540496826171875">
        <ele>8.19999980926513671875</ele>
        <time>2025-02-18T22:45:19.000Z</time>
        <extensions>
          <ns3:TrackPointExtension/>
        </extensions>
      </trkpt>
      <trkpt lat="31.3971520029008388519287109375" lon="119.48773308657109737396240234375">
        <ele>8.19999980926513671875</ele>
        <time>2025-02-18T22:45:20.000Z</time>
        <extensions>
          <ns3:TrackPointExtension/>
        </extensions>
      </trkpt>
      <trkpt lat="31.3971300423145294189453125" lon="119.48773258365690708160400390625">
        <ele>8</ele>
        <time>2025-02-18T22:45:21.000Z</time>
        <extensions>
          <ns3:TrackPointExtension/>
        </extensions>
      </trkpt>
      <trkpt lat="31.3971074111759662628173828125" lon="119.4877323321998119354248046875">
        <ele>7.80000019073486328125</ele>
        <time>2025-02-18T22:45:22.000Z</time>
        <extensions>
          <ns3:TrackPointExtension/>
        </extensions>
      </trkpt>
      <trkpt lat="31.39708385802805423736572265625" lon="119.48773107491433620452880859375">
        <ele>7.599999904632568359375</ele>
        <time>2025-02-18T22:45:23.000Z</time>
        <extensions>
          <ns3:TrackPointExtension/>
        </extensions>
      </trkpt>
      <trkpt lat="31.39705955050885677337646484375" lon="119.487728811800479888916015625">
        <ele>7.400000095367431640625</ele>
        <time>2025-02-18T22:45:24.000Z</time>
        <extensions>
          <ns3:TrackPointExtension/>
        </extensions>
      </trkpt>
      <trkpt lat="31.3970353268086910247802734375" lon="119.4877262972295284271240234375">
        <ele>7</ele>
        <time>2025-02-18T22:45:25.000Z</time>
        <extensions>
          <ns3:TrackPointExtension/>
        </extensions>
      </trkpt>
      <trkpt lat="31.3970115222036838531494140625" lon="119.48772453702986240386962890625">
        <ele>6.80000019073486328125</ele>
        <time>2025-02-18T22:45:26.000Z</time>
        <extensions>
          <ns3:TrackPointExtension>
            <ns3:hr>134</ns3:hr>
          </ns3:TrackPointExtension>
        </extensions>
      </trkpt>
      <trkpt lat="31.3969883881509304046630859375" lon="119.4877236150205135345458984375">
        <ele>6.599999904632568359375</ele>
        <time>2025-02-18T22:45:27.000Z</time>
        <extensions>
          <ns3:TrackPointExtension/>
        </extensions>
      </trkpt>
      <trkpt lat="31.3969649188220500946044921875" lon="119.48772369883954524993896484375">
        <ele>6.400000095367431640625</ele>
        <time>2025-02-18T22:45:28.000Z</time>
        <extensions>
          <ns3:TrackPointExtension>
            <ns3:hr>134</ns3:hr>
          </ns3:TrackPointExtension>
        </extensions>
      </trkpt>
      <trkpt lat="31.39694186858832836151123046875" lon="119.4877239502966403961181640625">
        <ele>6.400000095367431640625</ele>
        <time>2025-02-18T22:45:29.000Z</time>
        <extensions>
          <ns3:TrackPointExtension/>
        </extensions>
      </trkpt>
      <trkpt lat="31.39691923744976520538330078125" lon="119.48772403411567211151123046875">
        <ele>6.19999980926513671875</ele>
        <time>2025-02-18T22:45:30.000Z</time>
        <extensions>
          <ns3:TrackPointExtension/>
        </extensions>
      </trkpt>
      <trkpt lat="31.39689744450151920318603515625" lon="119.4877244532108306884765625">
        <ele>6</ele>
        <time>2025-02-18T22:45:31.000Z</time>
        <extensions>
          <ns3:TrackPointExtension/>
        </extensions>
      </trkpt>
      <trkpt lat="31.39687598682940006256103515625" lon="119.4877249561250209808349609375">
        <ele>5.80000019073486328125</ele>
        <time>2025-02-18T22:45:32.000Z</time>
        <extensions>
          <ns3:TrackPointExtension/>
        </extensions>
      </trkpt>
      <trkpt lat="31.39685419388115406036376953125" lon="119.4877249561250209808349609375">
        <ele>5.599999904632568359375</ele>
        <time>2025-02-18T22:45:33.000Z</time>
        <extensions>
          <ns3:TrackPointExtension/>
        </extensions>
      </trkpt>
      <trkpt lat="31.3968314789235591888427734375" lon="119.48772470466792583465576171875">
        <ele>5.599999904632568359375</ele>
        <time>2025-02-18T22:45:34.000Z</time>
        <extensions>
          <ns3:TrackPointExtension/>
        </extensions>
      </trkpt>
      <trkpt lat="31.39680750668048858642578125" lon="119.4877239502966403961181640625">
        <ele>5.599999904632568359375</ele>
        <time>2025-02-18T22:45:35.000Z</time>
        <extensions>
          <ns3:TrackPointExtension/>
        </extensions>
      </trkpt>
      <trkpt lat="31.396783702075481414794921875" lon="119.48772319592535495758056640625">
        <ele>5.599999904632568359375</ele>
        <time>2025-02-18T22:45:36.000Z</time>
        <extensions>
          <ns3:TrackPointExtension>
            <ns3:hr>133</ns3:hr>
          </ns3:TrackPointExtension>
        </extensions>
      </trkpt>
      <trkpt lat="31.39676048420369625091552734375" lon="119.4877231121063232421875">
        <ele>5.599999904632568359375</ele>
        <time>2025-02-18T22:45:37.000Z</time>
        <extensions>
          <ns3:TrackPointExtension/>
        </extensions>
      </trkpt>
      <trkpt lat="31.396738104522228240966796875" lon="119.48772336356341838836669921875">
        <ele>5.599999904632568359375</ele>
        <time>2025-02-18T22:45:38.000Z</time>
        <extensions>
          <ns3:TrackPointExtension/>
        </extensions>
      </trkpt>
      <trkpt lat="31.39671622775495052337646484375" lon="119.487724117934703826904296875">
        <ele>5.599999904632568359375</ele>
        <time>2025-02-18T22:45:39.000Z</time>
        <extensions>
          <ns3:TrackPointExtension/>
        </extensions>
      </trkpt>
      <trkpt lat="31.39669527299702167510986328125" lon="119.48772503994405269622802734375">
        <ele>5.599999904632568359375</ele>
        <time>2025-02-18T22:45:40.000Z</time>
        <extensions>
          <ns3:TrackPointExtension/>
        </extensions>
      </trkpt>
      <trkpt lat="31.39667465351521968841552734375" lon="119.48772571049630641937255859375">
        <ele>5.599999904632568359375</ele>
        <time>2025-02-18T22:45:41.000Z</time>
        <extensions>
          <ns3:TrackPointExtension/>
        </extensions>
      </trkpt>
      <trkpt lat="31.39665369875729084014892578125" lon="119.4877259619534015655517578125">
        <ele>5.599999904632568359375</ele>
        <time>2025-02-18T22:45:42.000Z</time>
        <extensions>
          <ns3:TrackPointExtension>
            <ns3:hr>133</ns3:hr>
          </ns3:TrackPointExtension>
        </extensions>
      </trkpt>
      <trkpt lat="31.39663190580904483795166015625" lon="119.48772554285824298858642578125">
        <ele>5.599999904632568359375</ele>
        <time>2025-02-18T22:45:43.000Z</time>
        <extensions>
          <ns3:TrackPointExtension/>
        </extensions>
      </trkpt>
      <trkpt lat="31.3966091908514499664306640625" lon="119.48772470466792583465576171875">
        <ele>5.599999904632568359375</ele>
        <time>2025-02-18T22:45:44.000Z</time>
        <extensions>
          <ns3:TrackPointExtension/>
        </extensions>
      </trkpt>
      <trkpt lat="31.39658647589385509490966796875" lon="119.48772353120148181915283203125">
        <ele>5.599999904632568359375</ele>
        <time>2025-02-18T22:45:45.000Z</time>
        <extensions>
          <ns3:TrackPointExtension/>
        </extensions>
      </trkpt>
      <trkpt lat="31.396564431488513946533203125" lon="119.4877232797443866729736328125">
        <ele>5.599999904632568359375</ele>
        <time>2025-02-18T22:45:46.000Z</time>
        <extensions>
          <ns3:TrackPointExtension/>
        </extensions>
      </trkpt>
      <trkpt lat="31.39654339291155338287353515625" lon="119.48772470466792583465576171875">
        <ele>5.80000019073486328125</ele>
        <time>2025-02-18T22:45:47.000Z</time>
        <extensions>
          <ns3:TrackPointExtension>
            <ns3:hr>131</ns3:hr>
          </ns3:TrackPointExtension>
        </extensions>
      </trkpt>
      <trkpt lat="31.39652260579168796539306640625" lon="119.48772705160081386566162109375">
        <ele>5.80000019073486328125</ele>
        <time>2025-02-18T22:45:48.000Z</time>
        <extensions>
          <ns3:TrackPointExtension>
            <ns3:hr>135</ns3:hr>
          </ns3:TrackPointExtension>
        </extensions>
      </trkpt>
      <trkpt lat="31.396502070128917694091796875" lon="119.48772923089563846588134765625">
        <ele>5.80000019073486328125</ele>
        <time>2025-02-18T22:45:49.000Z</time>
        <extensions>
          <ns3:TrackPointExtension/>
        </extensions>
      </trkpt>
      <trkpt lat="31.3964809477329254150390625" lon="119.487731158733367919921875">
        <ele>6</ele>
        <time>2025-02-18T22:45:50.000Z</time>
        <extensions>
          <ns3:TrackPointExtension/>
        </extensions>
      </trkpt>
      <trkpt lat="31.39645881950855255126953125" lon="119.48773275129497051239013671875">
        <ele>6</ele>
        <time>2025-02-18T22:45:51.000Z</time>
        <extensions>
          <ns3:TrackPointExtension/>
        </extensions>
      </trkpt>
      <trkpt lat="31.396435685455799102783203125" lon="119.48773392476141452789306640625">
        <ele>6.19999980926513671875</ele>
        <time>2025-02-18T22:45:52.000Z</time>
        <extensions>
          <ns3:TrackPointExtension/>
        </extensions>
      </trkpt>
      <trkpt lat="31.39641179703176021575927734375" lon="119.48773442767560482025146484375">
        <ele>6.19999980926513671875</ele>
        <time>2025-02-18T22:45:53.000Z</time>
        <extensions>
          <ns3:TrackPointExtension>
            <ns3:hr>135</ns3:hr>
          </ns3:TrackPointExtension>
        </extensions>
      </trkpt>
      <trkpt lat="31.3963875733315944671630859375" lon="119.48773409239947795867919921875">
        <ele>6.19999980926513671875</ele>
        <time>2025-02-18T22:45:54.000Z</time>
        <extensions>
          <ns3:TrackPointExtension/>
        </extensions>
      </trkpt>
      <trkpt lat="31.39636318199336528778076171875" lon="119.487733505666255950927734375">
        <ele>6.400000095367431640625</ele>
        <time>2025-02-18T22:45:55.000Z</time>
        <extensions>
          <ns3:TrackPointExtension/>
        </extensions>
      </trkpt>
      <trkpt lat="31.39633870683610439300537109375" lon="119.4877330027520656585693359375">
        <ele>6.400000095367431640625</ele>
        <time>2025-02-18T22:45:56.000Z</time>
        <extensions>
          <ns3:TrackPointExtension/>
        </extensions>
      </trkpt>
      <trkpt lat="31.39631506986916065216064453125" lon="119.487732835114002227783203125">
        <ele>6.599999904632568359375</ele>
        <time>2025-02-18T22:45:57.000Z</time>
        <extensions>
          <ns3:TrackPointExtension/>
        </extensions>
      </trkpt>
      <trkpt lat="31.39629260636866092681884765625" lon="119.4877336733043193817138671875">
        <ele>6.599999904632568359375</ele>
        <time>2025-02-18T22:45:58.000Z</time>
        <extensions>
          <ns3:TrackPointExtension/>
        </extensions>
      </trkpt>
      <trkpt lat="31.3962702266871929168701171875" lon="119.4877353496849536895751953125">
        <ele>6.80000019073486328125</ele>
        <time>2025-02-18T22:45:59.000Z</time>
        <extensions>
          <ns3:TrackPointExtension/>
        </extensions>
      </trkpt>
      <trkpt lat="31.39624784700572490692138671875" lon="119.48773694224655628204345703125">
        <ele>6.80000019073486328125</ele>
        <time>2025-02-18T22:46:00.000Z</time>
        <extensions>
          <ns3:TrackPointExtension/>
        </extensions>
      </trkpt>
      <trkpt lat="31.3962249644100666046142578125" lon="119.48773778043687343597412109375">
        <ele>6.80000019073486328125</ele>
        <time>2025-02-18T22:46:01.000Z</time>
        <extensions>
          <ns3:TrackPointExtension/>
        </extensions>
      </trkpt>
      <trkpt lat="31.39620141126215457916259765625" lon="119.4877378642559051513671875">
        <ele>7</ele>
        <time>2025-02-18T22:46:02.000Z</time>
        <extensions>
          <ns3:TrackPointExtension>
            <ns3:hr>132</ns3:hr>
          </ns3:TrackPointExtension>
        </extensions>
      </trkpt>
      <trkpt lat="31.39617743901908397674560546875" lon="119.4877380318939685821533203125">
        <ele>7</ele>
        <time>2025-02-18T22:46:03.000Z</time>
        <extensions>
          <ns3:TrackPointExtension>
            <ns3:hr>132</ns3:hr>
          </ns3:TrackPointExtension>
        </extensions>
      </trkpt>
      <trkpt lat="31.39615346677601337432861328125" lon="119.4877393729984760284423828125">
        <ele>7</ele>
        <time>2025-02-18T22:46:04.000Z</time>
        <extensions>
          <ns3:TrackPointExtension/>
        </extensions>
      </trkpt>
      <trkpt lat="31.39612949453294277191162109375" lon="119.48774213902652263641357421875">
        <ele>7</ele>
        <time>2025-02-18T22:46:05.000Z</time>
        <extensions>
          <ns3:TrackPointExtension/>
        </extensions>
      </trkpt>
      <trkpt lat="31.39610602520406246185302734375" lon="119.48774498887360095977783203125">
        <ele>7</ele>
        <time>2025-02-18T22:46:06.000Z</time>
        <extensions>
          <ns3:TrackPointExtension/>
        </extensions>
      </trkpt>
      <trkpt lat="31.39608339406549930572509765625" lon="119.48774616234004497528076171875">
        <ele>7</ele>
        <time>2025-02-18T22:46:07.000Z</time>
        <extensions>
          <ns3:TrackPointExtension/>
        </extensions>
      </trkpt>
      <trkpt lat="31.39606076292693614959716796875" lon="119.48774565942585468292236328125">
        <ele>7</ele>
        <time>2025-02-18T22:46:08.000Z</time>
        <extensions>
          <ns3:TrackPointExtension>
            <ns3:hr>132</ns3:hr>
          </ns3:TrackPointExtension>
        </extensions>
      </trkpt>
      <trkpt lat="31.3960382156074047088623046875" lon="119.48774515651166439056396484375">
        <ele>7</ele>
        <time>2025-02-18T22:46:09.000Z</time>
        <extensions>
          <ns3:TrackPointExtension/>
        </extensions>
      </trkpt>
      <trkpt lat="31.39601617120206356048583984375" lon="119.48774549178779125213623046875">
        <ele>7</ele>
        <time>2025-02-18T22:46:10.000Z</time>
        <extensions>
          <ns3:TrackPointExtension/>
        </extensions>
      </trkpt>
      <trkpt lat="31.3959954679012298583984375" lon="119.48774649761617183685302734375">
        <ele>7</ele>
        <time>2025-02-18T22:46:11.000Z</time>
        <extensions>
          <ns3:TrackPointExtension/>
        </extensions>
      </trkpt>
      <trkpt lat="31.395975016057491302490234375" lon="119.487747251987457275390625">
        <ele>6.80000019073486328125</ele>
        <time>2025-02-18T22:46:12.000Z</time>
        <extensions>
          <ns3:TrackPointExtension/>
        </extensions>
      </trkpt>
      <trkpt lat="31.3959537260234355926513671875" lon="119.48774783872067928314208984375">
        <ele>6.80000019073486328125</ele>
        <time>2025-02-18T22:46:13.000Z</time>
        <extensions>
          <ns3:TrackPointExtension/>
        </extensions>
      </trkpt>
      <trkpt lat="31.39593168161809444427490234375" lon="119.48774926364421844482421875">
        <ele>6.80000019073486328125</ele>
        <time>2025-02-18T22:46:14.000Z</time>
        <extensions>
          <ns3:TrackPointExtension/>
        </extensions>
      </trkpt>
      <trkpt lat="31.39590921811759471893310546875" lon="119.48775194585323333740234375">
        <ele>6.599999904632568359375</ele>
        <time>2025-02-18T22:46:15.000Z</time>
        <extensions>
          <ns3:TrackPointExtension/>
        </extensions>
      </trkpt>
      <trkpt lat="31.395886838436126708984375" lon="119.48775596916675567626953125">
        <ele>6.599999904632568359375</ele>
        <time>2025-02-18T22:46:16.000Z</time>
        <extensions>
          <ns3:TrackPointExtension>
            <ns3:hr>133</ns3:hr>
          </ns3:TrackPointExtension>
        </extensions>
      </trkpt>
      <trkpt lat="31.39586462639272212982177734375" lon="119.48776074685156345367431640625">
        <ele>6.400000095367431640625</ele>
        <time>2025-02-18T22:46:17.000Z</time>
        <extensions>
          <ns3:TrackPointExtension/>
        </extensions>
      </trkpt>
      <trkpt lat="31.39584191143512725830078125" lon="119.4877648539841175079345703125">
        <ele>6.400000095367431640625</ele>
        <time>2025-02-18T22:46:18.000Z</time>
        <extensions>
          <ns3:TrackPointExtension>
            <ns3:hr>131</ns3:hr>
          </ns3:TrackPointExtension>
        </extensions>
      </trkpt>
      <trkpt lat="31.395818106830120086669921875" lon="119.48776778765022754669189453125">
        <ele>6.400000095367431640625</ele>
        <time>2025-02-18T22:46:19.000Z</time>
        <extensions>
          <ns3:TrackPointExtension/>
        </extensions>
      </trkpt>
      <trkpt lat="31.39579455368220806121826171875" lon="119.48776996694505214691162109375">
        <ele>6.19999980926513671875</ele>
        <time>2025-02-18T22:46:20.000Z</time>
        <extensions>
          <ns3:TrackPointExtension/>
        </extensions>
      </trkpt>
      <trkpt lat="31.3957716710865497589111328125" lon="119.4877718947827816009521484375">
        <ele>6.19999980926513671875</ele>
        <time>2025-02-18T22:46:21.000Z</time>
        <extensions>
          <ns3:TrackPointExtension/>
        </extensions>
      </trkpt>
      <trkpt lat="31.3957492075860500335693359375" lon="119.487773068249225616455078125">
        <ele>6</ele>
        <time>2025-02-18T22:46:22.000Z</time>
        <extensions>
          <ns3:TrackPointExtension/>
        </extensions>
      </trkpt>
      <trkpt lat="31.39572657644748687744140625" lon="119.48777298443019390106201171875">
        <ele>6</ele>
        <time>2025-02-18T22:46:23.000Z</time>
        <extensions>
          <ns3:TrackPointExtension>
            <ns3:hr>132</ns3:hr>
          </ns3:TrackPointExtension>
        </extensions>
      </trkpt>
      <trkpt lat="31.3957032747566699981689453125" lon="119.48777264915406703948974609375">
        <ele>6</ele>
        <time>2025-02-18T22:46:24.000Z</time>
        <extensions>
          <ns3:TrackPointExtension/>
        </extensions>
      </trkpt>
      <trkpt lat="31.395679302513599395751953125" lon="119.4877732358872890472412109375">
        <ele>6</ele>
        <time>2025-02-18T22:46:25.000Z</time>
        <extensions>
          <ns3:TrackPointExtension/>
        </extensions>
      </trkpt>
      <trkpt lat="31.3956553302705287933349609375" lon="119.48777482844889163970947265625">
        <ele>6</ele>
        <time>2025-02-18T22:46:26.000Z</time>
        <extensions>
          <ns3:TrackPointExtension/>
        </extensions>
      </trkpt>
      <trkpt lat="31.39563194476068019866943359375" lon="119.4877772592008113861083984375">
        <ele>6</ele>
        <time>2025-02-18T22:46:27.000Z</time>
        <extensions>
          <ns3:TrackPointExtension/>
        </extensions>
      </trkpt>
      <trkpt lat="31.39560964889824390411376953125" lon="119.487780444324016571044921875">
        <ele>6</ele>
        <time>2025-02-18T22:46:28.000Z</time>
        <extensions>
          <ns3:TrackPointExtension/>
        </extensions>
      </trkpt>
      <trkpt lat="31.39558768831193447113037109375" lon="119.48778413236141204833984375">
        <ele>6</ele>
        <time>2025-02-18T22:46:29.000Z</time>
        <extensions>
          <ns3:TrackPointExtension>
            <ns3:hr>133</ns3:hr>
          </ns3:TrackPointExtension>
        </extensions>
      </trkpt>
      <trkpt lat="31.3955648057162761688232421875" lon="119.48778823949396610260009765625">
        <ele>6</ele>
        <time>2025-02-18T22:46:30.000Z</time>
        <extensions>
          <ns3:TrackPointExtension/>
        </extensions>
      </trkpt>
      <trkpt lat="31.3955416716635227203369140625" lon="119.4877923466265201568603515625">
        <ele>6</ele>
        <time>2025-02-18T22:46:31.000Z</time>
        <extensions>
          <ns3:TrackPointExtension/>
        </extensions>
      </trkpt>
      <trkpt lat="31.39551795087754726409912109375" lon="119.4877963699400424957275390625">
        <ele>6</ele>
        <time>2025-02-18T22:46:32.000Z</time>
        <extensions>
          <ns3:TrackPointExtension/>
        </extensions>
      </trkpt>
      <trkpt lat="31.3954937271773815155029296875" lon="119.48779997415840625762939453125">
        <ele>6</ele>
        <time>2025-02-18T22:46:33.000Z</time>
        <extensions>
          <ns3:TrackPointExtension/>
        </extensions>
      </trkpt>
      <trkpt lat="31.39546883292496204376220703125" lon="119.48780315928161144256591796875">
        <ele>6</ele>
        <time>2025-02-18T22:46:34.000Z</time>
        <extensions>
          <ns3:TrackPointExtension/>
        </extensions>
      </trkpt>
      <trkpt lat="31.39544351957738399505615234375" lon="119.48780600912868976593017578125">
        <ele>6</ele>
        <time>2025-02-18T22:46:35.000Z</time>
        <extensions>
          <ns3:TrackPointExtension/>
        </extensions>
      </trkpt>
      <trkpt lat="31.39541803859174251556396484375" lon="119.48780852369964122772216796875">
        <ele>6</ele>
        <time>2025-02-18T22:46:36.000Z</time>
        <extensions>
          <ns3:TrackPointExtension/>
        </extensions>
      </trkpt>
      <trkpt lat="31.39539356343448162078857421875" lon="119.4878107868134975433349609375">
        <ele>6</ele>
        <time>2025-02-18T22:46:37.000Z</time>
        <extensions>
          <ns3:TrackPointExtension>
            <ns3:hr>134</ns3:hr>
          </ns3:TrackPointExtension>
        </extensions>
      </trkpt>
      <trkpt lat="31.395370848476886749267578125" lon="119.487812630832195281982421875">
        <ele>6</ele>
        <time>2025-02-18T22:46:38.000Z</time>
        <extensions>
          <ns3:TrackPointExtension/>
        </extensions>
      </trkpt>
      <trkpt lat="31.39534930698573589324951171875" lon="119.487813971936702728271484375">
        <ele>6</ele>
        <time>2025-02-18T22:46:39.000Z</time>
        <extensions>
          <ns3:TrackPointExtension>
            <ns3:hr>133</ns3:hr>
          </ns3:TrackPointExtension>
        </extensions>
      </trkpt>
      <trkpt lat="31.3953284360468387603759765625" lon="119.48781489394605159759521484375">
        <ele>6</ele>
        <time>2025-02-18T22:46:40.000Z</time>
        <extensions>
          <ns3:TrackPointExtension/>
        </extensions>
      </trkpt>
      <trkpt lat="31.39530773274600505828857421875" lon="119.4878154806792736053466796875">
        <ele>6</ele>
        <time>2025-02-18T22:46:41.000Z</time>
        <extensions>
          <ns3:TrackPointExtension/>
        </extensions>
      </trkpt>
      <trkpt lat="31.3952871970832347869873046875" lon="119.4878164865076541900634765625">
        <ele>6</ele>
        <time>2025-02-18T22:46:42.000Z</time>
        <extensions>
          <ns3:TrackPointExtension/>
        </extensions>
      </trkpt>
      <trkpt lat="31.3952657394111156463623046875" lon="119.48781874962151050567626953125">
        <ele>6</ele>
        <time>2025-02-18T22:46:43.000Z</time>
        <extensions>
          <ns3:TrackPointExtension/>
        </extensions>
      </trkpt>
      <trkpt lat="31.3952432759106159210205078125" lon="119.4878218509256839752197265625">
        <ele>6</ele>
        <time>2025-02-18T22:46:44.000Z</time>
        <extensions>
          <ns3:TrackPointExtension/>
        </extensions>
      </trkpt>
      <trkpt lat="31.3952211476862430572509765625" lon="119.4878248684108257293701171875">
        <ele>6</ele>
        <time>2025-02-18T22:46:45.000Z</time>
        <extensions>
          <ns3:TrackPointExtension/>
        </extensions>
      </trkpt>
      <trkpt lat="31.39520027674734592437744140625" lon="119.48782746680080890655517578125">
        <ele>6</ele>
        <time>2025-02-18T22:46:46.000Z</time>
        <extensions>
          <ns3:TrackPointExtension>
            <ns3:hr>131</ns3:hr>
          </ns3:TrackPointExtension>
        </extensions>
      </trkpt>
      <trkpt lat="31.39518016017973423004150390625" lon="119.487830065190792083740234375">
        <ele>6</ele>
        <time>2025-02-18T22:46:47.000Z</time>
        <extensions>
          <ns3:TrackPointExtension/>
        </extensions>
      </trkpt>
      <trkpt lat="31.39515987597405910491943359375" lon="119.48783350177109241485595703125">
        <ele>6</ele>
        <time>2025-02-18T22:46:48.000Z</time>
        <extensions>
          <ns3:TrackPointExtension/>
        </extensions>
      </trkpt>
      <trkpt lat="31.395139507949352264404296875" lon="119.48783769272267818450927734375">
        <ele>5.80000019073486328125</ele>
        <time>2025-02-18T22:46:49.000Z</time>
        <extensions>
          <ns3:TrackPointExtension>
            <ns3:hr>133</ns3:hr>
          </ns3:TrackPointExtension>
        </extensions>
      </trkpt>
      <trkpt lat="31.39511913992464542388916015625" lon="119.48784179985523223876953125">
        <ele>5.80000019073486328125</ele>
        <time>2025-02-18T22:46:50.000Z</time>
        <extensions>
          <ns3:TrackPointExtension/>
        </extensions>
      </trkpt>
      <trkpt lat="31.3950987718999385833740234375" lon="119.48784490115940570831298828125">
        <ele>5.80000019073486328125</ele>
        <time>2025-02-18T22:46:51.000Z</time>
        <extensions>
          <ns3:TrackPointExtension/>
        </extensions>
      </trkpt>
      <trkpt lat="31.395077817142009735107421875" lon="119.48784640990197658538818359375">
        <ele>5.599999904632568359375</ele>
        <time>2025-02-18T22:46:52.000Z</time>
        <extensions>
          <ns3:TrackPointExtension/>
        </extensions>
      </trkpt>
      <trkpt lat="31.3950565271079540252685546875" lon="119.48784540407359600067138671875">
        <ele>5.599999904632568359375</ele>
        <time>2025-02-18T22:46:53.000Z</time>
        <extensions>
          <ns3:TrackPointExtension/>
        </extensions>
      </trkpt>
      <trkpt lat="31.3950360752642154693603515625" lon="119.48784238658845424652099609375">
        <ele>5.400000095367431640625</ele>
        <time>2025-02-18T22:46:54.000Z</time>
        <extensions>
          <ns3:TrackPointExtension/>
        </extensions>
      </trkpt>
      <trkpt lat="31.3950162939727306365966796875" lon="119.48783819563686847686767578125">
        <ele>5.400000095367431640625</ele>
        <time>2025-02-18T22:46:55.000Z</time>
        <extensions>
          <ns3:TrackPointExtension/>
        </extensions>
      </trkpt>
      <trkpt lat="31.39499642886221408843994140625" lon="119.48783299885690212249755859375">
        <ele>5.400000095367431640625</ele>
        <time>2025-02-18T22:46:56.000Z</time>
        <extensions>
          <ns3:TrackPointExtension/>
        </extensions>
      </trkpt>
      <trkpt lat="31.39497715048491954803466796875" lon="119.487828053534030914306640625">
        <ele>5.19999980926513671875</ele>
        <time>2025-02-18T22:46:57.000Z</time>
        <extensions>
          <ns3:TrackPointExtension>
            <ns3:hr>133</ns3:hr>
          </ns3:TrackPointExtension>
        </extensions>
      </trkpt>
      <trkpt lat="31.39495812356472015380859375" lon="119.48782428167760372161865234375">
        <ele>5.19999980926513671875</ele>
        <time>2025-02-18T22:46:58.000Z</time>
        <extensions>
          <ns3:TrackPointExtension>
            <ns3:hr>133</ns3:hr>
          </ns3:TrackPointExtension>
        </extensions>
      </trkpt>
      <trkpt lat="31.39493876136839389801025390625" lon="119.48782143183052539825439453125">
        <ele>5.19999980926513671875</ele>
        <time>2025-02-18T22:46:59.000Z</time>
        <extensions>
          <ns3:TrackPointExtension/>
        </extensions>
      </trkpt>
      <trkpt lat="31.39491847716271877288818359375" lon="119.48781958781182765960693359375">
        <ele>5.19999980926513671875</ele>
        <time>2025-02-18T22:47:00.000Z</time>
        <extensions>
          <ns3:TrackPointExtension/>
        </extensions>
      </trkpt>
      <trkpt lat="31.39489718712866306304931640625" lon="119.4878195039927959442138671875">
        <ele>5</ele>
        <time>2025-02-18T22:47:01.000Z</time>
        <extensions>
          <ns3:TrackPointExtension/>
        </extensions>
      </trkpt>
      <trkpt lat="31.39487497508525848388671875" lon="119.4878210127353668212890625">
        <ele>5</ele>
        <time>2025-02-18T22:47:02.000Z</time>
        <extensions>
          <ns3:TrackPointExtension/>
        </extensions>
      </trkpt>
      <trkpt lat="31.39485217630863189697265625" lon="119.487823359668254852294921875">
        <ele>4.80000019073486328125</ele>
        <time>2025-02-18T22:47:03.000Z</time>
        <extensions>
          <ns3:TrackPointExtension>
            <ns3:hr>133</ns3:hr>
          </ns3:TrackPointExtension>
        </extensions>
      </trkpt>
      <trkpt lat="31.39482929371297359466552734375" lon="119.48782528750598430633544921875">
        <ele>4.80000019073486328125</ele>
        <time>2025-02-18T22:47:04.000Z</time>
        <extensions>
          <ns3:TrackPointExtension/>
        </extensions>
      </trkpt>
      <trkpt lat="31.39480716548860073089599609375" lon="119.48782579042017459869384765625">
        <ele>4.599999904632568359375</ele>
        <time>2025-02-18T22:47:05.000Z</time>
        <extensions>
          <ns3:TrackPointExtension/>
        </extensions>
      </trkpt>
      <trkpt lat="31.39478537254035472869873046875" lon="119.4878241978585720062255859375">
        <ele>4.599999904632568359375</ele>
        <time>2025-02-18T22:47:06.000Z</time>
        <extensions>
          <ns3:TrackPointExtension/>
        </extensions>
      </trkpt>
      <trkpt lat="31.39476341195404529571533203125" lon="119.48782126419246196746826171875">
        <ele>4.599999904632568359375</ele>
        <time>2025-02-18T22:47:07.000Z</time>
        <extensions>
          <ns3:TrackPointExtension/>
        </extensions>
      </trkpt>
      <trkpt lat="31.39474061317741870880126953125" lon="119.4878188334405422210693359375">
        <ele>4.400000095367431640625</ele>
        <time>2025-02-18T22:47:08.000Z</time>
        <extensions>
          <ns3:TrackPointExtension>
            <ns3:hr>131</ns3:hr>
          </ns3:TrackPointExtension>
        </extensions>
      </trkpt>
      <trkpt lat="31.39471747912466526031494140625" lon="119.4878174923360347747802734375">
        <ele>4.400000095367431640625</ele>
        <time>2025-02-18T22:47:09.000Z</time>
        <extensions>
          <ns3:TrackPointExtension/>
        </extensions>
      </trkpt>
      <trkpt lat="31.394694261252880096435546875" lon="119.48781724087893962860107421875">
        <ele>4.19999980926513671875</ele>
        <time>2025-02-18T22:47:10.000Z</time>
        <extensions>
          <ns3:TrackPointExtension/>
        </extensions>
      </trkpt>
      <trkpt lat="31.39467121101915836334228515625" lon="119.48781807906925678253173828125">
        <ele>4.19999980926513671875</ele>
        <time>2025-02-18T22:47:11.000Z</time>
        <extensions>
          <ns3:TrackPointExtension/>
        </extensions>
      </trkpt>
      <trkpt lat="31.394647993147373199462890625" lon="119.4878198392689228057861328125">
        <ele>4</ele>
        <time>2025-02-18T22:47:12.000Z</time>
        <extensions>
          <ns3:TrackPointExtension/>
        </extensions>
      </trkpt>
      <trkpt lat="31.39462511055171489715576171875" lon="119.4878225214779376983642578125">
        <ele>4</ele>
        <time>2025-02-18T22:47:13.000Z</time>
        <extensions>
          <ns3:TrackPointExtension/>
        </extensions>
      </trkpt>
      <trkpt lat="31.3946025632321834564208984375" lon="119.4878252036869525909423828125">
        <ele>3.7999999523162841796875</ele>
        <time>2025-02-18T22:47:14.000Z</time>
        <extensions>
          <ns3:TrackPointExtension>
            <ns3:hr>129</ns3:hr>
          </ns3:TrackPointExtension>
        </extensions>
      </trkpt>
      <trkpt lat="31.39457984827458858489990234375" lon="119.4878265447914600372314453125">
        <ele>3.599999904632568359375</ele>
        <time>2025-02-18T22:47:15.000Z</time>
        <extensions>
          <ns3:TrackPointExtension/>
        </extensions>
      </trkpt>
      <trkpt lat="31.394556798040866851806640625" lon="119.48782579042017459869384765625">
        <ele>3.2000000476837158203125</ele>
        <time>2025-02-18T22:47:16.000Z</time>
        <extensions>
          <ns3:TrackPointExtension/>
        </extensions>
      </trkpt>
      <trkpt lat="31.39453358016908168792724609375" lon="119.4878231920301914215087890625">
        <ele>3</ele>
        <time>2025-02-18T22:47:17.000Z</time>
        <extensions>
          <ns3:TrackPointExtension/>
        </extensions>
      </trkpt>
      <trkpt lat="31.39451044611632823944091796875" lon="119.48781992308795452117919921875">
        <ele>2.7999999523162841796875</ele>
        <time>2025-02-18T22:47:18.000Z</time>
        <extensions>
          <ns3:TrackPointExtension/>
        </extensions>
      </trkpt>
      <trkpt lat="31.39448739588260650634765625" lon="119.48781657032668590545654296875">
        <ele>2.599999904632568359375</ele>
        <time>2025-02-18T22:47:19.000Z</time>
        <extensions>
          <ns3:TrackPointExtension/>
        </extensions>
      </trkpt>
      <trkpt lat="31.3944647647440433502197265625" lon="119.48781355284154415130615234375">
        <ele>2.2000000476837158203125</ele>
        <time>2025-02-18T22:47:20.000Z</time>
        <extensions>
          <ns3:TrackPointExtension>
            <ns3:hr>133</ns3:hr>
          </ns3:TrackPointExtension>
        </extensions>
      </trkpt>
      <trkpt lat="31.39444188214838504791259765625" lon="119.4878111220896244049072265625">
        <ele>2</ele>
        <time>2025-02-18T22:47:21.000Z</time>
        <extensions>
          <ns3:TrackPointExtension/>
        </extensions>
      </trkpt>
      <trkpt lat="31.39441858045756816864013671875" lon="119.48780961334705352783203125">
        <ele>1.7999999523162841796875</ele>
        <time>2025-02-18T22:47:22.000Z</time>
        <extensions>
          <ns3:TrackPointExtension/>
        </extensions>
      </trkpt>
      <trkpt lat="31.39439494349062442779541015625" lon="119.4878089427947998046875">
        <ele>1.60000002384185791015625</ele>
        <time>2025-02-18T22:47:23.000Z</time>
        <extensions>
          <ns3:TrackPointExtension/>
        </extensions>
      </trkpt>
      <trkpt lat="31.39437139034271240234375" lon="119.48780785314738750457763671875">
        <ele>1.2000000476837158203125</ele>
        <time>2025-02-18T22:47:24.000Z</time>
        <extensions>
          <ns3:TrackPointExtension/>
        </extensions>
      </trkpt>
      <trkpt lat="31.394348256289958953857421875" lon="119.48780517093837261199951171875">
        <ele>1</ele>
        <time>2025-02-18T22:47:25.000Z</time>
        <extensions>
          <ns3:TrackPointExtension>
            <ns3:hr>131</ns3:hr>
          </ns3:TrackPointExtension>
        </extensions>
      </trkpt>
      <trkpt lat="31.39432587660849094390869140625" lon="119.48780165053904056549072265625">
        <ele>1</ele>
        <time>2025-02-18T22:47:26.000Z</time>
        <extensions>
          <ns3:TrackPointExtension/>
        </extensions>
      </trkpt>
      <trkpt lat="31.3943045027554035186767578125" lon="119.487798549234867095947265625">
        <ele>0.800000011920928955078125</ele>
        <time>2025-02-18T22:47:27.000Z</time>
        <extensions>
          <ns3:TrackPointExtension/>
        </extensions>
      </trkpt>
      <trkpt lat="31.3942827098071575164794921875" lon="119.4877968728542327880859375">
        <ele>0.800000011920928955078125</ele>
        <time>2025-02-18T22:47:28.000Z</time>
        <extensions>
          <ns3:TrackPointExtension/>
        </extensions>
      </trkpt>
      <trkpt lat="31.39426016248762607574462890625" lon="119.48779662139713764190673828125">
        <ele>0.800000011920928955078125</ele>
        <time>2025-02-18T22:47:29.000Z</time>
        <extensions>
          <ns3:TrackPointExtension/>
        </extensions>
      </trkpt>
      <trkpt lat="31.39423652552068233489990234375" lon="119.4877970404922962188720703125">
        <ele>0.800000011920928955078125</ele>
        <time>2025-02-18T22:47:30.000Z</time>
        <extensions>
          <ns3:TrackPointExtension/>
        </extensions>
      </trkpt>
      <trkpt lat="31.3942126370966434478759765625" lon="119.4877973757684230804443359375">
        <ele>0.800000011920928955078125</ele>
        <time>2025-02-18T22:47:31.000Z</time>
        <extensions>
          <ns3:TrackPointExtension/>
        </extensions>
      </trkpt>
      <trkpt lat="31.394188664853572845458984375" lon="119.4877973757684230804443359375">
        <ele>0.800000011920928955078125</ele>
        <time>2025-02-18T22:47:32.000Z</time>
        <extensions>
          <ns3:TrackPointExtension>
            <ns3:hr>134</ns3:hr>
          </ns3:TrackPointExtension>
        </extensions>
      </trkpt>
      <trkpt lat="31.394165195524692535400390625" lon="119.487797208130359649658203125">
        <ele>0.800000011920928955078125</ele>
        <time>2025-02-18T22:47:33.000Z</time>
        <extensions>
          <ns3:TrackPointExtension>
            <ns3:hr>133</ns3:hr>
          </ns3:TrackPointExtension>
        </extensions>
      </trkpt>
      <trkpt lat="31.39414214529097080230712890625" lon="119.48779678903520107269287109375">
        <ele>0.800000011920928955078125</ele>
        <time>2025-02-18T22:47:34.000Z</time>
        <extensions>
          <ns3:TrackPointExtension/>
        </extensions>
      </trkpt>
      <trkpt lat="31.39411884360015392303466796875" lon="119.4877960346639156341552734375">
        <ele>0.800000011920928955078125</ele>
        <time>2025-02-18T22:47:35.000Z</time>
        <extensions>
          <ns3:TrackPointExtension/>
        </extensions>
      </trkpt>
      <trkpt lat="31.3940956257283687591552734375" lon="119.4877946935594081878662109375">
        <ele>0.800000011920928955078125</ele>
        <time>2025-02-18T22:47:36.000Z</time>
        <extensions>
          <ns3:TrackPointExtension/>
        </extensions>
      </trkpt>
      <trkpt lat="31.39407274313271045684814453125" lon="119.48779293335974216461181640625">
        <ele>0.800000011920928955078125</ele>
        <time>2025-02-18T22:47:37.000Z</time>
        <extensions>
          <ns3:TrackPointExtension/>
        </extensions>
      </trkpt>
      <trkpt lat="31.39405027963221073150634765625" lon="119.48779083788394927978515625">
        <ele>1.2000000476837158203125</ele>
        <time>2025-02-18T22:47:38.000Z</time>
        <extensions>
          <ns3:TrackPointExtension/>
        </extensions>
      </trkpt>
      <trkpt lat="31.3940278999507427215576171875" lon="119.487788490951061248779296875">
        <ele>1.39999997615814208984375</ele>
        <time>2025-02-18T22:47:39.000Z</time>
        <extensions>
          <ns3:TrackPointExtension/>
        </extensions>
      </trkpt>
      <trkpt lat="31.39400619082152843475341796875" lon="119.48778522200882434844970703125">
        <ele>1.60000002384185791015625</ele>
        <time>2025-02-18T22:47:40.000Z</time>
        <extensions>
          <ns3:TrackPointExtension/>
        </extensions>
      </trkpt>
      <trkpt lat="31.39398439787328243255615234375" lon="119.4877809472382068634033203125">
        <ele>1.7999999523162841796875</ele>
        <time>2025-02-18T22:47:41.000Z</time>
        <extensions>
          <ns3:TrackPointExtension>
            <ns3:hr>135</ns3:hr>
          </ns3:TrackPointExtension>
        </extensions>
      </trkpt>
      <trkpt lat="31.3939625211060047149658203125" lon="119.48777675628662109375">
        <ele>2.2000000476837158203125</ele>
        <time>2025-02-18T22:47:42.000Z</time>
        <extensions>
          <ns3:TrackPointExtension/>
        </extensions>
      </trkpt>
      <trkpt lat="31.3939408957958221435546875" lon="119.48777281679213047027587890625">
        <ele>2.400000095367431640625</ele>
        <time>2025-02-18T22:47:43.000Z</time>
        <extensions>
          <ns3:TrackPointExtension>
            <ns3:hr>132</ns3:hr>
          </ns3:TrackPointExtension>
        </extensions>
      </trkpt>
      <trkpt lat="31.39391935430467128753662109375" lon="119.4877700507640838623046875">
        <ele>2.599999904632568359375</ele>
        <time>2025-02-18T22:47:44.000Z</time>
        <extensions>
          <ns3:TrackPointExtension/>
        </extensions>
      </trkpt>
      <trkpt lat="31.39389839954674243927001953125" lon="119.48776938021183013916015625">
        <ele>2.7999999523162841796875</ele>
        <time>2025-02-18T22:47:45.000Z</time>
        <extensions>
          <ns3:TrackPointExtension/>
        </extensions>
      </trkpt>
      <trkpt lat="31.3938783667981624603271484375" lon="119.48776979930698871612548828125">
        <ele>3</ele>
        <time>2025-02-18T22:47:46.000Z</time>
        <extensions>
          <ns3:TrackPointExtension/>
        </extensions>
      </trkpt>
      <trkpt lat="31.393858082592487335205078125" lon="119.48777013458311557769775390625">
        <ele>3.2000000476837158203125</ele>
        <time>2025-02-18T22:47:47.000Z</time>
        <extensions>
          <ns3:TrackPointExtension/>
        </extensions>
      </trkpt>
      <trkpt lat="31.39383696019649505615234375" lon="119.4877695478498935699462890625">
        <ele>3.400000095367431640625</ele>
        <time>2025-02-18T22:47:48.000Z</time>
        <extensions>
          <ns3:TrackPointExtension/>
        </extensions>
      </trkpt>
      <trkpt lat="31.39381508342921733856201171875" lon="119.48776912875473499298095703125">
        <ele>3.7999999523162841796875</ele>
        <time>2025-02-18T22:47:49.000Z</time>
        <extensions>
          <ns3:TrackPointExtension/>
        </extensions>
      </trkpt>
      <trkpt lat="31.39379245229065418243408203125" lon="119.4877698831260204315185546875">
        <ele>4</ele>
        <time>2025-02-18T22:47:50.000Z</time>
        <extensions>
          <ns3:TrackPointExtension>
            <ns3:hr>131</ns3:hr>
          </ns3:TrackPointExtension>
        </extensions>
      </trkpt>
      <trkpt lat="31.39377082698047161102294921875" lon="119.4877718947827816009521484375">
        <ele>4.19999980926513671875</ele>
        <time>2025-02-18T22:47:51.000Z</time>
        <extensions>
          <ns3:TrackPointExtension/>
        </extensions>
      </trkpt>
      <trkpt lat="31.39374978840351104736328125" lon="119.487773738801479339599609375">
        <ele>4.19999980926513671875</ele>
        <time>2025-02-18T22:47:52.000Z</time>
        <extensions>
          <ns3:TrackPointExtension/>
        </extensions>
      </trkpt>
      <trkpt lat="31.3937284983694553375244140625" lon="119.4877735711634159088134765625">
        <ele>4.400000095367431640625</ele>
        <time>2025-02-18T22:47:53.000Z</time>
        <extensions>
          <ns3:TrackPointExtension/>
        </extensions>
      </trkpt>
      <trkpt lat="31.39370595104992389678955078125" lon="119.487771056592464447021484375">
        <ele>4.599999904632568359375</ele>
        <time>2025-02-18T22:47:54.000Z</time>
        <extensions>
          <ns3:TrackPointExtension/>
        </extensions>
      </trkpt>
      <trkpt lat="31.393682397902011871337890625" lon="119.48776778765022754669189453125">
        <ele>4.80000019073486328125</ele>
        <time>2025-02-18T22:47:55.000Z</time>
        <extensions>
          <ns3:TrackPointExtension/>
        </extensions>
      </trkpt>
      <trkpt lat="31.39365859329700469970703125" lon="119.48776477016508579254150390625">
        <ele>5</ele>
        <time>2025-02-18T22:47:56.000Z</time>
        <extensions>
          <ns3:TrackPointExtension>
            <ns3:hr>132</ns3:hr>
          </ns3:TrackPointExtension>
        </extensions>
      </trkpt>
      <trkpt lat="31.39363453723490238189697265625" lon="119.4877625070512294769287109375">
        <ele>5.19999980926513671875</ele>
        <time>2025-02-18T22:47:57.000Z</time>
        <extensions>
          <ns3:TrackPointExtension/>
        </extensions>
      </trkpt>
      <trkpt lat="31.3936108164489269256591796875" lon="119.48776108212769031524658203125">
        <ele>5.19999980926513671875</ele>
        <time>2025-02-18T22:47:58.000Z</time>
        <extensions>
          <ns3:TrackPointExtension/>
        </extensions>
      </trkpt>
      <trkpt lat="31.3935868442058563232421875" lon="119.4877608306705951690673828125">
        <ele>5.400000095367431640625</ele>
        <time>2025-02-18T22:47:59.000Z</time>
        <extensions>
          <ns3:TrackPointExtension/>
        </extensions>
      </trkpt>
      <trkpt lat="31.39356337487697601318359375" lon="119.4877615012228488922119140625">
        <ele>5.599999904632568359375</ele>
        <time>2025-02-18T22:48:00.000Z</time>
        <extensions>
          <ns3:TrackPointExtension>
            <ns3:hr>131</ns3:hr>
          </ns3:TrackPointExtension>
        </extensions>
      </trkpt>
      <trkpt lat="31.39354015700519084930419921875" lon="119.48776158504188060760498046875">
        <ele>5.80000019073486328125</ele>
        <time>2025-02-18T22:48:01.000Z</time>
        <extensions>
          <ns3:TrackPointExtension/>
        </extensions>
      </trkpt>
      <trkpt lat="31.39351719059050083160400390625" lon="119.487760327756404876708984375">
        <ele>6</ele>
        <time>2025-02-18T22:48:02.000Z</time>
        <extensions>
          <ns3:TrackPointExtension/>
        </extensions>
      </trkpt>
      <trkpt lat="31.3934944756329059600830078125" lon="119.48775873519480228424072265625">
        <ele>6</ele>
        <time>2025-02-18T22:48:03.000Z</time>
        <extensions>
          <ns3:TrackPointExtension>
            <ns3:hr>130</ns3:hr>
          </ns3:TrackPointExtension>
        </extensions>
      </trkpt>
      <trkpt lat="31.3934723474085330963134765625" lon="119.48775806464254856109619140625">
        <ele>5.80000019073486328125</ele>
        <time>2025-02-18T22:48:04.000Z</time>
        <extensions>
          <ns3:TrackPointExtension/>
        </extensions>
      </trkpt>
      <trkpt lat="31.393450386822223663330078125" lon="119.48775839991867542266845703125">
        <ele>5.80000019073486328125</ele>
        <time>2025-02-18T22:48:05.000Z</time>
        <extensions>
          <ns3:TrackPointExtension/>
        </extensions>
      </trkpt>
      <trkpt lat="31.39342767186462879180908203125" lon="119.48775873519480228424072265625">
        <ele>5.599999904632568359375</ele>
        <time>2025-02-18T22:48:06.000Z</time>
        <extensions>
          <ns3:TrackPointExtension/>
        </extensions>
      </trkpt>
      <trkpt lat="31.3934049569070339202880859375" lon="119.487757980823516845703125">
        <ele>5.599999904632568359375</ele>
        <time>2025-02-18T22:48:07.000Z</time>
        <extensions>
          <ns3:TrackPointExtension/>
        </extensions>
      </trkpt>
      <trkpt lat="31.3933821581304073333740234375" lon="119.487756304442882537841796875">
        <ele>5.599999904632568359375</ele>
        <time>2025-02-18T22:48:08.000Z</time>
        <extensions>
          <ns3:TrackPointExtension/>
        </extensions>
      </trkpt>
      <trkpt lat="31.3933596946299076080322265625" lon="119.4877554662525653839111328125">
        <ele>5.400000095367431640625</ele>
        <time>2025-02-18T22:48:09.000Z</time>
        <extensions>
          <ns3:TrackPointExtension/>
        </extensions>
      </trkpt>
      <trkpt lat="31.3933368958532810211181640625" lon="119.4877566397190093994140625">
        <ele>5.400000095367431640625</ele>
        <time>2025-02-18T22:48:10.000Z</time>
        <extensions>
          <ns3:TrackPointExtension/>
        </extensions>
      </trkpt>
      <trkpt lat="31.39331418089568614959716796875" lon="119.48775873519480228424072265625">
        <ele>5.19999980926513671875</ele>
        <time>2025-02-18T22:48:11.000Z</time>
        <extensions>
          <ns3:TrackPointExtension/>
        </extensions>
      </trkpt>
      <trkpt lat="31.39329171739518642425537109375" lon="119.48776041157543659210205078125">
        <ele>5.19999980926513671875</ele>
        <time>2025-02-18T22:48:12.000Z</time>
        <extensions>
          <ns3:TrackPointExtension>
            <ns3:hr>131</ns3:hr>
          </ns3:TrackPointExtension>
        </extensions>
      </trkpt>
      <trkpt lat="31.39326992444694042205810546875" lon="119.4877618364989757537841796875">
        <ele>5.19999980926513671875</ele>
        <time>2025-02-18T22:48:13.000Z</time>
        <extensions>
          <ns3:TrackPointExtension/>
        </extensions>
      </trkpt>
      <trkpt lat="31.39324880205094814300537109375" lon="119.48776393197476863861083984375">
        <ele>5</ele>
        <time>2025-02-18T22:48:14.000Z</time>
        <extensions>
          <ns3:TrackPointExtension/>
        </extensions>
      </trkpt>
      <trkpt lat="31.39322767965495586395263671875" lon="119.48776694945991039276123046875">
        <ele>5</ele>
        <time>2025-02-18T22:48:15.000Z</time>
        <extensions>
          <ns3:TrackPointExtension/>
        </extensions>
      </trkpt>
      <trkpt lat="31.393206305801868438720703125" lon="119.48776929639279842376708984375">
        <ele>5</ele>
        <time>2025-02-18T22:48:16.000Z</time>
        <extensions>
          <ns3:TrackPointExtension>
            <ns3:hr>131</ns3:hr>
          </ns3:TrackPointExtension>
        </extensions>
      </trkpt>
      <trkpt lat="31.39318375848233699798583984375" lon="119.48777080513536930084228515625">
        <ele>4.80000019073486328125</ele>
        <time>2025-02-18T22:48:17.000Z</time>
        <extensions>
          <ns3:TrackPointExtension/>
        </extensions>
      </trkpt>
      <trkpt lat="31.39316045679152011871337890625" lon="119.48777206242084503173828125">
        <ele>4.599999904632568359375</ele>
        <time>2025-02-18T22:48:18.000Z</time>
        <extensions>
          <ns3:TrackPointExtension/>
        </extensions>
      </trkpt>
      <trkpt lat="31.39313715510070323944091796875" lon="119.48777399025857448577880859375">
        <ele>4.599999904632568359375</ele>
        <time>2025-02-18T22:48:19.000Z</time>
        <extensions>
          <ns3:TrackPointExtension/>
        </extensions>
      </trkpt>
      <trkpt lat="31.39311402104794979095458984375" lon="119.4877769239246845245361328125">
        <ele>4.400000095367431640625</ele>
        <time>2025-02-18T22:48:20.000Z</time>
        <extensions>
          <ns3:TrackPointExtension>
            <ns3:hr>132</ns3:hr>
          </ns3:TrackPointExtension>
        </extensions>
      </trkpt>
      <trkpt lat="31.39309055171906948089599609375" lon="119.4877799414098262786865234375">
        <ele>4.19999980926513671875</ele>
        <time>2025-02-18T22:48:21.000Z</time>
        <extensions>
          <ns3:TrackPointExtension/>
        </extensions>
      </trkpt>
      <trkpt lat="31.3930666632950305938720703125" lon="119.4877819530665874481201171875">
        <ele>4</ele>
        <time>2025-02-18T22:48:22.000Z</time>
        <extensions>
          <ns3:TrackPointExtension/>
        </extensions>
      </trkpt>
      <trkpt lat="31.39304311014711856842041015625" lon="119.4877822883427143096923828125">
        <ele>3.7999999523162841796875</ele>
        <time>2025-02-18T22:48:23.000Z</time>
        <extensions>
          <ns3:TrackPointExtension/>
        </extensions>
      </trkpt>
      <trkpt lat="31.3930203951895236968994140625" lon="119.4877816177904605865478515625">
        <ele>3.599999904632568359375</ele>
        <time>2025-02-18T22:48:24.000Z</time>
        <extensions>
          <ns3:TrackPointExtension>
            <ns3:hr>132</ns3:hr>
          </ns3:TrackPointExtension>
        </extensions>
      </trkpt>
      <trkpt lat="31.39299818314611911773681640625" lon="119.4877809472382068634033203125">
        <ele>3.400000095367431640625</ele>
        <time>2025-02-18T22:48:25.000Z</time>
        <extensions>
          <ns3:TrackPointExtension/>
        </extensions>
      </trkpt>
      <trkpt lat="31.39297538436949253082275390625" lon="119.4877807796001434326171875">
        <ele>3.400000095367431640625</ele>
        <time>2025-02-18T22:48:26.000Z</time>
        <extensions>
          <ns3:TrackPointExtension/>
        </extensions>
      </trkpt>
      <trkpt lat="31.39295258559286594390869140625" lon="119.4877807796001434326171875">
        <ele>3.2000000476837158203125</ele>
        <time>2025-02-18T22:48:27.000Z</time>
        <extensions>
          <ns3:TrackPointExtension/>
        </extensions>
      </trkpt>
      <trkpt lat="31.39292961917817592620849609375" lon="119.4877807796001434326171875">
        <ele>3.2000000476837158203125</ele>
        <time>2025-02-18T22:48:28.000Z</time>
        <extensions>
          <ns3:TrackPointExtension/>
        </extensions>
      </trkpt>
      <trkpt lat="31.39290682040154933929443359375" lon="119.4877809472382068634033203125">
        <ele>3.2000000476837158203125</ele>
        <time>2025-02-18T22:48:29.000Z</time>
        <extensions>
          <ns3:TrackPointExtension>
            <ns3:hr>132</ns3:hr>
          </ns3:TrackPointExtension>
        </extensions>
      </trkpt>
      <trkpt lat="31.392884440720081329345703125" lon="119.48778103105723857879638671875">
        <ele>3.2000000476837158203125</ele>
        <time>2025-02-18T22:48:30.000Z</time>
        <extensions>
          <ns3:TrackPointExtension/>
        </extensions>
      </trkpt>
      <trkpt lat="31.3928618095815181732177734375" lon="119.48778170160949230194091796875">
        <ele>3.400000095367431640625</ele>
        <time>2025-02-18T22:48:31.000Z</time>
        <extensions>
          <ns3:TrackPointExtension/>
        </extensions>
      </trkpt>
      <trkpt lat="31.39283875934779644012451171875" lon="119.4877836294472217559814453125">
        <ele>3.400000095367431640625</ele>
        <time>2025-02-18T22:48:32.000Z</time>
        <extensions>
          <ns3:TrackPointExtension/>
        </extensions>
      </trkpt>
      <trkpt lat="31.39281529001891613006591796875" lon="119.48778706602752208709716796875">
        <ele>3.599999904632568359375</ele>
        <time>2025-02-18T22:48:33.000Z</time>
        <extensions>
          <ns3:TrackPointExtension/>
        </extensions>
      </trkpt>
      <trkpt lat="31.39279198832809925079345703125" lon="119.48779159225523471832275390625">
        <ele>3.599999904632568359375</ele>
        <time>2025-02-18T22:48:34.000Z</time>
        <extensions>
          <ns3:TrackPointExtension>
            <ns3:hr>132</ns3:hr>
          </ns3:TrackPointExtension>
        </extensions>
      </trkpt>
      <trkpt lat="31.39276835136115550994873046875" lon="119.48779620230197906494140625">
        <ele>3.599999904632568359375</ele>
        <time>2025-02-18T22:48:35.000Z</time>
        <extensions>
          <ns3:TrackPointExtension/>
        </extensions>
      </trkpt>
      <trkpt lat="31.39274421148002147674560546875" lon="119.48779947124421596527099609375">
        <ele>3.7999999523162841796875</ele>
        <time>2025-02-18T22:48:36.000Z</time>
        <extensions>
          <ns3:TrackPointExtension/>
        </extensions>
      </trkpt>
      <trkpt lat="31.3927199877798557281494140625" lon="119.48780114762485027313232421875">
        <ele>3.7999999523162841796875</ele>
        <time>2025-02-18T22:48:37.000Z</time>
        <extensions>
          <ns3:TrackPointExtension/>
        </extensions>
      </trkpt>
      <trkpt lat="31.39269609935581684112548828125" lon="119.48780198581516742706298828125">
        <ele>4</ele>
        <time>2025-02-18T22:48:38.000Z</time>
        <extensions>
          <ns3:TrackPointExtension>
            <ns3:hr>132</ns3:hr>
          </ns3:TrackPointExtension>
        </extensions>
      </trkpt>
      <trkpt lat="31.3926733843982219696044921875" lon="119.48780248872935771942138671875">
        <ele>4</ele>
        <time>2025-02-18T22:48:39.000Z</time>
        <extensions>
          <ns3:TrackPointExtension/>
        </extensions>
      </trkpt>
      <trkpt lat="31.3926507532596588134765625" lon="119.48780290782451629638671875">
        <ele>4.19999980926513671875</ele>
        <time>2025-02-18T22:48:40.000Z</time>
        <extensions>
          <ns3:TrackPointExtension/>
        </extensions>
      </trkpt>
      <trkpt lat="31.3926274515688419342041015625" lon="119.4878037460148334503173828125">
        <ele>4.19999980926513671875</ele>
        <time>2025-02-18T22:48:41.000Z</time>
        <extensions>
          <ns3:TrackPointExtension/>
        </extensions>
      </trkpt>
      <trkpt lat="31.3926033116877079010009765625" lon="119.48780517093837261199951171875">
        <ele>4.400000095367431640625</ele>
        <time>2025-02-18T22:48:42.000Z</time>
        <extensions>
          <ns3:TrackPointExtension/>
        </extensions>
      </trkpt>
      <trkpt lat="31.39257975853979587554931640625" lon="119.487806260585784912109375">
        <ele>4.400000095367431640625</ele>
        <time>2025-02-18T22:48:43.000Z</time>
        <extensions>
          <ns3:TrackPointExtension/>
        </extensions>
      </trkpt>
      <trkpt lat="31.392556540668010711669921875" lon="119.48780600912868976593017578125">
        <ele>4.599999904632568359375</ele>
        <time>2025-02-18T22:48:44.000Z</time>
        <extensions>
          <ns3:TrackPointExtension/>
        </extensions>
      </trkpt>
      <trkpt lat="31.39253340661525726318359375" lon="119.4878044165670871734619140625">
        <ele>4.599999904632568359375</ele>
        <time>2025-02-18T22:48:45.000Z</time>
        <extensions>
          <ns3:TrackPointExtension/>
        </extensions>
      </trkpt>
      <trkpt lat="31.39251119457185268402099609375" lon="119.48780181817710399627685546875">
        <ele>4.80000019073486328125</ele>
        <time>2025-02-18T22:48:46.000Z</time>
        <extensions>
          <ns3:TrackPointExtension/>
        </extensions>
      </trkpt>
      <trkpt lat="31.39248990453779697418212890625" lon="119.487799219787120819091796875">
        <ele>4.80000019073486328125</ele>
        <time>2025-02-18T22:48:47.000Z</time>
        <extensions>
          <ns3:TrackPointExtension>
            <ns3:hr>133</ns3:hr>
          </ns3:TrackPointExtension>
        </extensions>
      </trkpt>
      <trkpt lat="31.392468698322772979736328125" lon="119.48779754340648651123046875">
        <ele>4.80000019073486328125</ele>
        <time>2025-02-18T22:48:48.000Z</time>
        <extensions>
          <ns3:TrackPointExtension/>
        </extensions>
      </trkpt>
      <trkpt lat="31.3924464024603366851806640625" lon="119.487797208130359649658203125">
        <ele>5</ele>
        <time>2025-02-18T22:48:49.000Z</time>
        <extensions>
          <ns3:TrackPointExtension>
            <ns3:hr>135</ns3:hr>
          </ns3:TrackPointExtension>
        </extensions>
      </trkpt>
      <trkpt lat="31.39242343604564666748046875" lon="119.48779829777777194976806640625">
        <ele>5</ele>
        <time>2025-02-18T22:48:50.000Z</time>
        <extensions>
          <ns3:TrackPointExtension/>
        </extensions>
      </trkpt>
      <trkpt lat="31.3923997990787029266357421875" lon="119.4878003932535648345947265625">
        <ele>5.19999980926513671875</ele>
        <time>2025-02-18T22:48:51.000Z</time>
        <extensions>
          <ns3:TrackPointExtension/>
        </extensions>
      </trkpt>
      <trkpt lat="31.39237624593079090118408203125" lon="119.48780299164354801177978515625">
        <ele>5.19999980926513671875</ele>
        <time>2025-02-18T22:48:52.000Z</time>
        <extensions>
          <ns3:TrackPointExtension/>
        </extensions>
      </trkpt>
      <trkpt lat="31.39235260896384716033935546875" lon="119.48780584149062633514404296875">
        <ele>5.19999980926513671875</ele>
        <time>2025-02-18T22:48:53.000Z</time>
        <extensions>
          <ns3:TrackPointExtension/>
        </extensions>
      </trkpt>
      <trkpt lat="31.39232830144464969635009765625" lon="119.48780785314738750457763671875">
        <ele>5.19999980926513671875</ele>
        <time>2025-02-18T22:48:54.000Z</time>
        <extensions>
          <ns3:TrackPointExtension/>
        </extensions>
      </trkpt>
      <trkpt lat="31.39230332337319850921630859375" lon="119.4878089427947998046875">
        <ele>5.19999980926513671875</ele>
        <time>2025-02-18T22:48:55.000Z</time>
        <extensions>
          <ns3:TrackPointExtension/>
        </extensions>
      </trkpt>
      <trkpt lat="31.39227784238755702972412109375" lon="119.4878097809851169586181640625">
        <ele>5.19999980926513671875</ele>
        <time>2025-02-18T22:48:56.000Z</time>
        <extensions>
          <ns3:TrackPointExtension/>
        </extensions>
      </trkpt>
      <trkpt lat="31.392253451049327850341796875" lon="119.48781003244221210479736328125">
        <ele>5.19999980926513671875</ele>
        <time>2025-02-18T22:48:57.000Z</time>
        <extensions>
          <ns3:TrackPointExtension/>
        </extensions>
      </trkpt>
      <trkpt lat="31.3922304846346378326416015625" lon="119.48780902661383152008056640625">
        <ele>5.19999980926513671875</ele>
        <time>2025-02-18T22:48:58.000Z</time>
        <extensions>
          <ns3:TrackPointExtension>
            <ns3:hr>136</ns3:hr>
          </ns3:TrackPointExtension>
        </extensions>
      </trkpt>
      <trkpt lat="31.39220894314348697662353515625" lon="119.48780785314738750457763671875">
        <ele>5.19999980926513671875</ele>
        <time>2025-02-18T22:48:59.000Z</time>
        <extensions>
          <ns3:TrackPointExtension/>
        </extensions>
      </trkpt>
      <trkpt lat="31.39218798838555812835693359375" lon="119.48780735023319721221923828125">
        <ele>5.19999980926513671875</ele>
        <time>2025-02-18T22:49:00.000Z</time>
        <extensions>
          <ns3:TrackPointExtension/>
        </extensions>
      </trkpt>
      <trkpt lat="31.3921667821705341339111328125" lon="119.48780818842351436614990234375">
        <ele>5.19999980926513671875</ele>
        <time>2025-02-18T22:49:01.000Z</time>
        <extensions>
          <ns3:TrackPointExtension/>
        </extensions>
      </trkpt>
      <trkpt lat="31.3921443186700344085693359375" lon="119.48781003244221210479736328125">
        <ele>5.19999980926513671875</ele>
        <time>2025-02-18T22:49:02.000Z</time>
        <extensions>
          <ns3:TrackPointExtension/>
        </extensions>
      </trkpt>
      <trkpt lat="31.39212093316018581390380859375" lon="119.4878117926418781280517578125">
        <ele>5.19999980926513671875</ele>
        <time>2025-02-18T22:49:03.000Z</time>
        <extensions>
          <ns3:TrackPointExtension/>
        </extensions>
      </trkpt>
      <trkpt lat="31.3920970447361469268798828125" lon="119.48781355284154415130615234375">
        <ele>5.19999980926513671875</ele>
        <time>2025-02-18T22:49:04.000Z</time>
        <extensions>
          <ns3:TrackPointExtension/>
        </extensions>
      </trkpt>
      <trkpt lat="31.39207231812179088592529296875" lon="119.48781640268862247467041015625">
        <ele>5.400000095367431640625</ele>
        <time>2025-02-18T22:49:05.000Z</time>
        <extensions>
          <ns3:TrackPointExtension/>
        </extensions>
      </trkpt>
      <trkpt lat="31.39204784296452999114990234375" lon="119.48782059364020824432373046875">
        <ele>5.400000095367431640625</ele>
        <time>2025-02-18T22:49:06.000Z</time>
        <extensions>
          <ns3:TrackPointExtension>
            <ns3:hr>136</ns3:hr>
          </ns3:TrackPointExtension>
        </extensions>
      </trkpt>
      <trkpt lat="31.39202378690242767333984375" lon="119.48782612569630146026611328125">
        <ele>5.400000095367431640625</ele>
        <time>2025-02-18T22:49:07.000Z</time>
        <extensions>
          <ns3:TrackPointExtension/>
        </extensions>
      </trkpt>
      <trkpt lat="31.39200040139257907867431640625" lon="119.487831406295299530029296875">
        <ele>5.400000095367431640625</ele>
        <time>2025-02-18T22:49:08.000Z</time>
        <extensions>
          <ns3:TrackPointExtension>
            <ns3:hr>135</ns3:hr>
          </ns3:TrackPointExtension>
        </extensions>
      </trkpt>
      <trkpt lat="31.3919770158827304840087890625" lon="119.4878352619707584381103515625">
        <ele>5.599999904632568359375</ele>
        <time>2025-02-18T22:49:09.000Z</time>
        <extensions>
          <ns3:TrackPointExtension/>
        </extensions>
      </trkpt>
      <trkpt lat="31.39195363037288188934326171875" lon="119.48783769272267818450927734375">
        <ele>5.599999904632568359375</ele>
        <time>2025-02-18T22:49:10.000Z</time>
        <extensions>
          <ns3:TrackPointExtension/>
        </extensions>
      </trkpt>
      <trkpt lat="31.39193116687238216400146484375" lon="119.487838782370090484619140625">
        <ele>5.599999904632568359375</ele>
        <time>2025-02-18T22:49:11.000Z</time>
        <extensions>
          <ns3:TrackPointExtension/>
        </extensions>
      </trkpt>
      <trkpt lat="31.3919096253812313079833984375" lon="119.4878402911126613616943359375">
        <ele>5.80000019073486328125</ele>
        <time>2025-02-18T22:49:12.000Z</time>
        <extensions>
          <ns3:TrackPointExtension/>
        </extensions>
      </trkpt>
      <trkpt lat="31.39188825152814388275146484375" lon="119.48784305714070796966552734375">
        <ele>5.80000019073486328125</ele>
        <time>2025-02-18T22:49:13.000Z</time>
        <extensions>
          <ns3:TrackPointExtension/>
        </extensions>
      </trkpt>
      <trkpt lat="31.39186553657054901123046875" lon="119.48784691281616687774658203125">
        <ele>5.80000019073486328125</ele>
        <time>2025-02-18T22:49:14.000Z</time>
        <extensions>
          <ns3:TrackPointExtension>
            <ns3:hr>136</ns3:hr>
          </ns3:TrackPointExtension>
        </extensions>
      </trkpt>
      <trkpt lat="31.391842067241668701171875" lon="119.4878516905009746551513671875">
        <ele>5.80000019073486328125</ele>
        <time>2025-02-18T22:49:15.000Z</time>
        <extensions>
          <ns3:TrackPointExtension/>
        </extensions>
      </trkpt>
      <trkpt lat="31.39181859791278839111328125" lon="119.487856887280941009521484375">
        <ele>5.80000019073486328125</ele>
        <time>2025-02-18T22:49:16.000Z</time>
        <extensions>
          <ns3:TrackPointExtension/>
        </extensions>
      </trkpt>
      <trkpt lat="31.39179579913616180419921875" lon="119.48786049149930477142333984375">
        <ele>5.599999904632568359375</ele>
        <time>2025-02-18T22:49:17.000Z</time>
        <extensions>
          <ns3:TrackPointExtension/>
        </extensions>
      </trkpt>
      <trkpt lat="31.3917738385498523712158203125" lon="119.487860910594463348388671875">
        <ele>5.599999904632568359375</ele>
        <time>2025-02-18T22:49:18.000Z</time>
        <extensions>
          <ns3:TrackPointExtension/>
        </extensions>
      </trkpt>
      <trkpt lat="31.391751877963542938232421875" lon="119.48785780929028987884521484375">
        <ele>5.80000019073486328125</ele>
        <time>2025-02-18T22:49:19.000Z</time>
        <extensions>
          <ns3:TrackPointExtension>
            <ns3:hr>137</ns3:hr>
          </ns3:TrackPointExtension>
        </extensions>
      </trkpt>
      <trkpt lat="31.39173050411045551300048828125" lon="119.48785177432000637054443359375">
        <ele>5.80000019073486328125</ele>
        <time>2025-02-18T22:49:20.000Z</time>
        <extensions>
          <ns3:TrackPointExtension/>
        </extensions>
      </trkpt>
      <trkpt lat="31.39171021990478038787841796875" lon="119.48784540407359600067138671875">
        <ele>5.80000019073486328125</ele>
        <time>2025-02-18T22:49:21.000Z</time>
        <extensions>
          <ns3:TrackPointExtension/>
        </extensions>
      </trkpt>
      <trkpt lat="31.3916933722794055938720703125" lon="119.4878402911126613616943359375">
        <ele>6</ele>
        <time>2025-02-18T22:49:22.000Z</time>
        <extensions>
          <ns3:TrackPointExtension/>
        </extensions>
      </trkpt>
      <trkpt lat="31.39168356545269489288330078125" lon="119.48783635161817073822021484375">
        <ele>6</ele>
        <time>2025-02-18T22:49:23.000Z</time>
        <extensions>
          <ns3:TrackPointExtension/>
        </extensions>
      </trkpt>
      <trkpt lat="31.39168582856655120849609375" lon="119.48783375322818756103515625">
        <ele>6</ele>
        <time>2025-02-18T22:49:24.000Z</time>
        <extensions>
          <ns3:TrackPointExtension>
            <ns3:hr>136</ns3:hr>
          </ns3:TrackPointExtension>
        </extensions>
      </trkpt>
      <trkpt lat="31.3917024247348308563232421875" lon="119.48783232830464839935302734375">
        <ele>6</ele>
        <time>2025-02-18T22:49:25.000Z</time>
        <extensions>
          <ns3:TrackPointExtension/>
        </extensions>
      </trkpt>
      <trkpt lat="31.391729079186916351318359375" lon="119.4878312386572360992431640625">
        <ele>6</ele>
        <time>2025-02-18T22:49:26.000Z</time>
        <extensions>
          <ns3:TrackPointExtension/>
        </extensions>
      </trkpt>
      <trkpt lat="31.39175984077155590057373046875" lon="119.4878292270004749298095703125">
        <ele>6</ele>
        <time>2025-02-18T22:49:27.000Z</time>
        <extensions>
          <ns3:TrackPointExtension/>
        </extensions>
      </trkpt>
      <trkpt lat="31.39178934507071971893310546875" lon="119.4878263771533966064453125">
        <ele>6</ele>
        <time>2025-02-18T22:49:28.000Z</time>
        <extensions>
          <ns3:TrackPointExtension>
            <ns3:hr>125</ns3:hr>
          </ns3:TrackPointExtension>
        </extensions>
      </trkpt>
      <trkpt lat="31.39181616716086864471435546875" lon="119.48782310821115970611572265625">
        <ele>6</ele>
        <time>2025-02-18T22:49:29.000Z</time>
        <extensions>
          <ns3:TrackPointExtension/>
        </extensions>
      </trkpt>
      <trkpt lat="31.39184064231812953948974609375" lon="119.48781992308795452117919921875">
        <ele>6.19999980926513671875</ele>
        <time>2025-02-18T22:49:30.000Z</time>
        <extensions>
          <ns3:TrackPointExtension/>
        </extensions>
      </trkpt>
      <trkpt lat="31.391863189637660980224609375" lon="119.48781657032668590545654296875">
        <ele>6</ele>
        <time>2025-02-18T22:49:31.000Z</time>
        <extensions>
          <ns3:TrackPointExtension/>
        </extensions>
      </trkpt>
      <trkpt lat="31.3918851502239704132080078125" lon="119.48781170882284641265869140625">
        <ele>6</ele>
        <time>2025-02-18T22:49:32.000Z</time>
        <extensions>
          <ns3:TrackPointExtension/>
        </extensions>
      </trkpt>
      <trkpt lat="31.39190769754350185394287109375" lon="119.4878054223954677581787109375">
        <ele>6</ele>
        <time>2025-02-18T22:49:33.000Z</time>
        <extensions>
          <ns3:TrackPointExtension>
            <ns3:hr>130</ns3:hr>
          </ns3:TrackPointExtension>
        </extensions>
      </trkpt>
      <trkpt lat="31.39193116687238216400146484375" lon="119.48779896833002567291259765625">
        <ele>6</ele>
        <time>2025-02-18T22:49:34.000Z</time>
        <extensions>
          <ns3:TrackPointExtension/>
        </extensions>
      </trkpt>
      <trkpt lat="31.39195413328707218170166015625" lon="119.4877936877310276031494140625">
        <ele>6</ele>
        <time>2025-02-18T22:49:35.000Z</time>
        <extensions>
          <ns3:TrackPointExtension/>
        </extensions>
      </trkpt>
      <trkpt lat="31.39197684824466705322265625" lon="119.48778924532234668731689453125">
        <ele>6</ele>
        <time>2025-02-18T22:49:36.000Z</time>
        <extensions>
          <ns3:TrackPointExtension/>
        </extensions>
      </trkpt>
      <trkpt lat="31.3919998146593570709228515625" lon="119.48778488673269748687744140625">
        <ele>6</ele>
        <time>2025-02-18T22:49:37.000Z</time>
        <extensions>
          <ns3:TrackPointExtension/>
        </extensions>
      </trkpt>
      <trkpt lat="31.39202370308339595794677734375" lon="119.4877806119620800018310546875">
        <ele>6</ele>
        <time>2025-02-18T22:49:38.000Z</time>
        <extensions>
          <ns3:TrackPointExtension/>
        </extensions>
      </trkpt>
      <trkpt lat="31.3920480944216251373291015625" lon="119.4877769239246845245361328125">
        <ele>5.80000019073486328125</ele>
        <time>2025-02-18T22:49:39.000Z</time>
        <extensions>
          <ns3:TrackPointExtension>
            <ns3:hr>130</ns3:hr>
          </ns3:TrackPointExtension>
        </extensions>
      </trkpt>
      <trkpt lat="31.3920718990266323089599609375" lon="119.48777474462985992431640625">
        <ele>5.80000019073486328125</ele>
        <time>2025-02-18T22:49:40.000Z</time>
        <extensions>
          <ns3:TrackPointExtension/>
        </extensions>
      </trkpt>
      <trkpt lat="31.392095200717449188232421875" lon="119.48777365498244762420654296875">
        <ele>5.80000019073486328125</ele>
        <time>2025-02-18T22:49:41.000Z</time>
        <extensions>
          <ns3:TrackPointExtension/>
        </extensions>
      </trkpt>
      <trkpt lat="31.39211707748472690582275390625" lon="119.4877722300589084625244140625">
        <ele>5.599999904632568359375</ele>
        <time>2025-02-18T22:49:42.000Z</time>
        <extensions>
          <ns3:TrackPointExtension/>
        </extensions>
      </trkpt>
      <trkpt lat="31.39213736169040203094482421875" lon="119.487769715487957000732421875">
        <ele>5.599999904632568359375</ele>
        <time>2025-02-18T22:49:43.000Z</time>
        <extensions>
          <ns3:TrackPointExtension>
            <ns3:hr>125</ns3:hr>
          </ns3:TrackPointExtension>
        </extensions>
      </trkpt>
      <trkpt lat="31.3921558856964111328125" lon="119.4877673685550689697265625">
        <ele>5.599999904632568359375</ele>
        <time>2025-02-18T22:49:44.000Z</time>
        <extensions>
          <ns3:TrackPointExtension/>
        </extensions>
      </trkpt>
      <trkpt lat="31.3921741582453250885009765625" lon="119.48776661418378353118896484375">
        <ele>5.80000019073486328125</ele>
        <time>2025-02-18T22:49:45.000Z</time>
        <extensions>
          <ns3:TrackPointExtension/>
        </extensions>
      </trkpt>
      <trkpt lat="31.39219385571777820587158203125" lon="119.4877668656408786773681640625">
        <ele>5.599999904632568359375</ele>
        <time>2025-02-18T22:49:46.000Z</time>
        <extensions>
          <ns3:TrackPointExtension/>
        </extensions>
      </trkpt>
      <trkpt lat="31.39221556484699249267578125" lon="119.487766362726688385009765625">
        <ele>5.80000019073486328125</ele>
        <time>2025-02-18T22:49:47.000Z</time>
        <extensions>
          <ns3:TrackPointExtension/>
        </extensions>
      </trkpt>
      <trkpt lat="31.39223928563296794891357421875" lon="119.48776359669864177703857421875">
        <ele>5.80000019073486328125</ele>
        <time>2025-02-18T22:49:48.000Z</time>
        <extensions>
          <ns3:TrackPointExtension/>
        </extensions>
      </trkpt>
      <trkpt lat="31.39226409606635570526123046875" lon="119.48775940574705600738525390625">
        <ele>5.80000019073486328125</ele>
        <time>2025-02-18T22:49:49.000Z</time>
        <extensions>
          <ns3:TrackPointExtension/>
        </extensions>
      </trkpt>
      <trkpt lat="31.39229007996618747711181640625" lon="119.487755298614501953125">
        <ele>5.80000019073486328125</ele>
        <time>2025-02-18T22:49:50.000Z</time>
        <extensions>
          <ns3:TrackPointExtension/>
        </extensions>
      </trkpt>
      <trkpt lat="31.39231606386601924896240234375" lon="119.487751610577106475830078125">
        <ele>5.80000019073486328125</ele>
        <time>2025-02-18T22:49:51.000Z</time>
        <extensions>
          <ns3:TrackPointExtension>
            <ns3:hr>129</ns3:hr>
          </ns3:TrackPointExtension>
        </extensions>
      </trkpt>
      <trkpt lat="31.39234162867069244384765625" lon="119.4877480901777744293212890625">
        <ele>5.80000019073486328125</ele>
        <time>2025-02-18T22:49:52.000Z</time>
        <extensions>
          <ns3:TrackPointExtension/>
        </extensions>
      </trkpt>
      <trkpt lat="31.3923679478466510772705078125" lon="119.487744234502315521240234375">
        <ele>5.599999904632568359375</ele>
        <time>2025-02-18T22:49:53.000Z</time>
        <extensions>
          <ns3:TrackPointExtension>
            <ns3:hr>127</ns3:hr>
          </ns3:TrackPointExtension>
        </extensions>
      </trkpt>
      <trkpt lat="31.39239401556551456451416015625" lon="119.4877405464649200439453125">
        <ele>5.400000095367431640625</ele>
        <time>2025-02-18T22:49:54.000Z</time>
        <extensions>
          <ns3:TrackPointExtension/>
        </extensions>
      </trkpt>
      <trkpt lat="31.39241999946534633636474609375" lon="119.4877380318939685821533203125">
        <ele>5.19999980926513671875</ele>
        <time>2025-02-18T22:49:55.000Z</time>
        <extensions>
          <ns3:TrackPointExtension/>
        </extensions>
      </trkpt>
      <trkpt lat="31.39244548045098781585693359375" lon="119.48773778043687343597412109375">
        <ele>5.19999980926513671875</ele>
        <time>2025-02-18T22:49:56.000Z</time>
        <extensions>
          <ns3:TrackPointExtension/>
        </extensions>
      </trkpt>
      <trkpt lat="31.3924695365130901336669921875" lon="119.4877397082746028900146484375">
        <ele>5</ele>
        <time>2025-02-18T22:49:57.000Z</time>
        <extensions>
          <ns3:TrackPointExtension/>
        </extensions>
      </trkpt>
      <trkpt lat="31.3924933411180973052978515625" lon="119.48774180375039577484130859375">
        <ele>5</ele>
        <time>2025-02-18T22:49:58.000Z</time>
        <extensions>
          <ns3:TrackPointExtension/>
        </extensions>
      </trkpt>
      <trkpt lat="31.3925181515514850616455078125" lon="119.48774230666458606719970703125">
        <ele>4.80000019073486328125</ele>
        <time>2025-02-18T22:49:59.000Z</time>
        <extensions>
          <ns3:TrackPointExtension>
            <ns3:hr>130</ns3:hr>
          </ns3:TrackPointExtension>
        </extensions>
      </trkpt>
      <trkpt lat="31.392543800175189971923828125" lon="119.48774213902652263641357421875">
        <ele>4.80000019073486328125</ele>
        <time>2025-02-18T22:50:00.000Z</time>
        <extensions>
          <ns3:TrackPointExtension/>
        </extensions>
      </trkpt>
      <trkpt lat="31.39256894588470458984375" lon="119.48774297721683979034423828125">
        <ele>4.80000019073486328125</ele>
        <time>2025-02-18T22:50:01.000Z</time>
        <extensions>
          <ns3:TrackPointExtension/>
        </extensions>
      </trkpt>
      <trkpt lat="31.392594091594219207763671875" lon="119.4877450726926326751708984375">
        <ele>4.599999904632568359375</ele>
        <time>2025-02-18T22:50:02.000Z</time>
        <extensions>
          <ns3:TrackPointExtension/>
        </extensions>
      </trkpt>
      <trkpt lat="31.39261965639889240264892578125" lon="119.487746916711330413818359375">
        <ele>4.400000095367431640625</ele>
        <time>2025-02-18T22:50:03.000Z</time>
        <extensions>
          <ns3:TrackPointExtension/>
        </extensions>
      </trkpt>
      <trkpt lat="31.39264480210840702056884765625" lon="119.48774817399680614471435546875">
        <ele>4.19999980926513671875</ele>
        <time>2025-02-18T22:50:04.000Z</time>
        <extensions>
          <ns3:TrackPointExtension/>
        </extensions>
      </trkpt>
      <trkpt lat="31.39266961254179477691650390625" lon="119.4877501018345355987548828125">
        <ele>4</ele>
        <time>2025-02-18T22:50:05.000Z</time>
        <extensions>
          <ns3:TrackPointExtension/>
        </extensions>
      </trkpt>
      <trkpt lat="31.39269433915615081787109375" lon="119.4877527840435504913330078125">
        <ele>4</ele>
        <time>2025-02-18T22:50:06.000Z</time>
        <extensions>
          <ns3:TrackPointExtension/>
        </extensions>
      </trkpt>
      <trkpt lat="31.39271973632276058197021484375" lon="119.4877551309764385223388671875">
        <ele>3.7999999523162841796875</ele>
        <time>2025-02-18T22:50:07.000Z</time>
        <extensions>
          <ns3:TrackPointExtension>
            <ns3:hr>133</ns3:hr>
          </ns3:TrackPointExtension>
        </extensions>
      </trkpt>
      <trkpt lat="31.39274530112743377685546875" lon="119.487756974995136260986328125">
        <ele>3.7999999523162841796875</ele>
        <time>2025-02-18T22:50:08.000Z</time>
        <extensions>
          <ns3:TrackPointExtension>
            <ns3:hr>130</ns3:hr>
          </ns3:TrackPointExtension>
        </extensions>
      </trkpt>
      <trkpt lat="31.3927699439227581024169921875" lon="119.48775839991867542266845703125">
        <ele>3.599999904632568359375</ele>
        <time>2025-02-18T22:50:09.000Z</time>
        <extensions>
          <ns3:TrackPointExtension/>
        </extensions>
      </trkpt>
      <trkpt lat="31.39279416762292385101318359375" lon="119.4877584837377071380615234375">
        <ele>3.599999904632568359375</ele>
        <time>2025-02-18T22:50:10.000Z</time>
        <extensions>
          <ns3:TrackPointExtension/>
        </extensions>
      </trkpt>
      <trkpt lat="31.39281813986599445343017578125" lon="119.48775756172835826873779296875">
        <ele>3.400000095367431640625</ele>
        <time>2025-02-18T22:50:11.000Z</time>
        <extensions>
          <ns3:TrackPointExtension/>
        </extensions>
      </trkpt>
      <trkpt lat="31.3928423635661602020263671875" lon="119.487756974995136260986328125">
        <ele>3.400000095367431640625</ele>
        <time>2025-02-18T22:50:12.000Z</time>
        <extensions>
          <ns3:TrackPointExtension/>
        </extensions>
      </trkpt>
      <trkpt lat="31.392866671085357666015625" lon="119.48775672353804111480712890625">
        <ele>3.400000095367431640625</ele>
        <time>2025-02-18T22:50:13.000Z</time>
        <extensions>
          <ns3:TrackPointExtension/>
        </extensions>
      </trkpt>
      <trkpt lat="31.39289139769971370697021484375" lon="119.4877568073570728302001953125">
        <ele>3.2000000476837158203125</ele>
        <time>2025-02-18T22:50:14.000Z</time>
        <extensions>
          <ns3:TrackPointExtension/>
        </extensions>
      </trkpt>
      <trkpt lat="31.39291654340922832489013671875" lon="119.48775731027126312255859375">
        <ele>3.2000000476837158203125</ele>
        <time>2025-02-18T22:50:15.000Z</time>
        <extensions>
          <ns3:TrackPointExtension/>
        </extensions>
      </trkpt>
      <trkpt lat="31.3929419405758380889892578125" lon="119.48775772936642169952392578125">
        <ele>3.2000000476837158203125</ele>
        <time>2025-02-18T22:50:16.000Z</time>
        <extensions>
          <ns3:TrackPointExtension/>
        </extensions>
      </trkpt>
      <trkpt lat="31.392967589199542999267578125" lon="119.48775739409029483795166015625">
        <ele>3.400000095367431640625</ele>
        <time>2025-02-18T22:50:17.000Z</time>
        <extensions>
          <ns3:TrackPointExtension/>
        </extensions>
      </trkpt>
      <trkpt lat="31.39299281872808933258056640625" lon="119.4877561368048191070556640625">
        <ele>3.599999904632568359375</ele>
        <time>2025-02-18T22:50:18.000Z</time>
        <extensions>
          <ns3:TrackPointExtension>
            <ns3:hr>133</ns3:hr>
          </ns3:TrackPointExtension>
        </extensions>
      </trkpt>
      <trkpt lat="31.39301813207566738128662109375" lon="119.487755298614501953125">
        <ele>3.7999999523162841796875</ele>
        <time>2025-02-18T22:50:19.000Z</time>
        <extensions>
          <ns3:TrackPointExtension/>
        </extensions>
      </trkpt>
      <trkpt lat="31.39304294250905513763427734375" lon="119.48775504715740680694580078125">
        <ele>3.7999999523162841796875</ele>
        <time>2025-02-18T22:50:20.000Z</time>
        <extensions>
          <ns3:TrackPointExtension/>
        </extensions>
      </trkpt>
      <trkpt lat="31.3930669985711574554443359375" lon="119.4877547957003116607666015625">
        <ele>4</ele>
        <time>2025-02-18T22:50:21.000Z</time>
        <extensions>
          <ns3:TrackPointExtension/>
        </extensions>
      </trkpt>
      <trkpt lat="31.3930906355381011962890625" lon="119.48775420896708965301513671875">
        <ele>4.19999980926513671875</ele>
        <time>2025-02-18T22:50:22.000Z</time>
        <extensions>
          <ns3:TrackPointExtension/>
        </extensions>
      </trkpt>
      <trkpt lat="31.39311402104794979095458984375" lon="119.4877531193196773529052734375">
        <ele>4.400000095367431640625</ele>
        <time>2025-02-18T22:50:23.000Z</time>
        <extensions>
          <ns3:TrackPointExtension/>
        </extensions>
      </trkpt>
      <trkpt lat="31.39313749037683010101318359375" lon="119.48775236494839191436767578125">
        <ele>4.599999904632568359375</ele>
        <time>2025-02-18T22:50:24.000Z</time>
        <extensions>
          <ns3:TrackPointExtension/>
        </extensions>
      </trkpt>
      <trkpt lat="31.39315945096313953399658203125" lon="119.48775286786258220672607421875">
        <ele>4.80000019073486328125</ele>
        <time>2025-02-18T22:50:25.000Z</time>
        <extensions>
          <ns3:TrackPointExtension/>
        </extensions>
      </trkpt>
      <trkpt lat="31.39317973516881465911865234375" lon="119.4877547957003116607666015625">
        <ele>4.80000019073486328125</ele>
        <time>2025-02-18T22:50:26.000Z</time>
        <extensions>
          <ns3:TrackPointExtension>
            <ns3:hr>134</ns3:hr>
          </ns3:TrackPointExtension>
        </extensions>
      </trkpt>
      <trkpt lat="31.39320035465061664581298828125" lon="119.48775504715740680694580078125">
        <ele>4.80000019073486328125</ele>
        <time>2025-02-18T22:50:27.000Z</time>
        <extensions>
          <ns3:TrackPointExtension/>
        </extensions>
      </trkpt>
      <trkpt lat="31.39322281815111637115478515625" lon="119.4877514429390430450439453125">
        <ele>5</ele>
        <time>2025-02-18T22:50:28.000Z</time>
        <extensions>
          <ns3:TrackPointExtension/>
        </extensions>
      </trkpt>
      <trkpt lat="31.393247209489345550537109375" lon="119.48774565942585468292236328125">
        <ele>5</ele>
        <time>2025-02-18T22:50:29.000Z</time>
        <extensions>
          <ns3:TrackPointExtension/>
        </extensions>
      </trkpt>
      <trkpt lat="31.39327260665595531463623046875" lon="119.4877403788268566131591796875">
        <ele>5.19999980926513671875</ele>
        <time>2025-02-18T22:50:30.000Z</time>
        <extensions>
          <ns3:TrackPointExtension/>
        </extensions>
      </trkpt>
      <trkpt lat="31.3932990096509456634521484375" lon="119.48773610405623912811279296875">
        <ele>5.19999980926513671875</ele>
        <time>2025-02-18T22:50:31.000Z</time>
        <extensions>
          <ns3:TrackPointExtension>
            <ns3:hr>133</ns3:hr>
          </ns3:TrackPointExtension>
        </extensions>
      </trkpt>
      <trkpt lat="31.3933261670172214508056640625" lon="119.48773174546658992767333984375">
        <ele>5.400000095367431640625</ele>
        <time>2025-02-18T22:50:32.000Z</time>
        <extensions>
          <ns3:TrackPointExtension/>
        </extensions>
      </trkpt>
      <trkpt lat="31.39335357584059238433837890625" lon="119.48772755451500415802001953125">
        <ele>5.400000095367431640625</ele>
        <time>2025-02-18T22:50:33.000Z</time>
        <extensions>
          <ns3:TrackPointExtension/>
        </extensions>
      </trkpt>
      <trkpt lat="31.393380649387836456298828125" lon="119.48772453702986240386962890625">
        <ele>5.599999904632568359375</ele>
        <time>2025-02-18T22:50:34.000Z</time>
        <extensions>
          <ns3:TrackPointExtension/>
        </extensions>
      </trkpt>
      <trkpt lat="31.39340688474476337432861328125" lon="119.48772336356341838836669921875">
        <ele>5.599999904632568359375</ele>
        <time>2025-02-18T22:50:35.000Z</time>
        <extensions>
          <ns3:TrackPointExtension>
            <ns3:hr>132</ns3:hr>
          </ns3:TrackPointExtension>
        </extensions>
      </trkpt>
      <trkpt lat="31.39343303628265857696533203125" lon="119.4877244532108306884765625">
        <ele>5.80000019073486328125</ele>
        <time>2025-02-18T22:50:36.000Z</time>
        <extensions>
          <ns3:TrackPointExtension/>
        </extensions>
      </trkpt>
      <trkpt lat="31.3934589363634586334228515625" lon="119.487727470695972442626953125">
        <ele>5.80000019073486328125</ele>
        <time>2025-02-18T22:50:37.000Z</time>
        <extensions>
          <ns3:TrackPointExtension/>
        </extensions>
      </trkpt>
      <trkpt lat="31.39348433353006839752197265625" lon="119.4877298176288604736328125">
        <ele>6</ele>
        <time>2025-02-18T22:50:38.000Z</time>
        <extensions>
          <ns3:TrackPointExtension/>
        </extensions>
      </trkpt>
      <trkpt lat="31.39351031742990016937255859375" lon="119.4877306558191776275634765625">
        <ele>6</ele>
        <time>2025-02-18T22:50:39.000Z</time>
        <extensions>
          <ns3:TrackPointExtension/>
        </extensions>
      </trkpt>
      <trkpt lat="31.393536888062953948974609375" lon="119.4877309910953044891357421875">
        <ele>5.80000019073486328125</ele>
        <time>2025-02-18T22:50:40.000Z</time>
        <extensions>
          <ns3:TrackPointExtension/>
        </extensions>
      </trkpt>
      <trkpt lat="31.39356136322021484375" lon="119.48773241601884365081787109375">
        <ele>5.599999904632568359375</ele>
        <time>2025-02-18T22:50:41.000Z</time>
        <extensions>
          <ns3:TrackPointExtension/>
        </extensions>
      </trkpt>
      <trkpt lat="31.393582485616207122802734375" lon="119.487734846770763397216796875">
        <ele>5.400000095367431640625</ele>
        <time>2025-02-18T22:50:42.000Z</time>
        <extensions>
          <ns3:TrackPointExtension>
            <ns3:hr>133</ns3:hr>
          </ns3:TrackPointExtension>
        </extensions>
      </trkpt>
      <trkpt lat="31.39360235072672367095947265625" lon="119.48773744516074657440185546875">
        <ele>5.400000095367431640625</ele>
        <time>2025-02-18T22:50:43.000Z</time>
        <extensions>
          <ns3:TrackPointExtension>
            <ns3:hr>133</ns3:hr>
          </ns3:TrackPointExtension>
        </extensions>
      </trkpt>
      <trkpt lat="31.393623389303684234619140625" lon="119.487740211188793182373046875">
        <ele>5.19999980926513671875</ele>
        <time>2025-02-18T22:50:44.000Z</time>
        <extensions>
          <ns3:TrackPointExtension/>
        </extensions>
      </trkpt>
      <trkpt lat="31.39364727772772312164306640625" lon="119.487741887569427490234375">
        <ele>5</ele>
        <time>2025-02-18T22:50:45.000Z</time>
        <extensions>
          <ns3:TrackPointExtension/>
        </extensions>
      </trkpt>
      <trkpt lat="31.39367342926561832427978515625" lon="119.4877423904836177825927734375">
        <ele>4.80000019073486328125</ele>
        <time>2025-02-18T22:50:46.000Z</time>
        <extensions>
          <ns3:TrackPointExtension/>
        </extensions>
      </trkpt>
      <trkpt lat="31.3937003351747989654541015625" lon="119.4877423904836177825927734375">
        <ele>4.599999904632568359375</ele>
        <time>2025-02-18T22:50:47.000Z</time>
        <extensions>
          <ns3:TrackPointExtension/>
        </extensions>
      </trkpt>
      <trkpt lat="31.3937268219888210296630859375" lon="119.48774297721683979034423828125">
        <ele>4.400000095367431640625</ele>
        <time>2025-02-18T22:50:48.000Z</time>
        <extensions>
          <ns3:TrackPointExtension/>
        </extensions>
      </trkpt>
      <trkpt lat="31.39375288970768451690673828125" lon="119.487744234502315521240234375">
        <ele>4.19999980926513671875</ele>
        <time>2025-02-18T22:50:49.000Z</time>
        <extensions>
          <ns3:TrackPointExtension/>
        </extensions>
      </trkpt>
      <trkpt lat="31.39377803541719913482666015625" lon="119.48774582706391811370849609375">
        <ele>4</ele>
        <time>2025-02-18T22:50:50.000Z</time>
        <extensions>
          <ns3:TrackPointExtension>
            <ns3:hr>132</ns3:hr>
          </ns3:TrackPointExtension>
        </extensions>
      </trkpt>
      <trkpt lat="31.39380284585058689117431640625" lon="119.48774792253971099853515625">
        <ele>3.7999999523162841796875</ele>
        <time>2025-02-18T22:50:51.000Z</time>
        <extensions>
          <ns3:TrackPointExtension/>
        </extensions>
      </trkpt>
      <trkpt lat="31.39382732100784778594970703125" lon="119.48775018565356731414794921875">
        <ele>3.599999904632568359375</ele>
        <time>2025-02-18T22:50:52.000Z</time>
        <extensions>
          <ns3:TrackPointExtension/>
        </extensions>
      </trkpt>
      <trkpt lat="31.393851377069950103759765625" lon="119.48775253258645534515380859375">
        <ele>3.400000095367431640625</ele>
        <time>2025-02-18T22:50:53.000Z</time>
        <extensions>
          <ns3:TrackPointExtension/>
        </extensions>
      </trkpt>
      <trkpt lat="31.393875516951084136962890625" lon="119.4877551309764385223388671875">
        <ele>3</ele>
        <time>2025-02-18T22:50:54.000Z</time>
        <extensions>
          <ns3:TrackPointExtension/>
        </extensions>
      </trkpt>
      <trkpt lat="31.39389932155609130859375" lon="119.4877578131854534149169921875">
        <ele>2.7999999523162841796875</ele>
        <time>2025-02-18T22:50:55.000Z</time>
        <extensions>
          <ns3:TrackPointExtension>
            <ns3:hr>135</ns3:hr>
          </ns3:TrackPointExtension>
        </extensions>
      </trkpt>
      <trkpt lat="31.39392270706593990325927734375" lon="119.4877604953944683074951171875">
        <ele>2.599999904632568359375</ele>
        <time>2025-02-18T22:50:56.000Z</time>
        <extensions>
          <ns3:TrackPointExtension/>
        </extensions>
      </trkpt>
      <trkpt lat="31.393946595489978790283203125" lon="119.48776309378445148468017578125">
        <ele>2.400000095367431640625</ele>
        <time>2025-02-18T22:50:57.000Z</time>
        <extensions>
          <ns3:TrackPointExtension/>
        </extensions>
      </trkpt>
      <trkpt lat="31.393971405923366546630859375" lon="119.487765692174434661865234375">
        <ele>2</ele>
        <time>2025-02-18T22:50:58.000Z</time>
        <extensions>
          <ns3:TrackPointExtension/>
        </extensions>
      </trkpt>
      <trkpt lat="31.39399764128029346466064453125" lon="119.48776829056441783905029296875">
        <ele>1.7999999523162841796875</ele>
        <time>2025-02-18T22:50:59.000Z</time>
        <extensions>
          <ns3:TrackPointExtension/>
        </extensions>
      </trkpt>
      <trkpt lat="31.3940245471894741058349609375" lon="119.487771727144718170166015625">
        <ele>1.39999997615814208984375</ele>
        <time>2025-02-18T22:51:00.000Z</time>
        <extensions>
          <ns3:TrackPointExtension>
            <ns3:hr>136</ns3:hr>
          </ns3:TrackPointExtension>
        </extensions>
      </trkpt>
      <trkpt lat="31.3940513692796230316162109375" lon="119.487775750458240509033203125">
        <ele>1</ele>
        <time>2025-02-18T22:51:01.000Z</time>
        <extensions>
          <ns3:TrackPointExtension/>
        </extensions>
      </trkpt>
      <trkpt lat="31.39407726936042308807373046875" lon="119.48777935467660427093505859375">
        <ele>0.800000011920928955078125</ele>
        <time>2025-02-18T22:51:02.000Z</time>
        <extensions>
          <ns3:TrackPointExtension/>
        </extensions>
      </trkpt>
      <trkpt lat="31.394101493060588836669921875" lon="119.4877822883427143096923828125">
        <ele>0.800000011920928955078125</ele>
        <time>2025-02-18T22:51:03.000Z</time>
        <extensions>
          <ns3:TrackPointExtension/>
        </extensions>
      </trkpt>
      <trkpt lat="31.3941254653036594390869140625" lon="119.4877853058278560638427734375">
        <ele>0.800000011920928955078125</ele>
        <time>2025-02-18T22:51:04.000Z</time>
        <extensions>
          <ns3:TrackPointExtension/>
        </extensions>
      </trkpt>
      <trkpt lat="31.39414943754673004150390625" lon="119.4877886585891246795654296875">
        <ele>0.800000011920928955078125</ele>
        <time>2025-02-18T22:51:05.000Z</time>
        <extensions>
          <ns3:TrackPointExtension/>
        </extensions>
      </trkpt>
      <trkpt lat="31.39417382888495922088623046875" lon="119.487791173160076141357421875">
        <ele>0.800000011920928955078125</ele>
        <time>2025-02-18T22:51:06.000Z</time>
        <extensions>
          <ns3:TrackPointExtension/>
        </extensions>
      </trkpt>
      <trkpt lat="31.39419813640415668487548828125" lon="119.4877923466265201568603515625">
        <ele>0.800000011920928955078125</ele>
        <time>2025-02-18T22:51:07.000Z</time>
        <extensions>
          <ns3:TrackPointExtension>
            <ns3:hr>138</ns3:hr>
          </ns3:TrackPointExtension>
        </extensions>
      </trkpt>
      <trkpt lat="31.3942220248281955718994140625" lon="119.48779293335974216461181640625">
        <ele>0.800000011920928955078125</ele>
        <time>2025-02-18T22:51:08.000Z</time>
        <extensions>
          <ns3:TrackPointExtension>
            <ns3:hr>136</ns3:hr>
          </ns3:TrackPointExtension>
        </extensions>
      </trkpt>
      <trkpt lat="31.394245326519012451171875" lon="119.4877936877310276031494140625">
        <ele>0.800000011920928955078125</ele>
        <time>2025-02-18T22:51:09.000Z</time>
        <extensions>
          <ns3:TrackPointExtension/>
        </extensions>
      </trkpt>
      <trkpt lat="31.394267790019512176513671875" lon="119.4877946935594081878662109375">
        <ele>0.800000011920928955078125</ele>
        <time>2025-02-18T22:51:10.000Z</time>
        <extensions>
          <ns3:TrackPointExtension/>
        </extensions>
      </trkpt>
      <trkpt lat="31.394290588796138763427734375" lon="119.4877956993877887725830078125">
        <ele>0.800000011920928955078125</ele>
        <time>2025-02-18T22:51:11.000Z</time>
        <extensions>
          <ns3:TrackPointExtension/>
        </extensions>
      </trkpt>
      <trkpt lat="31.3943138904869556427001953125" lon="119.4877970404922962188720703125">
        <ele>0.800000011920928955078125</ele>
        <time>2025-02-18T22:51:12.000Z</time>
        <extensions>
          <ns3:TrackPointExtension/>
        </extensions>
      </trkpt>
      <trkpt lat="31.39433744363486766815185546875" lon="119.4877983815968036651611328125">
        <ele>1</ele>
        <time>2025-02-18T22:51:13.000Z</time>
        <extensions>
          <ns3:TrackPointExtension/>
        </extensions>
      </trkpt>
      <trkpt lat="31.39436091296374797821044921875" lon="119.48780014179646968841552734375">
        <ele>1.2000000476837158203125</ele>
        <time>2025-02-18T22:51:14.000Z</time>
        <extensions>
          <ns3:TrackPointExtension/>
        </extensions>
      </trkpt>
      <trkpt lat="31.39438438229262828826904296875" lon="119.48780349455773830413818359375">
        <ele>1.39999997615814208984375</ele>
        <time>2025-02-18T22:51:15.000Z</time>
        <extensions>
          <ns3:TrackPointExtension/>
        </extensions>
      </trkpt>
      <trkpt lat="31.394407935440540313720703125" lon="119.48780852369964122772216796875">
        <ele>1.60000002384185791015625</ele>
        <time>2025-02-18T22:51:16.000Z</time>
        <extensions>
          <ns3:TrackPointExtension/>
        </extensions>
      </trkpt>
      <trkpt lat="31.39443098567426204681396484375" lon="119.4878141395747661590576171875">
        <ele>2</ele>
        <time>2025-02-18T22:51:17.000Z</time>
        <extensions>
          <ns3:TrackPointExtension>
            <ns3:hr>129</ns3:hr>
          </ns3:TrackPointExtension>
        </extensions>
      </trkpt>
      <trkpt lat="31.3944550417363643646240234375" lon="119.48781925253570079803466796875">
        <ele>2.2000000476837158203125</ele>
        <time>2025-02-18T22:51:18.000Z</time>
        <extensions>
          <ns3:TrackPointExtension>
            <ns3:hr>132</ns3:hr>
          </ns3:TrackPointExtension>
        </extensions>
      </trkpt>
      <trkpt lat="31.3944791816174983978271484375" lon="119.4878241978585720062255859375">
        <ele>2.400000095367431640625</ele>
        <time>2025-02-18T22:51:19.000Z</time>
        <extensions>
          <ns3:TrackPointExtension/>
        </extensions>
      </trkpt>
      <trkpt lat="31.39450256712734699249267578125" lon="119.48782880790531635284423828125">
        <ele>2.599999904632568359375</ele>
        <time>2025-02-18T22:51:20.000Z</time>
        <extensions>
          <ns3:TrackPointExtension/>
        </extensions>
      </trkpt>
      <trkpt lat="31.39452519826591014862060546875" lon="119.48783249594271183013916015625">
        <ele>3</ele>
        <time>2025-02-18T22:51:21.000Z</time>
        <extensions>
          <ns3:TrackPointExtension/>
        </extensions>
      </trkpt>
      <trkpt lat="31.39454665593802928924560546875" lon="119.487834088504314422607421875">
        <ele>3.2000000476837158203125</ele>
        <time>2025-02-18T22:51:22.000Z</time>
        <extensions>
          <ns3:TrackPointExtension/>
        </extensions>
      </trkpt>
      <trkpt lat="31.3945676945149898529052734375" lon="119.48783216066658496856689453125">
        <ele>3.400000095367431640625</ele>
        <time>2025-02-18T22:51:23.000Z</time>
        <extensions>
          <ns3:TrackPointExtension/>
        </extensions>
      </trkpt>
      <trkpt lat="31.39458839781582355499267578125" lon="119.4878265447914600372314453125">
        <ele>3.599999904632568359375</ele>
        <time>2025-02-18T22:51:24.000Z</time>
        <extensions>
          <ns3:TrackPointExtension/>
        </extensions>
      </trkpt>
      <trkpt lat="31.39460884965956211090087890625" lon="119.48781807906925678253173828125">
        <ele>3.7999999523162841796875</ele>
        <time>2025-02-18T22:51:25.000Z</time>
        <extensions>
          <ns3:TrackPointExtension>
            <ns3:hr>132</ns3:hr>
          </ns3:TrackPointExtension>
        </extensions>
      </trkpt>
      <trkpt lat="31.39462879858911037445068359375" lon="119.4878084398806095123291015625">
        <ele>4</ele>
        <time>2025-02-18T22:51:26.000Z</time>
        <extensions>
          <ns3:TrackPointExtension/>
        </extensions>
      </trkpt>
      <trkpt lat="31.39464832842350006103515625" lon="119.48780014179646968841552734375">
        <ele>4</ele>
        <time>2025-02-18T22:51:27.000Z</time>
        <extensions>
          <ns3:TrackPointExtension/>
        </extensions>
      </trkpt>
      <trkpt lat="31.39466769061982631683349609375" lon="119.4877946935594081878662109375">
        <ele>4.19999980926513671875</ele>
        <time>2025-02-18T22:51:28.000Z</time>
        <extensions>
          <ns3:TrackPointExtension/>
        </extensions>
      </trkpt>
      <trkpt lat="31.3946865499019622802734375" lon="119.48779175989329814910888671875">
        <ele>4.19999980926513671875</ele>
        <time>2025-02-18T22:51:29.000Z</time>
        <extensions>
          <ns3:TrackPointExtension/>
        </extensions>
      </trkpt>
      <trkpt lat="31.39470322988927364349365234375" lon="119.4877899996936321258544921875">
        <ele>4.19999980926513671875</ele>
        <time>2025-02-18T22:51:30.000Z</time>
        <extensions>
          <ns3:TrackPointExtension/>
        </extensions>
      </trkpt>
      <trkpt lat="31.394715718924999237060546875" lon="119.4877888262271881103515625">
        <ele>4.400000095367431640625</ele>
        <time>2025-02-18T22:51:31.000Z</time>
        <extensions>
          <ns3:TrackPointExtension/>
        </extensions>
      </trkpt>
      <trkpt lat="31.39472611248493194580078125" lon="119.4877879880368709564208984375">
        <ele>4.400000095367431640625</ele>
        <time>2025-02-18T22:51:32.000Z</time>
        <extensions>
          <ns3:TrackPointExtension>
            <ns3:hr>133</ns3:hr>
          </ns3:TrackPointExtension>
        </extensions>
      </trkpt>
      <trkpt lat="31.3947403617203235626220703125" lon="119.4877873174846172332763671875">
        <ele>4.400000095367431640625</ele>
        <time>2025-02-18T22:51:33.000Z</time>
        <extensions>
          <ns3:TrackPointExtension>
            <ns3:hr>134</ns3:hr>
          </ns3:TrackPointExtension>
        </extensions>
      </trkpt>
      <trkpt lat="31.39476039446890354156494140625" lon="119.487787149846553802490234375">
        <ele>4.400000095367431640625</ele>
        <time>2025-02-18T22:51:34.000Z</time>
        <extensions>
          <ns3:TrackPointExtension/>
        </extensions>
      </trkpt>
      <trkpt lat="31.39478512108325958251953125" lon="119.48778840713202953338623046875">
        <ele>4.599999904632568359375</ele>
        <time>2025-02-18T22:51:35.000Z</time>
        <extensions>
          <ns3:TrackPointExtension/>
        </extensions>
      </trkpt>
      <trkpt lat="31.3948121108114719390869140625" lon="119.487791173160076141357421875">
        <ele>4.599999904632568359375</ele>
        <time>2025-02-18T22:51:36.000Z</time>
        <extensions>
          <ns3:TrackPointExtension/>
        </extensions>
      </trkpt>
      <trkpt lat="31.39483968727290630340576171875" lon="119.48779444210231304168701171875">
        <ele>4.80000019073486328125</ele>
        <time>2025-02-18T22:51:37.000Z</time>
        <extensions>
          <ns3:TrackPointExtension/>
        </extensions>
      </trkpt>
      <trkpt lat="31.39486751519143581390380859375" lon="119.4877977110445499420166015625">
        <ele>4.80000019073486328125</ele>
        <time>2025-02-18T22:51:38.000Z</time>
        <extensions>
          <ns3:TrackPointExtension>
            <ns3:hr>133</ns3:hr>
          </ns3:TrackPointExtension>
        </extensions>
      </trkpt>
      <trkpt lat="31.394895426928997039794921875" lon="119.487800896167755126953125">
        <ele>5.19999980926513671875</ele>
        <time>2025-02-18T22:51:39.000Z</time>
        <extensions>
          <ns3:TrackPointExtension/>
        </extensions>
      </trkpt>
      <trkpt lat="31.3949237577617168426513671875" lon="119.4878034107387065887451171875">
        <ele>5.19999980926513671875</ele>
        <time>2025-02-18T22:51:40.000Z</time>
        <extensions>
          <ns3:TrackPointExtension/>
        </extensions>
      </trkpt>
      <trkpt lat="31.3949519209563732147216796875" lon="119.48780517093837261199951171875">
        <ele>5.400000095367431640625</ele>
        <time>2025-02-18T22:51:41.000Z</time>
        <extensions>
          <ns3:TrackPointExtension/>
        </extensions>
      </trkpt>
      <trkpt lat="31.39497932977974414825439453125" lon="119.4878076016902923583984375">
        <ele>5.400000095367431640625</ele>
        <time>2025-02-18T22:51:42.000Z</time>
        <extensions>
          <ns3:TrackPointExtension/>
        </extensions>
      </trkpt>
      <trkpt lat="31.395004726946353912353515625" lon="119.4878124631941318511962890625">
        <ele>5.599999904632568359375</ele>
        <time>2025-02-18T22:51:43.000Z</time>
        <extensions>
          <ns3:TrackPointExtension>
            <ns3:hr>134</ns3:hr>
          </ns3:TrackPointExtension>
        </extensions>
      </trkpt>
      <trkpt lat="31.39502861537039279937744140625" lon="119.48781942017376422882080078125">
        <ele>5.599999904632568359375</ele>
        <time>2025-02-18T22:51:44.000Z</time>
        <extensions>
          <ns3:TrackPointExtension/>
        </extensions>
      </trkpt>
      <trkpt lat="31.3950514979660511016845703125" lon="119.48782579042017459869384765625">
        <ele>5.599999904632568359375</ele>
        <time>2025-02-18T22:51:45.000Z</time>
        <extensions>
          <ns3:TrackPointExtension/>
        </extensions>
      </trkpt>
      <trkpt lat="31.395073793828487396240234375" lon="119.48782947845757007598876953125">
        <ele>5.599999904632568359375</ele>
        <time>2025-02-18T22:51:46.000Z</time>
        <extensions>
          <ns3:TrackPointExtension/>
        </extensions>
      </trkpt>
      <trkpt lat="31.3950974307954311370849609375" lon="119.48782914318144321441650390625">
        <ele>5.80000019073486328125</ele>
        <time>2025-02-18T22:51:47.000Z</time>
        <extensions>
          <ns3:TrackPointExtension/>
        </extensions>
      </trkpt>
      <trkpt lat="31.3951219059526920318603515625" lon="119.48782545514404773712158203125">
        <ele>5.80000019073486328125</ele>
        <time>2025-02-18T22:51:48.000Z</time>
        <extensions>
          <ns3:TrackPointExtension/>
        </extensions>
      </trkpt>
      <trkpt lat="31.3951467163860797882080078125" lon="119.487820677459239959716796875">
        <ele>6</ele>
        <time>2025-02-18T22:51:49.000Z</time>
        <extensions>
          <ns3:TrackPointExtension/>
        </extensions>
      </trkpt>
      <trkpt lat="31.39517135918140411376953125" lon="119.48781623505055904388427734375">
        <ele>6</ele>
        <time>2025-02-18T22:51:50.000Z</time>
        <extensions>
          <ns3:TrackPointExtension/>
        </extensions>
      </trkpt>
      <trkpt lat="31.39519608579576015472412109375" lon="119.487812630832195281982421875">
        <ele>6</ele>
        <time>2025-02-18T22:51:51.000Z</time>
        <extensions>
          <ns3:TrackPointExtension/>
        </extensions>
      </trkpt>
      <trkpt lat="31.39522072859108448028564453125" lon="119.487809278070926666259765625">
        <ele>6</ele>
        <time>2025-02-18T22:51:52.000Z</time>
        <extensions>
          <ns3:TrackPointExtension>
            <ns3:hr>131</ns3:hr>
          </ns3:TrackPointExtension>
        </extensions>
      </trkpt>
      <trkpt lat="31.39524470083415508270263671875" lon="119.48780617676675319671630859375">
        <ele>6</ele>
        <time>2025-02-18T22:51:53.000Z</time>
        <extensions>
          <ns3:TrackPointExtension/>
        </extensions>
      </trkpt>
      <trkpt lat="31.39526716433465480804443359375" lon="119.48780315928161144256591796875">
        <ele>6</ele>
        <time>2025-02-18T22:51:54.000Z</time>
        <extensions>
          <ns3:TrackPointExtension/>
        </extensions>
      </trkpt>
      <trkpt lat="31.39528803527355194091796875" lon="119.4877993874251842498779296875">
        <ele>6</ele>
        <time>2025-02-18T22:51:55.000Z</time>
        <extensions>
          <ns3:TrackPointExtension/>
        </extensions>
      </trkpt>
      <trkpt lat="31.395309157669544219970703125" lon="119.48779477737843990325927734375">
        <ele>6</ele>
        <time>2025-02-18T22:51:56.000Z</time>
        <extensions>
          <ns3:TrackPointExtension/>
        </extensions>
      </trkpt>
      <trkpt lat="31.39533170498907566070556640625" lon="119.4877916760742664337158203125">
        <ele>6</ele>
        <time>2025-02-18T22:51:57.000Z</time>
        <extensions>
          <ns3:TrackPointExtension>
            <ns3:hr>132</ns3:hr>
          </ns3:TrackPointExtension>
        </extensions>
      </trkpt>
      <trkpt lat="31.3953555934131145477294921875" lon="119.48779125697910785675048828125">
        <ele>6</ele>
        <time>2025-02-18T22:51:58.000Z</time>
        <extensions>
          <ns3:TrackPointExtension>
            <ns3:hr>132</ns3:hr>
          </ns3:TrackPointExtension>
        </extensions>
      </trkpt>
      <trkpt lat="31.3953790627419948577880859375" lon="119.4877933524549007415771484375">
        <ele>6</ele>
        <time>2025-02-18T22:51:59.000Z</time>
        <extensions>
          <ns3:TrackPointExtension/>
        </extensions>
      </trkpt>
      <trkpt lat="31.395402364432811737060546875" lon="119.4877967052161693572998046875">
        <ele>6</ele>
        <time>2025-02-18T22:52:00.000Z</time>
        <extensions>
          <ns3:TrackPointExtension/>
        </extensions>
      </trkpt>
      <trkpt lat="31.395425833761692047119140625" lon="119.487800560891628265380859375">
        <ele>6</ele>
        <time>2025-02-18T22:52:01.000Z</time>
        <extensions>
          <ns3:TrackPointExtension/>
        </extensions>
      </trkpt>
      <trkpt lat="31.39544921927154064178466796875" lon="119.48780349455773830413818359375">
        <ele>6</ele>
        <time>2025-02-18T22:52:02.000Z</time>
        <extensions>
          <ns3:TrackPointExtension/>
        </extensions>
      </trkpt>
      <trkpt lat="31.39547310769557952880859375" lon="119.48780500330030918121337890625">
        <ele>6</ele>
        <time>2025-02-18T22:52:03.000Z</time>
        <extensions>
          <ns3:TrackPointExtension>
            <ns3:hr>132</ns3:hr>
          </ns3:TrackPointExtension>
        </extensions>
      </trkpt>
      <trkpt lat="31.39549733139574527740478515625" lon="119.487805925309658050537109375">
        <ele>6</ele>
        <time>2025-02-18T22:52:04.000Z</time>
        <extensions>
          <ns3:TrackPointExtension/>
        </extensions>
      </trkpt>
      <trkpt lat="31.39552096836268901824951171875" lon="119.4878064282238483428955078125">
        <ele>6</ele>
        <time>2025-02-18T22:52:05.000Z</time>
        <extensions>
          <ns3:TrackPointExtension/>
        </extensions>
      </trkpt>
      <trkpt lat="31.39554410241544246673583984375" lon="119.487805925309658050537109375">
        <ele>6</ele>
        <time>2025-02-18T22:52:06.000Z</time>
        <extensions>
          <ns3:TrackPointExtension/>
        </extensions>
      </trkpt>
      <trkpt lat="31.39556857757270336151123046875" lon="119.4878022372722625732421875">
        <ele>6</ele>
        <time>2025-02-18T22:52:07.000Z</time>
        <extensions>
          <ns3:TrackPointExtension/>
        </extensions>
      </trkpt>
      <trkpt lat="31.39559506438672542572021484375" lon="119.487795531749725341796875">
        <ele>6</ele>
        <time>2025-02-18T22:52:08.000Z</time>
        <extensions>
          <ns3:TrackPointExtension>
            <ns3:hr>132</ns3:hr>
          </ns3:TrackPointExtension>
        </extensions>
      </trkpt>
      <trkpt lat="31.39562222175300121307373046875" lon="119.487787149846553802490234375">
        <ele>6</ele>
        <time>2025-02-18T22:52:09.000Z</time>
        <extensions>
          <ns3:TrackPointExtension/>
        </extensions>
      </trkpt>
      <trkpt lat="31.3956482894718647003173828125" lon="119.4877796061336994171142578125">
        <ele>6</ele>
        <time>2025-02-18T22:52:10.000Z</time>
        <extensions>
          <ns3:TrackPointExtension/>
        </extensions>
      </trkpt>
      <trkpt lat="31.3956727646291255950927734375" lon="119.487774409353733062744140625">
        <ele>6</ele>
        <time>2025-02-18T22:52:11.000Z</time>
        <extensions>
          <ns3:TrackPointExtension/>
        </extensions>
      </trkpt>
      <trkpt lat="31.395696736872196197509765625" lon="119.4877700507640838623046875">
        <ele>6</ele>
        <time>2025-02-18T22:52:12.000Z</time>
        <extensions>
          <ns3:TrackPointExtension/>
        </extensions>
      </trkpt>
      <trkpt lat="31.3957203738391399383544921875" lon="119.48776669800281524658203125">
        <ele>6</ele>
        <time>2025-02-18T22:52:13.000Z</time>
        <extensions>
          <ns3:TrackPointExtension/>
        </extensions>
      </trkpt>
      <trkpt lat="31.3957438431680202484130859375" lon="119.487765021622180938720703125">
        <ele>6</ele>
        <time>2025-02-18T22:52:14.000Z</time>
        <extensions>
          <ns3:TrackPointExtension/>
        </extensions>
      </trkpt>
      <trkpt lat="31.39576722867786884307861328125" lon="119.4877648539841175079345703125">
        <ele>6.19999980926513671875</ele>
        <time>2025-02-18T22:52:15.000Z</time>
        <extensions>
          <ns3:TrackPointExtension/>
        </extensions>
      </trkpt>
      <trkpt lat="31.39579120092093944549560546875" lon="119.48776560835540294647216796875">
        <ele>6.19999980926513671875</ele>
        <time>2025-02-18T22:52:16.000Z</time>
        <extensions>
          <ns3:TrackPointExtension>
            <ns3:hr>128</ns3:hr>
          </ns3:TrackPointExtension>
        </extensions>
      </trkpt>
      <trkpt lat="31.3958152569830417633056640625" lon="119.4877673685550689697265625">
        <ele>6.19999980926513671875</ele>
        <time>2025-02-18T22:52:17.000Z</time>
        <extensions>
          <ns3:TrackPointExtension/>
        </extensions>
      </trkpt>
      <trkpt lat="31.39583797194063663482666015625" lon="119.487769715487957000732421875">
        <ele>6.400000095367431640625</ele>
        <time>2025-02-18T22:52:18.000Z</time>
        <extensions>
          <ns3:TrackPointExtension/>
        </extensions>
      </trkpt>
      <trkpt lat="31.3958595134317874908447265625" lon="119.48777097277343273162841796875">
        <ele>6.400000095367431640625</ele>
        <time>2025-02-18T22:52:19.000Z</time>
        <extensions>
          <ns3:TrackPointExtension/>
        </extensions>
      </trkpt>
      <trkpt lat="31.395881809294223785400390625" lon="119.4877700507640838623046875">
        <ele>6.599999904632568359375</ele>
        <time>2025-02-18T22:52:20.000Z</time>
        <extensions>
          <ns3:TrackPointExtension>
            <ns3:hr>130</ns3:hr>
          </ns3:TrackPointExtension>
        </extensions>
      </trkpt>
      <trkpt lat="31.39590620063245296478271484375" lon="119.48776678182184696197509765625">
        <ele>6.599999904632568359375</ele>
        <time>2025-02-18T22:52:21.000Z</time>
        <extensions>
          <ns3:TrackPointExtension/>
        </extensions>
      </trkpt>
      <trkpt lat="31.3959315977990627288818359375" lon="119.48776225559413433074951171875">
        <ele>6.80000019073486328125</ele>
        <time>2025-02-18T22:52:22.000Z</time>
        <extensions>
          <ns3:TrackPointExtension/>
        </extensions>
      </trkpt>
      <trkpt lat="31.39595749787986278533935546875" lon="119.4877571426331996917724609375">
        <ele>6.80000019073486328125</ele>
        <time>2025-02-18T22:52:23.000Z</time>
        <extensions>
          <ns3:TrackPointExtension/>
        </extensions>
      </trkpt>
      <trkpt lat="31.395983733236789703369140625" lon="119.487752281129360198974609375">
        <ele>6.80000019073486328125</ele>
        <time>2025-02-18T22:52:24.000Z</time>
        <extensions>
          <ns3:TrackPointExtension/>
        </extensions>
      </trkpt>
      <trkpt lat="31.396009214222431182861328125" lon="119.48774917982518672943115234375">
        <ele>7</ele>
        <time>2025-02-18T22:52:25.000Z</time>
        <extensions>
          <ns3:TrackPointExtension/>
        </extensions>
      </trkpt>
      <trkpt lat="31.3960335217416286468505859375" lon="119.48774800635874271392822265625">
        <ele>7</ele>
        <time>2025-02-18T22:52:26.000Z</time>
        <extensions>
          <ns3:TrackPointExtension/>
        </extensions>
      </trkpt>
      <trkpt lat="31.39605741016566753387451171875" lon="119.4877480901777744293212890625">
        <ele>7</ele>
        <time>2025-02-18T22:52:27.000Z</time>
        <extensions>
          <ns3:TrackPointExtension>
            <ns3:hr>132</ns3:hr>
          </ns3:TrackPointExtension>
        </extensions>
      </trkpt>
      <trkpt lat="31.39608171768486499786376953125" lon="119.4877484254539012908935546875">
        <ele>7</ele>
        <time>2025-02-18T22:52:28.000Z</time>
        <extensions>
          <ns3:TrackPointExtension/>
        </extensions>
      </trkpt>
      <trkpt lat="31.3961056061089038848876953125" lon="119.4877490960061550140380859375">
        <ele>7</ele>
        <time>2025-02-18T22:52:29.000Z</time>
        <extensions>
          <ns3:TrackPointExtension/>
        </extensions>
      </trkpt>
      <trkpt lat="31.39612932689487934112548828125" lon="119.48775001801550388336181640625">
        <ele>7</ele>
        <time>2025-02-18T22:52:30.000Z</time>
        <extensions>
          <ns3:TrackPointExtension/>
        </extensions>
      </trkpt>
      <trkpt lat="31.3961537182331085205078125" lon="119.487750940024852752685546875">
        <ele>7</ele>
        <time>2025-02-18T22:52:31.000Z</time>
        <extensions>
          <ns3:TrackPointExtension/>
        </extensions>
      </trkpt>
      <trkpt lat="31.3961790315806865692138671875" lon="119.48775119148194789886474609375">
        <ele>7</ele>
        <time>2025-02-18T22:52:32.000Z</time>
        <extensions>
          <ns3:TrackPointExtension>
            <ns3:hr>133</ns3:hr>
          </ns3:TrackPointExtension>
        </extensions>
      </trkpt>
      <trkpt lat="31.39620493166148662567138671875" lon="119.48775035329163074493408203125">
        <ele>7</ele>
        <time>2025-02-18T22:52:33.000Z</time>
        <extensions>
          <ns3:TrackPointExtension/>
        </extensions>
      </trkpt>
      <trkpt lat="31.39623058028519153594970703125" lon="119.4877490960061550140380859375">
        <ele>7</ele>
        <time>2025-02-18T22:52:34.000Z</time>
        <extensions>
          <ns3:TrackPointExtension/>
        </extensions>
      </trkpt>
      <trkpt lat="31.3962561450898647308349609375" lon="119.48774800635874271392822265625">
        <ele>6.80000019073486328125</ele>
        <time>2025-02-18T22:52:35.000Z</time>
        <extensions>
          <ns3:TrackPointExtension>
            <ns3:hr>133</ns3:hr>
          </ns3:TrackPointExtension>
        </extensions>
      </trkpt>
      <trkpt lat="31.39628204517066478729248046875" lon="119.4877474196255207061767578125">
        <ele>6.80000019073486328125</ele>
        <time>2025-02-18T22:52:36.000Z</time>
        <extensions>
          <ns3:TrackPointExtension/>
        </extensions>
      </trkpt>
      <trkpt lat="31.3963084481656551361083984375" lon="119.487746916711330413818359375">
        <ele>6.599999904632568359375</ele>
        <time>2025-02-18T22:52:37.000Z</time>
        <extensions>
          <ns3:TrackPointExtension/>
        </extensions>
      </trkpt>
      <trkpt lat="31.396334432065486907958984375" lon="119.48774658143520355224609375">
        <ele>6.599999904632568359375</ele>
        <time>2025-02-18T22:52:38.000Z</time>
        <extensions>
          <ns3:TrackPointExtension/>
        </extensions>
      </trkpt>
      <trkpt lat="31.396358571946620941162109375" lon="119.4877464137971401214599609375">
        <ele>6.400000095367431640625</ele>
        <time>2025-02-18T22:52:39.000Z</time>
        <extensions>
          <ns3:TrackPointExtension/>
        </extensions>
      </trkpt>
      <trkpt lat="31.39638095162808895111083984375" lon="119.487746916711330413818359375">
        <ele>6.400000095367431640625</ele>
        <time>2025-02-18T22:52:40.000Z</time>
        <extensions>
          <ns3:TrackPointExtension/>
        </extensions>
      </trkpt>
      <trkpt lat="31.39640274457633495330810546875" lon="119.4877485930919647216796875">
        <ele>6.19999980926513671875</ele>
        <time>2025-02-18T22:52:41.000Z</time>
        <extensions>
          <ns3:TrackPointExtension>
            <ns3:hr>136</ns3:hr>
          </ns3:TrackPointExtension>
        </extensions>
      </trkpt>
      <trkpt lat="31.39642571099102497100830078125" lon="119.48775052092969417572021484375">
        <ele>6.19999980926513671875</ele>
        <time>2025-02-18T22:52:42.000Z</time>
        <extensions>
          <ns3:TrackPointExtension/>
        </extensions>
      </trkpt>
      <trkpt lat="31.39645068906247615814208984375" lon="119.48775102384388446807861328125">
        <ele>6.19999980926513671875</ele>
        <time>2025-02-18T22:52:43.000Z</time>
        <extensions>
          <ns3:TrackPointExtension/>
        </extensions>
      </trkpt>
      <trkpt lat="31.39647684060037136077880859375" lon="119.48774884454905986785888671875">
        <ele>6</ele>
        <time>2025-02-18T22:52:44.000Z</time>
        <extensions>
          <ns3:TrackPointExtension>
            <ns3:hr>136</ns3:hr>
          </ns3:TrackPointExtension>
        </extensions>
      </trkpt>
      <trkpt lat="31.3965022377669811248779296875" lon="119.48774398304522037506103515625">
        <ele>6</ele>
        <time>2025-02-18T22:52:45.000Z</time>
        <extensions>
          <ns3:TrackPointExtension/>
        </extensions>
      </trkpt>
      <trkpt lat="31.3965260423719882965087890625" lon="119.4877383671700954437255859375">
        <ele>5.80000019073486328125</ele>
        <time>2025-02-18T22:52:46.000Z</time>
        <extensions>
          <ns3:TrackPointExtension/>
        </extensions>
      </trkpt>
      <trkpt lat="31.3965488411486148834228515625" lon="119.4877338409423828125">
        <ele>5.80000019073486328125</ele>
        <time>2025-02-18T22:52:47.000Z</time>
        <extensions>
          <ns3:TrackPointExtension/>
        </extensions>
      </trkpt>
      <trkpt lat="31.39657155610620975494384765625" lon="119.48773090727627277374267578125">
        <ele>5.599999904632568359375</ele>
        <time>2025-02-18T22:52:48.000Z</time>
        <extensions>
          <ns3:TrackPointExtension/>
        </extensions>
      </trkpt>
      <trkpt lat="31.39659519307315349578857421875" lon="119.48772973380982875823974609375">
        <ele>5.599999904632568359375</ele>
        <time>2025-02-18T22:52:49.000Z</time>
        <extensions>
          <ns3:TrackPointExtension>
            <ns3:hr>137</ns3:hr>
          </ns3:TrackPointExtension>
        </extensions>
      </trkpt>
      <trkpt lat="31.39661983586847782135009765625" lon="119.48773057200014591217041015625">
        <ele>5.599999904632568359375</ele>
        <time>2025-02-18T22:52:50.000Z</time>
        <extensions>
          <ns3:TrackPointExtension/>
        </extensions>
      </trkpt>
      <trkpt lat="31.39664498157799243927001953125" lon="119.48773224838078022003173828125">
        <ele>5.599999904632568359375</ele>
        <time>2025-02-18T22:52:51.000Z</time>
        <extensions>
          <ns3:TrackPointExtension/>
        </extensions>
      </trkpt>
      <trkpt lat="31.3966695405542850494384765625" lon="119.4877333380281925201416015625">
        <ele>5.599999904632568359375</ele>
        <time>2025-02-18T22:52:52.000Z</time>
        <extensions>
          <ns3:TrackPointExtension/>
        </extensions>
      </trkpt>
      <trkpt lat="31.39669409953057765960693359375" lon="119.487733505666255950927734375">
        <ele>5.599999904632568359375</ele>
        <time>2025-02-18T22:52:53.000Z</time>
        <extensions>
          <ns3:TrackPointExtension/>
        </extensions>
      </trkpt>
      <trkpt lat="31.39671840704977512359619140625" lon="119.48773325420916080474853515625">
        <ele>5.599999904632568359375</ele>
        <time>2025-02-18T22:52:54.000Z</time>
        <extensions>
          <ns3:TrackPointExtension/>
        </extensions>
      </trkpt>
      <trkpt lat="31.39674237929284572601318359375" lon="119.48773325420916080474853515625">
        <ele>5.599999904632568359375</ele>
        <time>2025-02-18T22:52:55.000Z</time>
        <extensions>
          <ns3:TrackPointExtension/>
        </extensions>
      </trkpt>
      <trkpt lat="31.39676635153591632843017578125" lon="119.48773375712335109710693359375">
        <ele>5.599999904632568359375</ele>
        <time>2025-02-18T22:52:56.000Z</time>
        <extensions>
          <ns3:TrackPointExtension/>
        </extensions>
      </trkpt>
      <trkpt lat="31.3967907428741455078125" lon="119.48773493058979511260986328125">
        <ele>5.599999904632568359375</ele>
        <time>2025-02-18T22:52:57.000Z</time>
        <extensions>
          <ns3:TrackPointExtension>
            <ns3:hr>138</ns3:hr>
          </ns3:TrackPointExtension>
        </extensions>
      </trkpt>
      <trkpt lat="31.3968160562217235565185546875" lon="119.48773627169430255889892578125">
        <ele>5.599999904632568359375</ele>
        <time>2025-02-18T22:52:58.000Z</time>
        <extensions>
          <ns3:TrackPointExtension>
            <ns3:hr>139</ns3:hr>
          </ns3:TrackPointExtension>
        </extensions>
      </trkpt>
      <trkpt lat="31.39684162102639675140380859375" lon="119.48773719370365142822265625">
        <ele>5.599999904632568359375</ele>
        <time>2025-02-18T22:52:59.000Z</time>
        <extensions>
          <ns3:TrackPointExtension/>
        </extensions>
      </trkpt>
      <trkpt lat="31.3968676887452602386474609375" lon="119.48773761279881000518798828125">
        <ele>5.80000019073486328125</ele>
        <time>2025-02-18T22:53:00.000Z</time>
        <extensions>
          <ns3:TrackPointExtension/>
        </extensions>
      </trkpt>
      <trkpt lat="31.396894343197345733642578125" lon="119.48773710988461971282958984375">
        <ele>6</ele>
        <time>2025-02-18T22:53:01.000Z</time>
        <extensions>
          <ns3:TrackPointExtension/>
        </extensions>
      </trkpt>
      <trkpt lat="31.39692150056362152099609375" lon="119.4877360202372074127197265625">
        <ele>6.19999980926513671875</ele>
        <time>2025-02-18T22:53:02.000Z</time>
        <extensions>
          <ns3:TrackPointExtension/>
        </extensions>
      </trkpt>
      <trkpt lat="31.39694773592054843902587890625" lon="119.4877350144088268280029296875">
        <ele>6.400000095367431640625</ele>
        <time>2025-02-18T22:53:03.000Z</time>
        <extensions>
          <ns3:TrackPointExtension/>
        </extensions>
      </trkpt>
      <trkpt lat="31.39697271399199962615966796875" lon="119.48773426003754138946533203125">
        <ele>6.599999904632568359375</ele>
        <time>2025-02-18T22:53:04.000Z</time>
        <extensions>
          <ns3:TrackPointExtension/>
        </extensions>
      </trkpt>
      <trkpt lat="31.39699660241603851318359375" lon="119.4877343438565731048583984375">
        <ele>6.80000019073486328125</ele>
        <time>2025-02-18T22:53:05.000Z</time>
        <extensions>
          <ns3:TrackPointExtension>
            <ns3:hr>134</ns3:hr>
          </ns3:TrackPointExtension>
        </extensions>
      </trkpt>
      <trkpt lat="31.3970199041068553924560546875" lon="119.4877350144088268280029296875">
        <ele>7</ele>
        <time>2025-02-18T22:53:06.000Z</time>
        <extensions>
          <ns3:TrackPointExtension/>
        </extensions>
      </trkpt>
      <trkpt lat="31.39704354107379913330078125" lon="119.48773576878011226654052734375">
        <ele>7.19999980926513671875</ele>
        <time>2025-02-18T22:53:07.000Z</time>
        <extensions>
          <ns3:TrackPointExtension/>
        </extensions>
      </trkpt>
      <trkpt lat="31.397068016231060028076171875" lon="119.48773710988461971282958984375">
        <ele>7.400000095367431640625</ele>
        <time>2025-02-18T22:53:08.000Z</time>
        <extensions>
          <ns3:TrackPointExtension/>
        </extensions>
      </trkpt>
      <trkpt lat="31.3970933295786380767822265625" lon="119.48773853480815887451171875">
        <ele>7.599999904632568359375</ele>
        <time>2025-02-18T22:53:09.000Z</time>
        <extensions>
          <ns3:TrackPointExtension/>
        </extensions>
      </trkpt>
      <trkpt lat="31.39711855910718441009521484375" lon="119.48773979209363460540771484375">
        <ele>8</ele>
        <time>2025-02-18T22:53:10.000Z</time>
        <extensions>
          <ns3:TrackPointExtension>
            <ns3:hr>137</ns3:hr>
          </ns3:TrackPointExtension>
        </extensions>
      </trkpt>
      <trkpt lat="31.39714387245476245880126953125" lon="119.487740211188793182373046875">
        <ele>8</ele>
        <time>2025-02-18T22:53:11.000Z</time>
        <extensions>
          <ns3:TrackPointExtension/>
        </extensions>
      </trkpt>
      <trkpt lat="31.39716935344040393829345703125" lon="119.48773979209363460540771484375">
        <ele>8.19999980926513671875</ele>
        <time>2025-02-18T22:53:12.000Z</time>
        <extensions>
          <ns3:TrackPointExtension/>
        </extensions>
      </trkpt>
      <trkpt lat="31.39719508588314056396484375" lon="119.487740211188793182373046875">
        <ele>8.19999980926513671875</ele>
        <time>2025-02-18T22:53:13.000Z</time>
        <extensions>
          <ns3:TrackPointExtension/>
        </extensions>
      </trkpt>
      <trkpt lat="31.3972200639545917510986328125" lon="119.487741552293300628662109375">
        <ele>8.3999996185302734375</ele>
        <time>2025-02-18T22:53:14.000Z</time>
        <extensions>
          <ns3:TrackPointExtension/>
        </extensions>
      </trkpt>
      <trkpt lat="31.3972445391118526458740234375" lon="119.4877432286739349365234375">
        <ele>8.3999996185302734375</ele>
        <time>2025-02-18T22:53:15.000Z</time>
        <extensions>
          <ns3:TrackPointExtension>
            <ns3:hr>140</ns3:hr>
          </ns3:TrackPointExtension>
        </extensions>
      </trkpt>
      <trkpt lat="31.39726884663105010986328125" lon="119.48774524033069610595703125">
        <ele>8.6000003814697265625</ele>
        <time>2025-02-18T22:53:16.000Z</time>
        <extensions>
          <ns3:TrackPointExtension/>
        </extensions>
      </trkpt>
      <trkpt lat="31.39729290269315242767333984375" lon="119.48774750344455242156982421875">
        <ele>8.6000003814697265625</ele>
        <time>2025-02-18T22:53:17.000Z</time>
        <extensions>
          <ns3:TrackPointExtension/>
        </extensions>
      </trkpt>
      <trkpt lat="31.39731721021234989166259765625" lon="119.4877487607300281524658203125">
        <ele>8.6000003814697265625</ele>
        <time>2025-02-18T22:53:18.000Z</time>
        <extensions>
          <ns3:TrackPointExtension>
            <ns3:hr>140</ns3:hr>
          </ns3:TrackPointExtension>
        </extensions>
      </trkpt>
      <trkpt lat="31.39734067954123020172119140625" lon="119.487748257815837860107421875">
        <ele>8.80000019073486328125</ele>
        <time>2025-02-18T22:53:19.000Z</time>
        <extensions>
          <ns3:TrackPointExtension/>
        </extensions>
      </trkpt>
      <trkpt lat="31.3973642326891422271728515625" lon="119.48774649761617183685302734375">
        <ele>9</ele>
        <time>2025-02-18T22:53:20.000Z</time>
        <extensions>
          <ns3:TrackPointExtension/>
        </extensions>
      </trkpt>
      <trkpt lat="31.39738879166543483734130859375" lon="119.487744234502315521240234375">
        <ele>9.19999980926513671875</ele>
        <time>2025-02-18T22:53:21.000Z</time>
        <extensions>
          <ns3:TrackPointExtension/>
        </extensions>
      </trkpt>
      <trkpt lat="31.39741343446075916290283203125" lon="119.48774264194071292877197265625">
        <ele>9.3999996185302734375</ele>
        <time>2025-02-18T22:53:22.000Z</time>
        <extensions>
          <ns3:TrackPointExtension/>
        </extensions>
      </trkpt>
      <trkpt lat="31.39743757434189319610595703125" lon="119.487741552293300628662109375">
        <ele>9.3999996185302734375</ele>
        <time>2025-02-18T22:53:23.000Z</time>
        <extensions>
          <ns3:TrackPointExtension/>
        </extensions>
      </trkpt>
      <trkpt lat="31.39746129512786865234375" lon="119.48773987591266632080078125">
        <ele>9.3999996185302734375</ele>
        <time>2025-02-18T22:53:24.000Z</time>
        <extensions>
          <ns3:TrackPointExtension/>
        </extensions>
      </trkpt>
      <trkpt lat="31.39748484827578067779541015625" lon="119.4877373613417148590087890625">
        <ele>9.3999996185302734375</ele>
        <time>2025-02-18T22:53:25.000Z</time>
        <extensions>
          <ns3:TrackPointExtension/>
        </extensions>
      </trkpt>
      <trkpt lat="31.39750932343304157257080078125" lon="119.48773543350398540496826171875">
        <ele>9.3999996185302734375</ele>
        <time>2025-02-18T22:53:26.000Z</time>
        <extensions>
          <ns3:TrackPointExtension/>
        </extensions>
      </trkpt>
      <trkpt lat="31.3975352235138416290283203125" lon="119.48773426003754138946533203125">
        <ele>9.3999996185302734375</ele>
        <time>2025-02-18T22:53:27.000Z</time>
        <extensions>
          <ns3:TrackPointExtension>
            <ns3:hr>138</ns3:hr>
          </ns3:TrackPointExtension>
        </extensions>
      </trkpt>
      <trkpt lat="31.39756212942302227020263671875" lon="119.487733505666255950927734375">
        <ele>9.3999996185302734375</ele>
        <time>2025-02-18T22:53:28.000Z</time>
        <extensions>
          <ns3:TrackPointExtension/>
        </extensions>
      </trkpt>
      <trkpt lat="31.39758911915123462677001953125" lon="119.48773258365690708160400390625">
        <ele>9.3999996185302734375</ele>
        <time>2025-02-18T22:53:29.000Z</time>
        <extensions>
          <ns3:TrackPointExtension>
            <ns3:hr>138</ns3:hr>
          </ns3:TrackPointExtension>
        </extensions>
      </trkpt>
      <trkpt lat="31.39761443249881267547607421875" lon="119.48773107491433620452880859375">
        <ele>9.3999996185302734375</ele>
        <time>2025-02-18T22:53:30.000Z</time>
        <extensions>
          <ns3:TrackPointExtension/>
        </extensions>
      </trkpt>
      <trkpt lat="31.39763823710381984710693359375" lon="119.48772906325757503509521484375">
        <ele>9.3999996185302734375</ele>
        <time>2025-02-18T22:53:31.000Z</time>
        <extensions>
          <ns3:TrackPointExtension/>
        </extensions>
      </trkpt>
      <trkpt lat="31.39766179025173187255859375" lon="119.48772705160081386566162109375">
        <ele>9.3999996185302734375</ele>
        <time>2025-02-18T22:53:32.000Z</time>
        <extensions>
          <ns3:TrackPointExtension/>
        </extensions>
      </trkpt>
      <trkpt lat="31.39768660068511962890625" lon="119.4877259619534015655517578125">
        <ele>9.3999996185302734375</ele>
        <time>2025-02-18T22:53:33.000Z</time>
        <extensions>
          <ns3:TrackPointExtension/>
        </extensions>
      </trkpt>
      <trkpt lat="31.3977112434804439544677734375" lon="119.48772587813436985015869140625">
        <ele>9.3999996185302734375</ele>
        <time>2025-02-18T22:53:34.000Z</time>
        <extensions>
          <ns3:TrackPointExtension/>
        </extensions>
      </trkpt>
      <trkpt lat="31.3977350480854511260986328125" lon="119.48772621341049671173095703125">
        <ele>9.6000003814697265625</ele>
        <time>2025-02-18T22:53:35.000Z</time>
        <extensions>
          <ns3:TrackPointExtension>
            <ns3:hr>139</ns3:hr>
          </ns3:TrackPointExtension>
        </extensions>
      </trkpt>
      <trkpt lat="31.39775793068110942840576171875" lon="119.48772638104856014251708984375">
        <ele>9.6000003814697265625</ele>
        <time>2025-02-18T22:53:36.000Z</time>
        <extensions>
          <ns3:TrackPointExtension/>
        </extensions>
      </trkpt>
      <trkpt lat="31.3977806456387042999267578125" lon="119.48772671632468700408935546875">
        <ele>9.80000019073486328125</ele>
        <time>2025-02-18T22:53:37.000Z</time>
        <extensions>
          <ns3:TrackPointExtension/>
        </extensions>
      </trkpt>
      <trkpt lat="31.3978032767772674560546875" lon="119.4877273030579090118408203125">
        <ele>9.80000019073486328125</ele>
        <time>2025-02-18T22:53:38.000Z</time>
        <extensions>
          <ns3:TrackPointExtension/>
        </extensions>
      </trkpt>
      <trkpt lat="31.3978252373635768890380859375" lon="119.4877276383340358734130859375">
        <ele>10</ele>
        <time>2025-02-18T22:53:39.000Z</time>
        <extensions>
          <ns3:TrackPointExtension/>
        </extensions>
      </trkpt>
      <trkpt lat="31.397847868502140045166015625" lon="119.487727470695972442626953125">
        <ele>10</ele>
        <time>2025-02-18T22:53:40.000Z</time>
        <extensions>
          <ns3:TrackPointExtension/>
        </extensions>
      </trkpt>
      <trkpt lat="31.397871337831020355224609375" lon="119.48772772215306758880615234375">
        <ele>10</ele>
        <time>2025-02-18T22:53:41.000Z</time>
        <extensions>
          <ns3:TrackPointExtension>
            <ns3:hr>139</ns3:hr>
          </ns3:TrackPointExtension>
        </extensions>
      </trkpt>
      <trkpt lat="31.3978963159024715423583984375" lon="119.4877289794385433197021484375">
        <ele>10</ele>
        <time>2025-02-18T22:53:42.000Z</time>
        <extensions>
          <ns3:TrackPointExtension/>
        </extensions>
      </trkpt>
      <trkpt lat="31.3979217968881130218505859375" lon="119.487731158733367919921875">
        <ele>10</ele>
        <time>2025-02-18T22:53:43.000Z</time>
        <extensions>
          <ns3:TrackPointExtension/>
        </extensions>
      </trkpt>
      <trkpt lat="31.3979476131498813629150390625" lon="119.4877338409423828125">
        <ele>10</ele>
        <time>2025-02-18T22:53:44.000Z</time>
        <extensions>
          <ns3:TrackPointExtension/>
        </extensions>
      </trkpt>
      <trkpt lat="31.39797426760196685791015625" lon="119.4877370260655879974365234375">
        <ele>9.80000019073486328125</ele>
        <time>2025-02-18T22:53:45.000Z</time>
        <extensions>
          <ns3:TrackPointExtension/>
        </extensions>
      </trkpt>
      <trkpt lat="31.398001424968242645263671875" lon="119.48774130083620548248291015625">
        <ele>9.6000003814697265625</ele>
        <time>2025-02-18T22:53:46.000Z</time>
        <extensions>
          <ns3:TrackPointExtension>
            <ns3:hr>139</ns3:hr>
          </ns3:TrackPointExtension>
        </extensions>
      </trkpt>
      <trkpt lat="31.3980284146964550018310546875" lon="119.48774549178779125213623046875">
        <ele>9.3999996185302734375</ele>
        <time>2025-02-18T22:53:47.000Z</time>
        <extensions>
          <ns3:TrackPointExtension/>
        </extensions>
      </trkpt>
      <trkpt lat="31.39805465005338191986083984375" lon="119.4877497665584087371826171875">
        <ele>9.19999980926513671875</ele>
        <time>2025-02-18T22:53:48.000Z</time>
        <extensions>
          <ns3:TrackPointExtension>
            <ns3:hr>139</ns3:hr>
          </ns3:TrackPointExtension>
        </extensions>
      </trkpt>
      <trkpt lat="31.398080885410308837890625" lon="119.48775571770966053009033203125">
        <ele>9.19999980926513671875</ele>
        <time>2025-02-18T22:53:49.000Z</time>
        <extensions>
          <ns3:TrackPointExtension/>
        </extensions>
      </trkpt>
      <trkpt lat="31.3981063663959503173828125" lon="119.487763680517673492431640625">
        <ele>9</ele>
        <time>2025-02-18T22:53:50.000Z</time>
        <extensions>
          <ns3:TrackPointExtension/>
        </extensions>
      </trkpt>
      <trkpt lat="31.39813109301030635833740234375" lon="119.4877727329730987548828125">
        <ele>8.80000019073486328125</ele>
        <time>2025-02-18T22:53:51.000Z</time>
        <extensions>
          <ns3:TrackPointExtension/>
        </extensions>
      </trkpt>
      <trkpt lat="31.39815556816756725311279296875" lon="119.48778010904788970947265625">
        <ele>8.6000003814697265625</ele>
        <time>2025-02-18T22:53:52.000Z</time>
        <extensions>
          <ns3:TrackPointExtension/>
        </extensions>
      </trkpt>
      <trkpt lat="31.3981799595057964324951171875" lon="119.48778455145657062530517578125">
        <ele>8.3999996185302734375</ele>
        <time>2025-02-18T22:53:53.000Z</time>
        <extensions>
          <ns3:TrackPointExtension>
            <ns3:hr>137</ns3:hr>
          </ns3:TrackPointExtension>
        </extensions>
      </trkpt>
      <trkpt lat="31.39820451848208904266357421875" lon="119.48778681457042694091796875">
        <ele>8.19999980926513671875</ele>
        <time>2025-02-18T22:53:54.000Z</time>
        <extensions>
          <ns3:TrackPointExtension/>
        </extensions>
      </trkpt>
      <trkpt lat="31.3982285745441913604736328125" lon="119.48778840713202953338623046875">
        <ele>8</ele>
        <time>2025-02-18T22:53:55.000Z</time>
        <extensions>
          <ns3:TrackPointExtension/>
        </extensions>
      </trkpt>
      <trkpt lat="31.398252882063388824462890625" lon="119.487789832055568695068359375">
        <ele>7.80000019073486328125</ele>
        <time>2025-02-18T22:53:56.000Z</time>
        <extensions>
          <ns3:TrackPointExtension/>
        </extensions>
      </trkpt>
      <trkpt lat="31.39827727340161800384521484375" lon="119.4877899996936321258544921875">
        <ele>7.599999904632568359375</ele>
        <time>2025-02-18T22:53:57.000Z</time>
        <extensions>
          <ns3:TrackPointExtension/>
        </extensions>
      </trkpt>
      <trkpt lat="31.39830191619694232940673828125" lon="119.4877889938652515411376953125">
        <ele>7.599999904632568359375</ele>
        <time>2025-02-18T22:53:58.000Z</time>
        <extensions>
          <ns3:TrackPointExtension/>
        </extensions>
      </trkpt>
      <trkpt lat="31.3983268104493618011474609375" lon="119.48778673075139522552490234375">
        <ele>7.400000095367431640625</ele>
        <time>2025-02-18T22:53:59.000Z</time>
        <extensions>
          <ns3:TrackPointExtension/>
        </extensions>
      </trkpt>
      <trkpt lat="31.39835187233984470367431640625" lon="119.48778413236141204833984375">
        <ele>7.19999980926513671875</ele>
        <time>2025-02-18T22:54:00.000Z</time>
        <extensions>
          <ns3:TrackPointExtension/>
        </extensions>
      </trkpt>
      <trkpt lat="31.3983771018683910369873046875" lon="119.48778119869530200958251953125">
        <ele>7</ele>
        <time>2025-02-18T22:54:01.000Z</time>
        <extensions>
          <ns3:TrackPointExtension/>
        </extensions>
      </trkpt>
      <trkpt lat="31.3984014093875885009765625" lon="119.48777801357209682464599609375">
        <ele>6.80000019073486328125</ele>
        <time>2025-02-18T22:54:02.000Z</time>
        <extensions>
          <ns3:TrackPointExtension>
            <ns3:hr>138</ns3:hr>
          </ns3:TrackPointExtension>
        </extensions>
      </trkpt>
      <trkpt lat="31.39842445962131023406982421875" lon="119.487775079905986785888671875">
        <ele>6.599999904632568359375</ele>
        <time>2025-02-18T22:54:03.000Z</time>
        <extensions>
          <ns3:TrackPointExtension>
            <ns3:hr>138</ns3:hr>
          </ns3:TrackPointExtension>
        </extensions>
      </trkpt>
      <trkpt lat="31.39844692312180995941162109375" lon="119.48777248151600360870361328125">
        <ele>6.400000095367431640625</ele>
        <time>2025-02-18T22:54:04.000Z</time>
        <extensions>
          <ns3:TrackPointExtension/>
        </extensions>
      </trkpt>
      <trkpt lat="31.39847039245069026947021484375" lon="119.487771056592464447021484375">
        <ele>6.400000095367431640625</ele>
        <time>2025-02-18T22:54:05.000Z</time>
        <extensions>
          <ns3:TrackPointExtension/>
        </extensions>
      </trkpt>
      <trkpt lat="31.3984941132366657257080078125" lon="119.48777063749730587005615234375">
        <ele>6.19999980926513671875</ele>
        <time>2025-02-18T22:54:06.000Z</time>
        <extensions>
          <ns3:TrackPointExtension/>
        </extensions>
      </trkpt>
      <trkpt lat="31.39851733110845088958740234375" lon="119.487771727144718170166015625">
        <ele>6.19999980926513671875</ele>
        <time>2025-02-18T22:54:07.000Z</time>
        <extensions>
          <ns3:TrackPointExtension/>
        </extensions>
      </trkpt>
      <trkpt lat="31.39854113571345806121826171875" lon="119.48777474462985992431640625">
        <ele>6.19999980926513671875</ele>
        <time>2025-02-18T22:54:08.000Z</time>
        <extensions>
          <ns3:TrackPointExtension/>
        </extensions>
      </trkpt>
      <trkpt lat="31.398566700518131256103515625" lon="119.487779773771762847900390625">
        <ele>6.19999980926513671875</ele>
        <time>2025-02-18T22:54:09.000Z</time>
        <extensions>
          <ns3:TrackPointExtension/>
        </extensions>
      </trkpt>
      <trkpt lat="31.398593522608280181884765625" lon="119.4877876527607440948486328125">
        <ele>6.19999980926513671875</ele>
        <time>2025-02-18T22:54:10.000Z</time>
        <extensions>
          <ns3:TrackPointExtension/>
        </extensions>
      </trkpt>
      <trkpt lat="31.39862026087939739227294921875" lon="119.487798213958740234375">
        <ele>6.19999980926513671875</ele>
        <time>2025-02-18T22:54:11.000Z</time>
        <extensions>
          <ns3:TrackPointExtension/>
        </extensions>
      </trkpt>
      <trkpt lat="31.3986459933221340179443359375" lon="119.4878121279180049896240234375">
        <ele>6</ele>
        <time>2025-02-18T22:54:12.000Z</time>
        <extensions>
          <ns3:TrackPointExtension>
            <ns3:hr>138</ns3:hr>
          </ns3:TrackPointExtension>
        </extensions>
      </trkpt>
      <trkpt lat="31.3986701332032680511474609375" lon="119.48782830499112606048583984375">
        <ele>6</ele>
        <time>2025-02-18T22:54:13.000Z</time>
        <extensions>
          <ns3:TrackPointExtension/>
        </extensions>
      </trkpt>
      <trkpt lat="31.39869251288473606109619140625" lon="119.487846158444881439208984375">
        <ele>6</ele>
        <time>2025-02-18T22:54:14.000Z</time>
        <extensions>
          <ns3:TrackPointExtension/>
        </extensions>
      </trkpt>
      <trkpt lat="31.39871321618556976318359375" lon="119.4878666102886199951171875">
        <ele>5.80000019073486328125</ele>
        <time>2025-02-18T22:54:15.000Z</time>
        <extensions>
          <ns3:TrackPointExtension/>
        </extensions>
      </trkpt>
      <trkpt lat="31.398731656372547149658203125" lon="119.48788982816040515899658203125">
        <ele>5.80000019073486328125</ele>
        <time>2025-02-18T22:54:16.000Z</time>
        <extensions>
          <ns3:TrackPointExtension/>
        </extensions>
      </trkpt>
      <trkpt lat="31.39874766580760478973388671875" lon="119.487914554774761199951171875">
        <ele>5.80000019073486328125</ele>
        <time>2025-02-18T22:54:17.000Z</time>
        <extensions>
          <ns3:TrackPointExtension>
            <ns3:hr>138</ns3:hr>
          </ns3:TrackPointExtension>
        </extensions>
      </trkpt>
      <trkpt lat="31.398762166500091552734375" lon="119.487938694655895233154296875">
        <ele>5.599999904632568359375</ele>
        <time>2025-02-18T22:54:18.000Z</time>
        <extensions>
          <ns3:TrackPointExtension/>
        </extensions>
      </trkpt>
      <trkpt lat="31.3987754099071025848388671875" lon="119.487962834537029266357421875">
        <ele>5.599999904632568359375</ele>
        <time>2025-02-18T22:54:19.000Z</time>
        <extensions>
          <ns3:TrackPointExtension/>
        </extensions>
      </trkpt>
      <trkpt lat="31.39878722839057445526123046875" lon="119.48798856697976589202880859375">
        <ele>5.400000095367431640625</ele>
        <time>2025-02-18T22:54:20.000Z</time>
        <extensions>
          <ns3:TrackPointExtension>
            <ns3:hr>138</ns3:hr>
          </ns3:TrackPointExtension>
        </extensions>
      </trkpt>
      <trkpt lat="31.39879778958857059478759765625" lon="119.48801639489829540252685546875">
        <ele>5.400000095367431640625</ele>
        <time>2025-02-18T22:54:21.000Z</time>
        <extensions>
          <ns3:TrackPointExtension/>
        </extensions>
      </trkpt>
      <trkpt lat="31.39880667440593242645263671875" lon="119.48804556392133235931396484375">
        <ele>5.19999980926513671875</ele>
        <time>2025-02-18T22:54:22.000Z</time>
        <extensions>
          <ns3:TrackPointExtension/>
        </extensions>
      </trkpt>
      <trkpt lat="31.3988144695758819580078125" lon="119.48807456530630588531494140625">
        <ele>5.19999980926513671875</ele>
        <time>2025-02-18T22:54:23.000Z</time>
        <extensions>
          <ns3:TrackPointExtension>
            <ns3:hr>139</ns3:hr>
          </ns3:TrackPointExtension>
        </extensions>
      </trkpt>
      <trkpt lat="31.3988210074603557586669921875" lon="119.48810356669127941131591796875">
        <ele>5</ele>
        <time>2025-02-18T22:54:24.000Z</time>
        <extensions>
          <ns3:TrackPointExtension/>
        </extensions>
      </trkpt>
      <trkpt lat="31.39882712624967098236083984375" lon="119.48813290335237979888916015625">
        <ele>5</ele>
        <time>2025-02-18T22:54:25.000Z</time>
        <extensions>
          <ns3:TrackPointExtension/>
        </extensions>
      </trkpt>
      <trkpt lat="31.39883265830576419830322265625" lon="119.4881621561944484710693359375">
        <ele>5</ele>
        <time>2025-02-18T22:54:26.000Z</time>
        <extensions>
          <ns3:TrackPointExtension/>
        </extensions>
      </trkpt>
      <trkpt lat="31.3988367654383182525634765625" lon="119.48819048702716827392578125">
        <ele>5</ele>
        <time>2025-02-18T22:54:27.000Z</time>
        <extensions>
          <ns3:TrackPointExtension/>
        </extensions>
      </trkpt>
      <trkpt lat="31.3988391123712062835693359375" lon="119.48821806348860263824462890625">
        <ele>5</ele>
        <time>2025-02-18T22:54:28.000Z</time>
        <extensions>
          <ns3:TrackPointExtension/>
        </extensions>
      </trkpt>
      <trkpt lat="31.3988397829234600067138671875" lon="119.48824522085487842559814453125">
        <ele>5</ele>
        <time>2025-02-18T22:54:29.000Z</time>
        <extensions>
          <ns3:TrackPointExtension>
            <ns3:hr>139</ns3:hr>
          </ns3:TrackPointExtension>
        </extensions>
      </trkpt>
      <trkpt lat="31.3988401181995868682861328125" lon="119.4882714562118053436279296875">
        <ele>5</ele>
        <time>2025-02-18T22:54:30.000Z</time>
        <extensions>
          <ns3:TrackPointExtension/>
        </extensions>
      </trkpt>
      <trkpt lat="31.398840285837650299072265625" lon="119.48829819448292255401611328125">
        <ele>5</ele>
        <time>2025-02-18T22:54:31.000Z</time>
        <extensions>
          <ns3:TrackPointExtension/>
        </extensions>
      </trkpt>
      <trkpt lat="31.3988412916660308837890625" lon="119.48832619003951549530029296875">
        <ele>5</ele>
        <time>2025-02-18T22:54:32.000Z</time>
        <extensions>
          <ns3:TrackPointExtension/>
        </extensions>
      </trkpt>
      <trkpt lat="31.39884288422763347625732421875" lon="119.488355107605457305908203125">
        <ele>5</ele>
        <time>2025-02-18T22:54:33.000Z</time>
        <extensions>
          <ns3:TrackPointExtension>
            <ns3:hr>139</ns3:hr>
          </ns3:TrackPointExtension>
        </extensions>
      </trkpt>
      <trkpt lat="31.39884489588439464569091796875" lon="119.48838360607624053955078125">
        <ele>5</ele>
        <time>2025-02-18T22:54:34.000Z</time>
        <extensions>
          <ns3:TrackPointExtension/>
        </extensions>
      </trkpt>
      <trkpt lat="31.398846991360187530517578125" lon="119.48841017670929431915283203125">
        <ele>5</ele>
        <time>2025-02-18T22:54:35.000Z</time>
        <extensions>
          <ns3:TrackPointExtension/>
        </extensions>
      </trkpt>
      <trkpt lat="31.39884866774082183837890625" lon="119.488436914980411529541015625">
        <ele>4.80000019073486328125</ele>
        <time>2025-02-18T22:54:36.000Z</time>
        <extensions>
          <ns3:TrackPointExtension/>
        </extensions>
      </trkpt>
      <trkpt lat="31.3988495059311389923095703125" lon="119.4884652458131313323974609375">
        <ele>4.80000019073486328125</ele>
        <time>2025-02-18T22:54:37.000Z</time>
        <extensions>
          <ns3:TrackPointExtension/>
        </extensions>
      </trkpt>
      <trkpt lat="31.39884858392179012298583984375" lon="119.48849433101713657379150390625">
        <ele>4.80000019073486328125</ele>
        <time>2025-02-18T22:54:38.000Z</time>
        <extensions>
          <ns3:TrackPointExtension>
            <ns3:hr>141</ns3:hr>
          </ns3:TrackPointExtension>
        </extensions>
      </trkpt>
      <trkpt lat="31.39884598553180694580078125" lon="119.488523416221141815185546875">
        <ele>4.80000019073486328125</ele>
        <time>2025-02-18T22:54:39.000Z</time>
        <extensions>
          <ns3:TrackPointExtension/>
        </extensions>
      </trkpt>
      <trkpt lat="31.39884196221828460693359375" lon="119.48855258524417877197265625">
        <ele>4.80000019073486328125</ele>
        <time>2025-02-18T22:54:40.000Z</time>
        <extensions>
          <ns3:TrackPointExtension/>
        </extensions>
      </trkpt>
      <trkpt lat="31.39883768744766712188720703125" lon="119.48858133517205715179443359375">
        <ele>4.80000019073486328125</ele>
        <time>2025-02-18T22:54:41.000Z</time>
        <extensions>
          <ns3:TrackPointExtension/>
        </extensions>
      </trkpt>
      <trkpt lat="31.39883433468639850616455078125" lon="119.4886095821857452392578125">
        <ele>4.80000019073486328125</ele>
        <time>2025-02-18T22:54:42.000Z</time>
        <extensions>
          <ns3:TrackPointExtension/>
        </extensions>
      </trkpt>
      <trkpt lat="31.398832239210605621337890625" lon="119.488637745380401611328125">
        <ele>4.80000019073486328125</ele>
        <time>2025-02-18T22:54:43.000Z</time>
        <extensions>
          <ns3:TrackPointExtension>
            <ns3:hr>141</ns3:hr>
          </ns3:TrackPointExtension>
        </extensions>
      </trkpt>
      <trkpt lat="31.3988314010202884674072265625" lon="119.48866481892764568328857421875">
        <ele>4.80000019073486328125</ele>
        <time>2025-02-18T22:54:44.000Z</time>
        <extensions>
          <ns3:TrackPointExtension/>
        </extensions>
      </trkpt>
      <trkpt lat="31.3988305628299713134765625" lon="119.48869097046554088592529296875">
        <ele>5</ele>
        <time>2025-02-18T22:54:45.000Z</time>
        <extensions>
          <ns3:TrackPointExtension/>
        </extensions>
      </trkpt>
      <trkpt lat="31.39882964082062244415283203125" lon="119.4887183792889118194580078125">
        <ele>5</ele>
        <time>2025-02-18T22:54:46.000Z</time>
        <extensions>
          <ns3:TrackPointExtension/>
        </extensions>
      </trkpt>
      <trkpt lat="31.39882863499224185943603515625" lon="119.4887472130358219146728515625">
        <ele>5.19999980926513671875</ele>
        <time>2025-02-18T22:54:47.000Z</time>
        <extensions>
          <ns3:TrackPointExtension/>
        </extensions>
      </trkpt>
      <trkpt lat="31.3988278806209564208984375" lon="119.48877646587789058685302734375">
        <ele>5.19999980926513671875</ele>
        <time>2025-02-18T22:54:48.000Z</time>
        <extensions>
          <ns3:TrackPointExtension/>
        </extensions>
      </trkpt>
      <trkpt lat="31.39882695861160755157470703125" lon="119.488805048167705535888671875">
        <ele>5.400000095367431640625</ele>
        <time>2025-02-18T22:54:49.000Z</time>
        <extensions>
          <ns3:TrackPointExtension>
            <ns3:hr>140</ns3:hr>
          </ns3:TrackPointExtension>
        </extensions>
      </trkpt>
      <trkpt lat="31.3988253660500049591064453125" lon="119.4888320378959178924560546875">
        <ele>5.400000095367431640625</ele>
        <time>2025-02-18T22:54:50.000Z</time>
        <extensions>
          <ns3:TrackPointExtension/>
        </extensions>
      </trkpt>
      <trkpt lat="31.3988236896693706512451171875" lon="119.48885760270059108734130859375">
        <ele>5.599999904632568359375</ele>
        <time>2025-02-18T22:54:51.000Z</time>
        <extensions>
          <ns3:TrackPointExtension/>
        </extensions>
      </trkpt>
      <trkpt lat="31.39882142655551433563232421875" lon="119.4888833351433277130126953125">
        <ele>5.599999904632568359375</ele>
        <time>2025-02-18T22:54:52.000Z</time>
        <extensions>
          <ns3:TrackPointExtension/>
        </extensions>
      </trkpt>
      <trkpt lat="31.39881857670843601226806640625" lon="119.48890990577638149261474609375">
        <ele>5.80000019073486328125</ele>
        <time>2025-02-18T22:54:53.000Z</time>
        <extensions>
          <ns3:TrackPointExtension>
            <ns3:hr>140</ns3:hr>
          </ns3:TrackPointExtension>
        </extensions>
      </trkpt>
      <trkpt lat="31.398815810680389404296875" lon="119.4889356382191181182861328125">
        <ele>5.80000019073486328125</ele>
        <time>2025-02-18T22:54:54.000Z</time>
        <extensions>
          <ns3:TrackPointExtension/>
        </extensions>
      </trkpt>
      <trkpt lat="31.39881337992846965789794921875" lon="119.48895986191928386688232421875">
        <ele>6</ele>
        <time>2025-02-18T22:54:55.000Z</time>
        <extensions>
          <ns3:TrackPointExtension/>
        </extensions>
      </trkpt>
      <trkpt lat="31.3988102786242961883544921875" lon="119.4889839179813861846923828125">
        <ele>6</ele>
        <time>2025-02-18T22:54:56.000Z</time>
        <extensions>
          <ns3:TrackPointExtension/>
        </extensions>
      </trkpt>
      <trkpt lat="31.39880550093948841094970703125" lon="119.48900981806218624114990234375">
        <ele>6</ele>
        <time>2025-02-18T22:54:57.000Z</time>
        <extensions>
          <ns3:TrackPointExtension/>
        </extensions>
      </trkpt>
      <trkpt lat="31.39880063943564891815185546875" lon="119.48903798125684261322021484375">
        <ele>6</ele>
        <time>2025-02-18T22:54:58.000Z</time>
        <extensions>
          <ns3:TrackPointExtension/>
        </extensions>
      </trkpt>
      <trkpt lat="31.39879711903631687164306640625" lon="119.48906782083213329315185546875">
        <ele>6</ele>
        <time>2025-02-18T22:54:59.000Z</time>
        <extensions>
          <ns3:TrackPointExtension/>
        </extensions>
      </trkpt>
      <trkpt lat="31.398795358836650848388671875" lon="119.489098079502582550048828125">
        <ele>6</ele>
        <time>2025-02-18T22:55:00.000Z</time>
        <extensions>
          <ns3:TrackPointExtension>
            <ns3:hr>141</ns3:hr>
          </ns3:TrackPointExtension>
        </extensions>
      </trkpt>
      <trkpt lat="31.39879443682730197906494140625" lon="119.48912783525884151458740234375">
        <ele>6</ele>
        <time>2025-02-18T22:55:01.000Z</time>
        <extensions>
          <ns3:TrackPointExtension/>
        </extensions>
      </trkpt>
      <trkpt lat="31.39879359863698482513427734375" lon="119.48915717191994190216064453125">
        <ele>6</ele>
        <time>2025-02-18T22:55:02.000Z</time>
        <extensions>
          <ns3:TrackPointExtension/>
        </extensions>
      </trkpt>
      <trkpt lat="31.39879225753247737884521484375" lon="119.48918583802878856658935546875">
        <ele>6</ele>
        <time>2025-02-18T22:55:03.000Z</time>
        <extensions>
          <ns3:TrackPointExtension/>
        </extensions>
      </trkpt>
      <trkpt lat="31.3987903296947479248046875" lon="119.48921483941376209259033203125">
        <ele>6</ele>
        <time>2025-02-18T22:55:04.000Z</time>
        <extensions>
          <ns3:TrackPointExtension/>
        </extensions>
      </trkpt>
      <trkpt lat="31.39878806658089160919189453125" lon="119.48924451135098934173583984375">
        <ele>6</ele>
        <time>2025-02-18T22:55:05.000Z</time>
        <extensions>
          <ns3:TrackPointExtension/>
        </extensions>
      </trkpt>
      <trkpt lat="31.39878488145768642425537109375" lon="119.489274434745311737060546875">
        <ele>6</ele>
        <time>2025-02-18T22:55:06.000Z</time>
        <extensions>
          <ns3:TrackPointExtension/>
        </extensions>
      </trkpt>
      <trkpt lat="31.398781277239322662353515625" lon="119.48930494487285614013671875">
        <ele>6</ele>
        <time>2025-02-18T22:55:07.000Z</time>
        <extensions>
          <ns3:TrackPointExtension>
            <ns3:hr>141</ns3:hr>
          </ns3:TrackPointExtension>
        </extensions>
      </trkpt>
      <trkpt lat="31.3987774215638637542724609375" lon="119.48933520354330539703369140625">
        <ele>5.80000019073486328125</ele>
        <time>2025-02-18T22:55:08.000Z</time>
        <extensions>
          <ns3:TrackPointExtension/>
        </extensions>
      </trkpt>
      <trkpt lat="31.39877364970743656158447265625" lon="119.48936529457569122314453125">
        <ele>5.80000019073486328125</ele>
        <time>2025-02-18T22:55:09.000Z</time>
        <extensions>
          <ns3:TrackPointExtension/>
        </extensions>
      </trkpt>
      <trkpt lat="31.39877063222229480743408203125" lon="119.489395134150981903076171875">
        <ele>5.80000019073486328125</ele>
        <time>2025-02-18T22:55:10.000Z</time>
        <extensions>
          <ns3:TrackPointExtension>
            <ns3:hr>141</ns3:hr>
          </ns3:TrackPointExtension>
        </extensions>
      </trkpt>
      <trkpt lat="31.398767866194248199462890625" lon="119.48942354880273342132568359375">
        <ele>5.80000019073486328125</ele>
        <time>2025-02-18T22:55:11.000Z</time>
        <extensions>
          <ns3:TrackPointExtension/>
        </extensions>
      </trkpt>
      <trkpt lat="31.39876543544232845306396484375" lon="119.4894506223499774932861328125">
        <ele>5.80000019073486328125</ele>
        <time>2025-02-18T22:55:12.000Z</time>
        <extensions>
          <ns3:TrackPointExtension/>
        </extensions>
      </trkpt>
      <trkpt lat="31.39876308850944042205810546875" lon="119.48947652243077754974365234375">
        <ele>5.80000019073486328125</ele>
        <time>2025-02-18T22:55:13.000Z</time>
        <extensions>
          <ns3:TrackPointExtension/>
        </extensions>
      </trkpt>
      <trkpt lat="31.3987608253955841064453125" lon="119.48950267396867275238037109375">
        <ele>5.80000019073486328125</ele>
        <time>2025-02-18T22:55:14.000Z</time>
        <extensions>
          <ns3:TrackPointExtension/>
        </extensions>
      </trkpt>
      <trkpt lat="31.39875881373882293701171875" lon="119.48953025043010711669921875">
        <ele>5.80000019073486328125</ele>
        <time>2025-02-18T22:55:15.000Z</time>
        <extensions>
          <ns3:TrackPointExtension/>
        </extensions>
      </trkpt>
      <trkpt lat="31.39875705353915691375732421875" lon="119.489560090005397796630859375">
        <ele>5.80000019073486328125</ele>
        <time>2025-02-18T22:55:16.000Z</time>
        <extensions>
          <ns3:TrackPointExtension>
            <ns3:hr>142</ns3:hr>
          </ns3:TrackPointExtension>
        </extensions>
      </trkpt>
      <trkpt lat="31.39875487424433231353759765625" lon="119.48959194123744964599609375">
        <ele>5.80000019073486328125</ele>
        <time>2025-02-18T22:55:17.000Z</time>
        <extensions>
          <ns3:TrackPointExtension/>
        </extensions>
      </trkpt>
      <trkpt lat="31.398751772940158843994140625" lon="119.4896239601075649261474609375">
        <ele>5.599999904632568359375</ele>
        <time>2025-02-18T22:55:18.000Z</time>
        <extensions>
          <ns3:TrackPointExtension/>
        </extensions>
      </trkpt>
      <trkpt lat="31.39874808490276336669921875" lon="119.48965522460639476776123046875">
        <ele>5.599999904632568359375</ele>
        <time>2025-02-18T22:55:19.000Z</time>
        <extensions>
          <ns3:TrackPointExtension>
            <ns3:hr>141</ns3:hr>
          </ns3:TrackPointExtension>
        </extensions>
      </trkpt>
      <trkpt lat="31.39874414540827274322509765625" lon="119.4896846450865268707275390625">
        <ele>5.599999904632568359375</ele>
        <time>2025-02-18T22:55:20.000Z</time>
        <extensions>
          <ns3:TrackPointExtension/>
        </extensions>
      </trkpt>
      <trkpt lat="31.39874003827571868896484375" lon="119.48971238918602466583251953125">
        <ele>5.599999904632568359375</ele>
        <time>2025-02-18T22:55:21.000Z</time>
        <extensions>
          <ns3:TrackPointExtension/>
        </extensions>
      </trkpt>
      <trkpt lat="31.398736350238323211669921875" lon="119.48973921127617359161376953125">
        <ele>5.599999904632568359375</ele>
        <time>2025-02-18T22:55:22.000Z</time>
        <extensions>
          <ns3:TrackPointExtension/>
        </extensions>
      </trkpt>
      <trkpt lat="31.398732662200927734375" lon="119.4897661171853542327880859375">
        <ele>5.599999904632568359375</ele>
        <time>2025-02-18T22:55:23.000Z</time>
        <extensions>
          <ns3:TrackPointExtension/>
        </extensions>
      </trkpt>
      <trkpt lat="31.398728974163532257080078125" lon="119.489794783294200897216796875">
        <ele>5.400000095367431640625</ele>
        <time>2025-02-18T22:55:24.000Z</time>
        <extensions>
          <ns3:TrackPointExtension>
            <ns3:hr>139</ns3:hr>
          </ns3:TrackPointExtension>
        </extensions>
      </trkpt>
      <trkpt lat="31.398725621402263641357421875" lon="119.48982420377433300018310546875">
        <ele>5.400000095367431640625</ele>
        <time>2025-02-18T22:55:25.000Z</time>
        <extensions>
          <ns3:TrackPointExtension/>
        </extensions>
      </trkpt>
      <trkpt lat="31.3987224362790584564208984375" lon="119.489854462444782257080078125">
        <ele>5.19999980926513671875</ele>
        <time>2025-02-18T22:55:26.000Z</time>
        <extensions>
          <ns3:TrackPointExtension/>
        </extensions>
      </trkpt>
      <trkpt lat="31.39871992170810699462890625" lon="119.48988555930554866790771484375">
        <ele>5</ele>
        <time>2025-02-18T22:55:27.000Z</time>
        <extensions>
          <ns3:TrackPointExtension/>
        </extensions>
      </trkpt>
      <trkpt lat="31.398718245327472686767578125" lon="119.48991724289953708648681640625">
        <ele>5</ele>
        <time>2025-02-18T22:55:28.000Z</time>
        <extensions>
          <ns3:TrackPointExtension>
            <ns3:hr>138</ns3:hr>
          </ns3:TrackPointExtension>
        </extensions>
      </trkpt>
      <trkpt lat="31.398716904222965240478515625" lon="119.48994859121739864349365234375">
        <ele>4.80000019073486328125</ele>
        <time>2025-02-18T22:55:29.000Z</time>
        <extensions>
          <ns3:TrackPointExtension/>
        </extensions>
      </trkpt>
      <trkpt lat="31.3987150602042675018310546875" lon="119.48997843079268932342529296875">
        <ele>4.80000019073486328125</ele>
        <time>2025-02-18T22:55:30.000Z</time>
        <extensions>
          <ns3:TrackPointExtension/>
        </extensions>
      </trkpt>
      <trkpt lat="31.39871262945234775543212890625" lon="119.49000843800604343414306640625">
        <ele>4.80000019073486328125</ele>
        <time>2025-02-18T22:55:31.000Z</time>
        <extensions>
          <ns3:TrackPointExtension/>
        </extensions>
      </trkpt>
      <trkpt lat="31.39871011488139629364013671875" lon="119.49003844521939754486083984375">
        <ele>5</ele>
        <time>2025-02-18T22:55:32.000Z</time>
        <extensions>
          <ns3:TrackPointExtension/>
        </extensions>
      </trkpt>
      <trkpt lat="31.39870743267238140106201171875" lon="119.49006845243275165557861328125">
        <ele>5</ele>
        <time>2025-02-18T22:55:33.000Z</time>
        <extensions>
          <ns3:TrackPointExtension>
            <ns3:hr>141</ns3:hr>
          </ns3:TrackPointExtension>
        </extensions>
      </trkpt>
      <trkpt lat="31.3987044990062713623046875" lon="119.49009778909385204315185546875">
        <ele>5</ele>
        <time>2025-02-18T22:55:34.000Z</time>
        <extensions>
          <ns3:TrackPointExtension/>
        </extensions>
      </trkpt>
      <trkpt lat="31.39870156534016132354736328125" lon="119.49012628756463527679443359375">
        <ele>5</ele>
        <time>2025-02-18T22:55:35.000Z</time>
        <extensions>
          <ns3:TrackPointExtension/>
        </extensions>
      </trkpt>
      <trkpt lat="31.398698799312114715576171875" lon="119.4901550374925136566162109375">
        <ele>5</ele>
        <time>2025-02-18T22:55:36.000Z</time>
        <extensions>
          <ns3:TrackPointExtension/>
        </extensions>
      </trkpt>
      <trkpt lat="31.39869578182697296142578125" lon="119.49018311686813831329345703125">
        <ele>5</ele>
        <time>2025-02-18T22:55:37.000Z</time>
        <extensions>
          <ns3:TrackPointExtension/>
        </extensions>
      </trkpt>
      <trkpt lat="31.39869167469441890716552734375" lon="119.49021010659635066986083984375">
        <ele>5</ele>
        <time>2025-02-18T22:55:38.000Z</time>
        <extensions>
          <ns3:TrackPointExtension/>
        </extensions>
      </trkpt>
      <trkpt lat="31.39868731610476970672607421875" lon="119.4902368448674678802490234375">
        <ele>5</ele>
        <time>2025-02-18T22:55:39.000Z</time>
        <extensions>
          <ns3:TrackPointExtension>
            <ns3:hr>143</ns3:hr>
          </ns3:TrackPointExtension>
        </extensions>
      </trkpt>
      <trkpt lat="31.39868312515318393707275390625" lon="119.49026442132890224456787109375">
        <ele>5</ele>
        <time>2025-02-18T22:55:40.000Z</time>
        <extensions>
          <ns3:TrackPointExtension/>
        </extensions>
      </trkpt>
      <trkpt lat="31.39867960475385189056396484375" lon="119.4902928359806537628173828125">
        <ele>5</ele>
        <time>2025-02-18T22:55:41.000Z</time>
        <extensions>
          <ns3:TrackPointExtension/>
        </extensions>
      </trkpt>
      <trkpt lat="31.3986775092780590057373046875" lon="119.49031957425177097320556640625">
        <ele>5</ele>
        <time>2025-02-18T22:55:42.000Z</time>
        <extensions>
          <ns3:TrackPointExtension/>
        </extensions>
      </trkpt>
      <trkpt lat="31.39867625199258327484130859375" lon="119.49034430086612701416015625">
        <ele>5</ele>
        <time>2025-02-18T22:55:43.000Z</time>
        <extensions>
          <ns3:TrackPointExtension/>
        </extensions>
      </trkpt>
      <trkpt lat="31.398675329983234405517578125" lon="119.49036852456629276275634765625">
        <ele>5</ele>
        <time>2025-02-18T22:55:44.000Z</time>
        <extensions>
          <ns3:TrackPointExtension/>
        </extensions>
      </trkpt>
      <trkpt lat="31.39867457561194896697998046875" lon="119.490394257009029388427734375">
        <ele>5</ele>
        <time>2025-02-18T22:55:45.000Z</time>
        <extensions>
          <ns3:TrackPointExtension/>
        </extensions>
      </trkpt>
      <trkpt lat="31.39867356978356838226318359375" lon="119.490421749651432037353515625">
        <ele>5</ele>
        <time>2025-02-18T22:55:46.000Z</time>
        <extensions>
          <ns3:TrackPointExtension/>
        </extensions>
      </trkpt>
      <trkpt lat="31.39867122285068035125732421875" lon="119.490449242293834686279296875">
        <ele>5</ele>
        <time>2025-02-18T22:55:47.000Z</time>
        <extensions>
          <ns3:TrackPointExtension>
            <ns3:hr>143</ns3:hr>
          </ns3:TrackPointExtension>
        </extensions>
      </trkpt>
      <trkpt lat="31.3986667804419994354248046875" lon="119.4904762320220470428466796875">
        <ele>5</ele>
        <time>2025-02-18T22:55:48.000Z</time>
        <extensions>
          <ns3:TrackPointExtension/>
        </extensions>
      </trkpt>
      <trkpt lat="31.39866166748106479644775390625" lon="119.49050280265510082244873046875">
        <ele>5</ele>
        <time>2025-02-18T22:55:49.000Z</time>
        <extensions>
          <ns3:TrackPointExtension/>
        </extensions>
      </trkpt>
      <trkpt lat="31.3986567221581935882568359375" lon="119.49052996002137660980224609375">
        <ele>5</ele>
        <time>2025-02-18T22:55:50.000Z</time>
        <extensions>
          <ns3:TrackPointExtension>
            <ns3:hr>142</ns3:hr>
          </ns3:TrackPointExtension>
        </extensions>
      </trkpt>
      <trkpt lat="31.3986523635685443878173828125" lon="119.490558207035064697265625">
        <ele>5</ele>
        <time>2025-02-18T22:55:51.000Z</time>
        <extensions>
          <ns3:TrackPointExtension/>
        </extensions>
      </trkpt>
      <trkpt lat="31.39864825643599033355712890625" lon="119.49058695696294307708740234375">
        <ele>5</ele>
        <time>2025-02-18T22:55:52.000Z</time>
        <extensions>
          <ns3:TrackPointExtension/>
        </extensions>
      </trkpt>
      <trkpt lat="31.3986446522176265716552734375" lon="119.49061478488147258758544921875">
        <ele>5</ele>
        <time>2025-02-18T22:55:53.000Z</time>
        <extensions>
          <ns3:TrackPointExtension/>
        </extensions>
      </trkpt>
      <trkpt lat="31.3986419700086116790771484375" lon="119.49064043350517749786376953125">
        <ele>5</ele>
        <time>2025-02-18T22:55:54.000Z</time>
        <extensions>
          <ns3:TrackPointExtension/>
        </extensions>
      </trkpt>
      <trkpt lat="31.398639120161533355712890625" lon="119.49066440574824810028076171875">
        <ele>5</ele>
        <time>2025-02-18T22:55:55.000Z</time>
        <extensions>
          <ns3:TrackPointExtension>
            <ns3:hr>142</ns3:hr>
          </ns3:TrackPointExtension>
        </extensions>
      </trkpt>
      <trkpt lat="31.3986361026763916015625" lon="119.49068762362003326416015625">
        <ele>5</ele>
        <time>2025-02-18T22:55:56.000Z</time>
        <extensions>
          <ns3:TrackPointExtension/>
        </extensions>
      </trkpt>
      <trkpt lat="31.39863316901028156280517578125" lon="119.490711428225040435791015625">
        <ele>5</ele>
        <time>2025-02-18T22:55:57.000Z</time>
        <extensions>
          <ns3:TrackPointExtension/>
        </extensions>
      </trkpt>
      <trkpt lat="31.39863073825836181640625" lon="119.49073749594390392303466796875">
        <ele>5</ele>
        <time>2025-02-18T22:55:58.000Z</time>
        <extensions>
          <ns3:TrackPointExtension/>
        </extensions>
      </trkpt>
      <trkpt lat="31.3986282236874103546142578125" lon="119.49076616205275058746337890625">
        <ele>5</ele>
        <time>2025-02-18T22:55:59.000Z</time>
        <extensions>
          <ns3:TrackPointExtension/>
        </extensions>
      </trkpt>
      <trkpt lat="31.3986255414783954620361328125" lon="119.4907957501709461212158203125">
        <ele>5</ele>
        <time>2025-02-18T22:56:00.000Z</time>
        <extensions>
          <ns3:TrackPointExtension/>
        </extensions>
      </trkpt>
      <trkpt lat="31.398622691631317138671875" lon="119.49082416482269763946533203125">
        <ele>5</ele>
        <time>2025-02-18T22:56:01.000Z</time>
        <extensions>
          <ns3:TrackPointExtension/>
        </extensions>
      </trkpt>
      <trkpt lat="31.39861975796520709991455078125" lon="119.4908514060080051422119140625">
        <ele>5</ele>
        <time>2025-02-18T22:56:02.000Z</time>
        <extensions>
          <ns3:TrackPointExtension>
            <ns3:hr>140</ns3:hr>
          </ns3:TrackPointExtension>
        </extensions>
      </trkpt>
      <trkpt lat="31.39861665666103363037109375" lon="119.49087864719331264495849609375">
        <ele>5</ele>
        <time>2025-02-18T22:56:03.000Z</time>
        <extensions>
          <ns3:TrackPointExtension/>
        </extensions>
      </trkpt>
      <trkpt lat="31.39861322008073329925537109375" lon="119.4909067265689373016357421875">
        <ele>5</ele>
        <time>2025-02-18T22:56:04.000Z</time>
        <extensions>
          <ns3:TrackPointExtension/>
        </extensions>
      </trkpt>
      <trkpt lat="31.39861003495752811431884765625" lon="119.49093530885875225067138671875">
        <ele>4.80000019073486328125</ele>
        <time>2025-02-18T22:56:05.000Z</time>
        <extensions>
          <ns3:TrackPointExtension/>
        </extensions>
      </trkpt>
      <trkpt lat="31.39860768802464008331298828125" lon="119.4909640587866306304931640625">
        <ele>4.80000019073486328125</ele>
        <time>2025-02-18T22:56:06.000Z</time>
        <extensions>
          <ns3:TrackPointExtension>
            <ns3:hr>140</ns3:hr>
          </ns3:TrackPointExtension>
        </extensions>
      </trkpt>
      <trkpt lat="31.3986057601869106292724609375" lon="119.49099280871450901031494140625">
        <ele>4.599999904632568359375</ele>
        <time>2025-02-18T22:56:07.000Z</time>
        <extensions>
          <ns3:TrackPointExtension/>
        </extensions>
      </trkpt>
      <trkpt lat="31.3986034132540225982666015625" lon="119.4910203851759433746337890625">
        <ele>4.400000095367431640625</ele>
        <time>2025-02-18T22:56:08.000Z</time>
        <extensions>
          <ns3:TrackPointExtension/>
        </extensions>
      </trkpt>
      <trkpt lat="31.39860064722597599029541015625" lon="119.491046704351902008056640625">
        <ele>4.19999980926513671875</ele>
        <time>2025-02-18T22:56:09.000Z</time>
        <extensions>
          <ns3:TrackPointExtension>
            <ns3:hr>140</ns3:hr>
          </ns3:TrackPointExtension>
        </extensions>
      </trkpt>
      <trkpt lat="31.3985970430076122283935546875" lon="119.4910720176994800567626953125">
        <ele>4</ele>
        <time>2025-02-18T22:56:10.000Z</time>
        <extensions>
          <ns3:TrackPointExtension/>
        </extensions>
      </trkpt>
      <trkpt lat="31.3985916785895824432373046875" lon="119.49109724722802639007568359375">
        <ele>3.7999999523162841796875</ele>
        <time>2025-02-18T22:56:11.000Z</time>
        <extensions>
          <ns3:TrackPointExtension/>
        </extensions>
      </trkpt>
      <trkpt lat="31.398585140705108642578125" lon="119.4911228120326995849609375">
        <ele>3.599999904632568359375</ele>
        <time>2025-02-18T22:56:12.000Z</time>
        <extensions>
          <ns3:TrackPointExtension/>
        </extensions>
      </trkpt>
      <trkpt lat="31.39857868663966655731201171875" lon="119.4911494664847850799560546875">
        <ele>3.400000095367431640625</ele>
        <time>2025-02-18T22:56:13.000Z</time>
        <extensions>
          <ns3:TrackPointExtension/>
        </extensions>
      </trkpt>
      <trkpt lat="31.398573406040668487548828125" lon="119.49117788113653659820556640625">
        <ele>3.2000000476837158203125</ele>
        <time>2025-02-18T22:56:14.000Z</time>
        <extensions>
          <ns3:TrackPointExtension>
            <ns3:hr>137</ns3:hr>
          </ns3:TrackPointExtension>
        </extensions>
      </trkpt>
      <trkpt lat="31.3985692150890827178955078125" lon="119.49120772071182727813720703125">
        <ele>3.2000000476837158203125</ele>
        <time>2025-02-18T22:56:15.000Z</time>
        <extensions>
          <ns3:TrackPointExtension/>
        </extensions>
      </trkpt>
      <trkpt lat="31.39856527559459209442138671875" lon="119.4912383146584033966064453125">
        <ele>3</ele>
        <time>2025-02-18T22:56:16.000Z</time>
        <extensions>
          <ns3:TrackPointExtension/>
        </extensions>
      </trkpt>
      <trkpt lat="31.3985615037381649017333984375" lon="119.4912688247859477996826171875">
        <ele>3</ele>
        <time>2025-02-18T22:56:17.000Z</time>
        <extensions>
          <ns3:TrackPointExtension/>
        </extensions>
      </trkpt>
      <trkpt lat="31.39855823479592800140380859375" lon="119.4912998378276824951171875">
        <ele>2.7999999523162841796875</ele>
        <time>2025-02-18T22:56:18.000Z</time>
        <extensions>
          <ns3:TrackPointExtension/>
        </extensions>
      </trkpt>
      <trkpt lat="31.39855572022497653961181640625" lon="119.49133135378360748291015625">
        <ele>2.599999904632568359375</ele>
        <time>2025-02-18T22:56:19.000Z</time>
        <extensions>
          <ns3:TrackPointExtension/>
        </extensions>
      </trkpt>
      <trkpt lat="31.3985534571111202239990234375" lon="119.4913623668253421783447265625">
        <ele>2.599999904632568359375</ele>
        <time>2025-02-18T22:56:20.000Z</time>
        <extensions>
          <ns3:TrackPointExtension/>
        </extensions>
      </trkpt>
      <trkpt lat="31.3985514454543590545654296875" lon="119.49139262549579143524169921875">
        <ele>2.400000095367431640625</ele>
        <time>2025-02-18T22:56:21.000Z</time>
        <extensions>
          <ns3:TrackPointExtension/>
        </extensions>
      </trkpt>
      <trkpt lat="31.39855052344501018524169921875" lon="119.49142196215689182281494140625">
        <ele>2.400000095367431640625</ele>
        <time>2025-02-18T22:56:22.000Z</time>
        <extensions>
          <ns3:TrackPointExtension>
            <ns3:hr>135</ns3:hr>
          </ns3:TrackPointExtension>
        </extensions>
      </trkpt>
      <trkpt lat="31.39855002053081989288330078125" lon="119.49145079590380191802978515625">
        <ele>2.2000000476837158203125</ele>
        <time>2025-02-18T22:56:23.000Z</time>
        <extensions>
          <ns3:TrackPointExtension/>
        </extensions>
      </trkpt>
      <trkpt lat="31.39855035580694675445556640625" lon="119.49147979728877544403076171875">
        <ele>2.2000000476837158203125</ele>
        <time>2025-02-18T22:56:24.000Z</time>
        <extensions>
          <ns3:TrackPointExtension/>
        </extensions>
      </trkpt>
      <trkpt lat="31.39855052344501018524169921875" lon="119.49150980450212955474853515625">
        <ele>2.400000095367431640625</ele>
        <time>2025-02-18T22:56:25.000Z</time>
        <extensions>
          <ns3:TrackPointExtension/>
        </extensions>
      </trkpt>
      <trkpt lat="31.3985497690737247467041015625" lon="119.49153922498226165771484375">
        <ele>2.400000095367431640625</ele>
        <time>2025-02-18T22:56:26.000Z</time>
        <extensions>
          <ns3:TrackPointExtension>
            <ns3:hr>135</ns3:hr>
          </ns3:TrackPointExtension>
        </extensions>
      </trkpt>
      <trkpt lat="31.3985480926930904388427734375" lon="119.49156747199594974517822265625">
        <ele>2.599999904632568359375</ele>
        <time>2025-02-18T22:56:27.000Z</time>
        <extensions>
          <ns3:TrackPointExtension/>
        </extensions>
      </trkpt>
      <trkpt lat="31.39854616485536098480224609375" lon="119.49159529991447925567626953125">
        <ele>2.599999904632568359375</ele>
        <time>2025-02-18T22:56:28.000Z</time>
        <extensions>
          <ns3:TrackPointExtension/>
        </extensions>
      </trkpt>
      <trkpt lat="31.39854490756988525390625" lon="119.49162145145237445831298828125">
        <ele>2.7999999523162841796875</ele>
        <time>2025-02-18T22:56:29.000Z</time>
        <extensions>
          <ns3:TrackPointExtension/>
        </extensions>
      </trkpt>
      <trkpt lat="31.39854348264634609222412109375" lon="119.49164592660963535308837890625">
        <ele>2.7999999523162841796875</ele>
        <time>2025-02-18T22:56:30.000Z</time>
        <extensions>
          <ns3:TrackPointExtension/>
        </extensions>
      </trkpt>
      <trkpt lat="31.39854130335152149200439453125" lon="119.49167123995721340179443359375">
        <ele>2.7999999523162841796875</ele>
        <time>2025-02-18T22:56:31.000Z</time>
        <extensions>
          <ns3:TrackPointExtension/>
        </extensions>
      </trkpt>
      <trkpt lat="31.39853845350444316864013671875" lon="119.491699151694774627685546875">
        <ele>3</ele>
        <time>2025-02-18T22:56:32.000Z</time>
        <extensions>
          <ns3:TrackPointExtension>
            <ns3:hr>135</ns3:hr>
          </ns3:TrackPointExtension>
        </extensions>
      </trkpt>
      <trkpt lat="31.3985355198383331298828125" lon="119.49172873981297016143798828125">
        <ele>3</ele>
        <time>2025-02-18T22:56:33.000Z</time>
        <extensions>
          <ns3:TrackPointExtension/>
        </extensions>
      </trkpt>
      <trkpt lat="31.398533172905445098876953125" lon="119.491759501397609710693359375">
        <ele>3.400000095367431640625</ele>
        <time>2025-02-18T22:56:34.000Z</time>
        <extensions>
          <ns3:TrackPointExtension/>
        </extensions>
      </trkpt>
      <trkpt lat="31.39853090979158878326416015625" lon="119.4917895086109638214111328125">
        <ele>3.599999904632568359375</ele>
        <time>2025-02-18T22:56:35.000Z</time>
        <extensions>
          <ns3:TrackPointExtension/>
        </extensions>
      </trkpt>
      <trkpt lat="31.39852722175419330596923828125" lon="119.49181809090077877044677734375">
        <ele>4</ele>
        <time>2025-02-18T22:56:36.000Z</time>
        <extensions>
          <ns3:TrackPointExtension/>
        </extensions>
      </trkpt>
      <trkpt lat="31.3985222764313220977783203125" lon="119.491845667362213134765625">
        <ele>4.19999980926513671875</ele>
        <time>2025-02-18T22:56:37.000Z</time>
        <extensions>
          <ns3:TrackPointExtension>
            <ns3:hr>136</ns3:hr>
          </ns3:TrackPointExtension>
        </extensions>
      </trkpt>
      <trkpt lat="31.39851741492748260498046875" lon="119.491872489452362060546875">
        <ele>4.400000095367431640625</ele>
        <time>2025-02-18T22:56:38.000Z</time>
        <extensions>
          <ns3:TrackPointExtension/>
        </extensions>
      </trkpt>
      <trkpt lat="31.39851339161396026611328125" lon="119.4918994791805744171142578125">
        <ele>4.80000019073486328125</ele>
        <time>2025-02-18T22:56:39.000Z</time>
        <extensions>
          <ns3:TrackPointExtension/>
        </extensions>
      </trkpt>
      <trkpt lat="31.39851029030978679656982421875" lon="119.49192688800394535064697265625">
        <ele>5</ele>
        <time>2025-02-18T22:56:40.000Z</time>
        <extensions>
          <ns3:TrackPointExtension/>
        </extensions>
      </trkpt>
      <trkpt lat="31.3985073566436767578125" lon="119.49195555411279201507568359375">
        <ele>5.400000095367431640625</ele>
        <time>2025-02-18T22:56:41.000Z</time>
        <extensions>
          <ns3:TrackPointExtension>
            <ns3:hr>136</ns3:hr>
          </ns3:TrackPointExtension>
        </extensions>
      </trkpt>
      <trkpt lat="31.3985045067965984344482421875" lon="119.49198438785970211029052734375">
        <ele>5.599999904632568359375</ele>
        <time>2025-02-18T22:56:42.000Z</time>
        <extensions>
          <ns3:TrackPointExtension/>
        </extensions>
      </trkpt>
      <trkpt lat="31.39850190840661525726318359375" lon="119.49201154522597789764404296875">
        <ele>5.80000019073486328125</ele>
        <time>2025-02-18T22:56:43.000Z</time>
        <extensions>
          <ns3:TrackPointExtension>
            <ns3:hr>136</ns3:hr>
          </ns3:TrackPointExtension>
        </extensions>
      </trkpt>
      <trkpt lat="31.39849939383566379547119140625" lon="119.4920372776687145233154296875">
        <ele>5.80000019073486328125</ele>
        <time>2025-02-18T22:56:44.000Z</time>
        <extensions>
          <ns3:TrackPointExtension/>
        </extensions>
      </trkpt>
      <trkpt lat="31.3984971307218074798583984375" lon="119.49206301011145114898681640625">
        <ele>6</ele>
        <time>2025-02-18T22:56:45.000Z</time>
        <extensions>
          <ns3:TrackPointExtension/>
        </extensions>
      </trkpt>
      <trkpt lat="31.398494951426982879638671875" lon="119.492089748382568359375">
        <ele>6</ele>
        <time>2025-02-18T22:56:46.000Z</time>
        <extensions>
          <ns3:TrackPointExtension/>
        </extensions>
      </trkpt>
      <trkpt lat="31.3984921015799045562744140625" lon="119.49211698956787586212158203125">
        <ele>6.19999980926513671875</ele>
        <time>2025-02-18T22:56:47.000Z</time>
        <extensions>
          <ns3:TrackPointExtension/>
        </extensions>
      </trkpt>
      <trkpt lat="31.39848791062831878662109375" lon="119.4921449013054370880126953125">
        <ele>6.19999980926513671875</ele>
        <time>2025-02-18T22:56:48.000Z</time>
        <extensions>
          <ns3:TrackPointExtension>
            <ns3:hr>137</ns3:hr>
          </ns3:TrackPointExtension>
        </extensions>
      </trkpt>
      <trkpt lat="31.39848346821963787078857421875" lon="119.49217365123331546783447265625">
        <ele>6.19999980926513671875</ele>
        <time>2025-02-18T22:56:49.000Z</time>
        <extensions>
          <ns3:TrackPointExtension/>
        </extensions>
      </trkpt>
      <trkpt lat="31.39847994782030582427978515625" lon="119.49220349080860614776611328125">
        <ele>6.400000095367431640625</ele>
        <time>2025-02-18T22:56:50.000Z</time>
        <extensions>
          <ns3:TrackPointExtension/>
        </extensions>
      </trkpt>
      <trkpt lat="31.39847793616354465484619140625" lon="119.49223400093615055084228515625">
        <ele>6.400000095367431640625</ele>
        <time>2025-02-18T22:56:51.000Z</time>
        <extensions>
          <ns3:TrackPointExtension/>
        </extensions>
      </trkpt>
      <trkpt lat="31.398476846516132354736328125" lon="119.4922639243304729461669921875">
        <ele>6.599999904632568359375</ele>
        <time>2025-02-18T22:56:52.000Z</time>
        <extensions>
          <ns3:TrackPointExtension/>
        </extensions>
      </trkpt>
      <trkpt lat="31.398475505411624908447265625" lon="119.49229267425835132598876953125">
        <ele>6.599999904632568359375</ele>
        <time>2025-02-18T22:56:53.000Z</time>
        <extensions>
          <ns3:TrackPointExtension/>
        </extensions>
      </trkpt>
      <trkpt lat="31.3984729908406734466552734375" lon="119.4923192448914051055908203125">
        <ele>6.80000019073486328125</ele>
        <time>2025-02-18T22:56:54.000Z</time>
        <extensions>
          <ns3:TrackPointExtension>
            <ns3:hr>137</ns3:hr>
          </ns3:TrackPointExtension>
        </extensions>
      </trkpt>
      <trkpt lat="31.39846871607005596160888671875" lon="119.49234447441995143890380859375">
        <ele>7</ele>
        <time>2025-02-18T22:56:55.000Z</time>
        <extensions>
          <ns3:TrackPointExtension/>
        </extensions>
      </trkpt>
      <trkpt lat="31.3984625972807407379150390625" lon="119.49236936867237091064453125">
        <ele>7</ele>
        <time>2025-02-18T22:56:56.000Z</time>
        <extensions>
          <ns3:TrackPointExtension/>
        </extensions>
      </trkpt>
      <trkpt lat="31.398456059396266937255859375" lon="119.4923950172960758209228515625">
        <ele>7.19999980926513671875</ele>
        <time>2025-02-18T22:56:57.000Z</time>
        <extensions>
          <ns3:TrackPointExtension/>
        </extensions>
      </trkpt>
      <trkpt lat="31.39845111407339572906494140625" lon="119.49242167174816131591796875">
        <ele>7.400000095367431640625</ele>
        <time>2025-02-18T22:56:58.000Z</time>
        <extensions>
          <ns3:TrackPointExtension/>
        </extensions>
      </trkpt>
      <trkpt lat="31.39844742603600025177001953125" lon="119.4924493320286273956298828125">
        <ele>7.599999904632568359375</ele>
        <time>2025-02-18T22:56:59.000Z</time>
        <extensions>
          <ns3:TrackPointExtension/>
        </extensions>
      </trkpt>
      <trkpt lat="31.39844357036054134368896484375" lon="119.492477662861347198486328125">
        <ele>7.80000019073486328125</ele>
        <time>2025-02-18T22:57:00.000Z</time>
        <extensions>
          <ns3:TrackPointExtension>
            <ns3:hr>139</ns3:hr>
          </ns3:TrackPointExtension>
        </extensions>
      </trkpt>
      <trkpt lat="31.3984387926757335662841796875" lon="119.4925068318843841552734375">
        <ele>7.80000019073486328125</ele>
        <time>2025-02-18T22:57:01.000Z</time>
        <extensions>
          <ns3:TrackPointExtension/>
        </extensions>
      </trkpt>
      <trkpt lat="31.39843367971479892730712890625" lon="119.49253709055483341217041015625">
        <ele>7.80000019073486328125</ele>
        <time>2025-02-18T22:57:02.000Z</time>
        <extensions>
          <ns3:TrackPointExtension/>
        </extensions>
      </trkpt>
      <trkpt lat="31.39842890202999114990234375" lon="119.492567516863346099853515625">
        <ele>8</ele>
        <time>2025-02-18T22:57:03.000Z</time>
        <extensions>
          <ns3:TrackPointExtension/>
        </extensions>
      </trkpt>
      <trkpt lat="31.3984257169067859649658203125" lon="119.4925975240767002105712890625">
        <ele>8</ele>
        <time>2025-02-18T22:57:04.000Z</time>
        <extensions>
          <ns3:TrackPointExtension/>
        </extensions>
      </trkpt>
      <trkpt lat="31.3984237052500247955322265625" lon="119.4926270283758640289306640625">
        <ele>7.80000019073486328125</ele>
        <time>2025-02-18T22:57:05.000Z</time>
        <extensions>
          <ns3:TrackPointExtension/>
        </extensions>
      </trkpt>
      <trkpt lat="31.39842160977423191070556640625" lon="119.49265636503696441650390625">
        <ele>7.80000019073486328125</ele>
        <time>2025-02-18T22:57:06.000Z</time>
        <extensions>
          <ns3:TrackPointExtension/>
        </extensions>
      </trkpt>
      <trkpt lat="31.3984190113842487335205078125" lon="119.49268511496484279632568359375">
        <ele>7.80000019073486328125</ele>
        <time>2025-02-18T22:57:07.000Z</time>
        <extensions>
          <ns3:TrackPointExtension>
            <ns3:hr>140</ns3:hr>
          </ns3:TrackPointExtension>
        </extensions>
      </trkpt>
      <trkpt lat="31.39841591008007526397705078125" lon="119.49271311052143573760986328125">
        <ele>7.80000019073486328125</ele>
        <time>2025-02-18T22:57:08.000Z</time>
        <extensions>
          <ns3:TrackPointExtension/>
        </extensions>
      </trkpt>
      <trkpt lat="31.398411802947521209716796875" lon="119.4927410222589969635009765625">
        <ele>7.80000019073486328125</ele>
        <time>2025-02-18T22:57:09.000Z</time>
        <extensions>
          <ns3:TrackPointExtension>
            <ns3:hr>140</ns3:hr>
          </ns3:TrackPointExtension>
        </extensions>
      </trkpt>
      <trkpt lat="31.39840736053884029388427734375" lon="119.49276859872043132781982421875">
        <ele>8.19999980926513671875</ele>
        <time>2025-02-18T22:57:10.000Z</time>
        <extensions>
          <ns3:TrackPointExtension/>
        </extensions>
      </trkpt>
      <trkpt lat="31.3984040915966033935546875" lon="119.49279542081058025360107421875">
        <ele>8.3999996185302734375</ele>
        <time>2025-02-18T22:57:11.000Z</time>
        <extensions>
          <ns3:TrackPointExtension/>
        </extensions>
      </trkpt>
      <trkpt lat="31.39840249903500080108642578125" lon="119.49282140471041202545166015625">
        <ele>8.6000003814697265625</ele>
        <time>2025-02-18T22:57:12.000Z</time>
        <extensions>
          <ns3:TrackPointExtension/>
        </extensions>
      </trkpt>
      <trkpt lat="31.39840216375887393951416015625" lon="119.49284705333411693572998046875">
        <ele>9</ele>
        <time>2025-02-18T22:57:13.000Z</time>
        <extensions>
          <ns3:TrackPointExtension/>
        </extensions>
      </trkpt>
      <trkpt lat="31.3984022475779056549072265625" lon="119.49287253431975841522216796875">
        <ele>9</ele>
        <time>2025-02-18T22:57:14.000Z</time>
        <extensions>
          <ns3:TrackPointExtension>
            <ns3:hr>141</ns3:hr>
          </ns3:TrackPointExtension>
        </extensions>
      </trkpt>
      <trkpt lat="31.39840216375887393951416015625" lon="119.49289835058152675628662109375">
        <ele>9</ele>
        <time>2025-02-18T22:57:15.000Z</time>
        <extensions>
          <ns3:TrackPointExtension/>
        </extensions>
      </trkpt>
      <trkpt lat="31.39840166084468364715576171875" lon="119.492924250662326812744140625">
        <ele>9</ele>
        <time>2025-02-18T22:57:16.000Z</time>
        <extensions>
          <ns3:TrackPointExtension/>
        </extensions>
      </trkpt>
      <trkpt lat="31.3984005711972713470458984375" lon="119.49295165948569774627685546875">
        <ele>9</ele>
        <time>2025-02-18T22:57:17.000Z</time>
        <extensions>
          <ns3:TrackPointExtension/>
        </extensions>
      </trkpt>
      <trkpt lat="31.3983992300927639007568359375" lon="119.49298066087067127227783203125">
        <ele>9</ele>
        <time>2025-02-18T22:57:18.000Z</time>
        <extensions>
          <ns3:TrackPointExtension/>
        </extensions>
      </trkpt>
      <trkpt lat="31.39839814044535160064697265625" lon="119.49300915934145450592041015625">
        <ele>9</ele>
        <time>2025-02-18T22:57:19.000Z</time>
        <extensions>
          <ns3:TrackPointExtension/>
        </extensions>
      </trkpt>
      <trkpt lat="31.39839730225503444671630859375" lon="119.49303547851741313934326171875">
        <ele>9</ele>
        <time>2025-02-18T22:57:20.000Z</time>
        <extensions>
          <ns3:TrackPointExtension>
            <ns3:hr>141</ns3:hr>
          </ns3:TrackPointExtension>
        </extensions>
      </trkpt>
      <trkpt lat="31.39839663170278072357177734375" lon="119.49305995367467403411865234375">
        <ele>9</ele>
        <time>2025-02-18T22:57:21.000Z</time>
        <extensions>
          <ns3:TrackPointExtension/>
        </extensions>
      </trkpt>
      <trkpt lat="31.39839562587440013885498046875" lon="119.49308543466031551361083984375">
        <ele>9</ele>
        <time>2025-02-18T22:57:22.000Z</time>
        <extensions>
          <ns3:TrackPointExtension/>
        </extensions>
      </trkpt>
      <trkpt lat="31.39839411713182926177978515625" lon="119.4931125082075595855712890625">
        <ele>9</ele>
        <time>2025-02-18T22:57:23.000Z</time>
        <extensions>
          <ns3:TrackPointExtension/>
        </extensions>
      </trkpt>
      <trkpt lat="31.39839193783700466156005859375" lon="119.4931398332118988037109375">
        <ele>9</ele>
        <time>2025-02-18T22:57:24.000Z</time>
        <extensions>
          <ns3:TrackPointExtension/>
        </extensions>
      </trkpt>
      <trkpt lat="31.3983888365328311920166015625" lon="119.49316724203526973724365234375">
        <ele>8.80000019073486328125</ele>
        <time>2025-02-18T22:57:25.000Z</time>
        <extensions>
          <ns3:TrackPointExtension/>
        </extensions>
      </trkpt>
      <trkpt lat="31.39838489703834056854248046875" lon="119.49319607578217983245849609375">
        <ele>8.80000019073486328125</ele>
        <time>2025-02-18T22:57:26.000Z</time>
        <extensions>
          <ns3:TrackPointExtension/>
        </extensions>
      </trkpt>
      <trkpt lat="31.39838062226772308349609375" lon="119.49322608299553394317626953125">
        <ele>8.6000003814697265625</ele>
        <time>2025-02-18T22:57:27.000Z</time>
        <extensions>
          <ns3:TrackPointExtension>
            <ns3:hr>141</ns3:hr>
          </ns3:TrackPointExtension>
        </extensions>
      </trkpt>
      <trkpt lat="31.39837668277323246002197265625" lon="119.49325625784695148468017578125">
        <ele>8.6000003814697265625</ele>
        <time>2025-02-18T22:57:28.000Z</time>
        <extensions>
          <ns3:TrackPointExtension/>
        </extensions>
      </trkpt>
      <trkpt lat="31.3983734138309955596923828125" lon="119.4932855106890201568603515625">
        <ele>8.3999996185302734375</ele>
        <time>2025-02-18T22:57:29.000Z</time>
        <extensions>
          <ns3:TrackPointExtension/>
        </extensions>
      </trkpt>
      <trkpt lat="31.39837081544101238250732421875" lon="119.49331350624561309814453125">
        <ele>8.3999996185302734375</ele>
        <time>2025-02-18T22:57:30.000Z</time>
        <extensions>
          <ns3:TrackPointExtension/>
        </extensions>
      </trkpt>
      <trkpt lat="31.398368217051029205322265625" lon="119.4933409988880157470703125">
        <ele>8.19999980926513671875</ele>
        <time>2025-02-18T22:57:31.000Z</time>
        <extensions>
          <ns3:TrackPointExtension>
            <ns3:hr>140</ns3:hr>
          </ns3:TrackPointExtension>
        </extensions>
      </trkpt>
      <trkpt lat="31.39836494810879230499267578125" lon="119.49336824007332324981689453125">
        <ele>8.19999980926513671875</ele>
        <time>2025-02-18T22:57:32.000Z</time>
        <extensions>
          <ns3:TrackPointExtension/>
        </extensions>
      </trkpt>
      <trkpt lat="31.39836092479526996612548828125" lon="119.493394978344440460205078125">
        <ele>8</ele>
        <time>2025-02-18T22:57:33.000Z</time>
        <extensions>
          <ns3:TrackPointExtension/>
        </extensions>
      </trkpt>
      <trkpt lat="31.3983563147485256195068359375" lon="119.493421129882335662841796875">
        <ele>8</ele>
        <time>2025-02-18T22:57:34.000Z</time>
        <extensions>
          <ns3:TrackPointExtension/>
        </extensions>
      </trkpt>
      <trkpt lat="31.39835153706371784210205078125" lon="119.4934477843344211578369140625">
        <ele>7.80000019073486328125</ele>
        <time>2025-02-18T22:57:35.000Z</time>
        <extensions>
          <ns3:TrackPointExtension/>
        </extensions>
      </trkpt>
      <trkpt lat="31.39834709465503692626953125" lon="119.49347485788166522979736328125">
        <ele>7.80000019073486328125</ele>
        <time>2025-02-18T22:57:36.000Z</time>
        <extensions>
          <ns3:TrackPointExtension/>
        </extensions>
      </trkpt>
      <trkpt lat="31.39834298752248287200927734375" lon="119.4935027696192264556884765625">
        <ele>7.599999904632568359375</ele>
        <time>2025-02-18T22:57:37.000Z</time>
        <extensions>
          <ns3:TrackPointExtension>
            <ns3:hr>139</ns3:hr>
          </ns3:TrackPointExtension>
        </extensions>
      </trkpt>
      <trkpt lat="31.398338712751865386962890625" lon="119.49353151954710483551025390625">
        <ele>7.599999904632568359375</ele>
        <time>2025-02-18T22:57:38.000Z</time>
        <extensions>
          <ns3:TrackPointExtension/>
        </extensions>
      </trkpt>
      <trkpt lat="31.3983338512480258941650390625" lon="119.49356085620820522308349609375">
        <ele>7.80000019073486328125</ele>
        <time>2025-02-18T22:57:39.000Z</time>
        <extensions>
          <ns3:TrackPointExtension>
            <ns3:hr>140</ns3:hr>
          </ns3:TrackPointExtension>
        </extensions>
      </trkpt>
      <trkpt lat="31.398328654468059539794921875" lon="119.49358868412673473358154296875">
        <ele>7.80000019073486328125</ele>
        <time>2025-02-18T22:57:40.000Z</time>
        <extensions>
          <ns3:TrackPointExtension/>
        </extensions>
      </trkpt>
      <trkpt lat="31.39832337386906147003173828125" lon="119.4936144165694713592529296875">
        <ele>7.80000019073486328125</ele>
        <time>2025-02-18T22:57:41.000Z</time>
        <extensions>
          <ns3:TrackPointExtension/>
        </extensions>
      </trkpt>
      <trkpt lat="31.39831800945103168487548828125" lon="119.49363981373608112335205078125">
        <ele>7.80000019073486328125</ele>
        <time>2025-02-18T22:57:42.000Z</time>
        <extensions>
          <ns3:TrackPointExtension/>
        </extensions>
      </trkpt>
      <trkpt lat="31.3983123935759067535400390625" lon="119.49366579763591289520263671875">
        <ele>7.80000019073486328125</ele>
        <time>2025-02-18T22:57:43.000Z</time>
        <extensions>
          <ns3:TrackPointExtension/>
        </extensions>
      </trkpt>
      <trkpt lat="31.39830644242465496063232421875" lon="119.49369228444993495941162109375">
        <ele>7.80000019073486328125</ele>
        <time>2025-02-18T22:57:44.000Z</time>
        <extensions>
          <ns3:TrackPointExtension/>
        </extensions>
      </trkpt>
      <trkpt lat="31.39829990454018115997314453125" lon="119.49371877126395702362060546875">
        <ele>7.80000019073486328125</ele>
        <time>2025-02-18T22:57:45.000Z</time>
        <extensions>
          <ns3:TrackPointExtension>
            <ns3:hr>140</ns3:hr>
          </ns3:TrackPointExtension>
        </extensions>
      </trkpt>
      <trkpt lat="31.39829269610345363616943359375" lon="119.49374542571604251861572265625">
        <ele>7.80000019073486328125</ele>
        <time>2025-02-18T22:57:46.000Z</time>
        <extensions>
          <ns3:TrackPointExtension/>
        </extensions>
      </trkpt>
      <trkpt lat="31.39828540384769439697265625" lon="119.49377174489200115203857421875">
        <ele>7.599999904632568359375</ele>
        <time>2025-02-18T22:57:47.000Z</time>
        <extensions>
          <ns3:TrackPointExtension/>
        </extensions>
      </trkpt>
      <trkpt lat="31.39827894978225231170654296875" lon="119.4937981478869915008544921875">
        <ele>7.400000095367431640625</ele>
        <time>2025-02-18T22:57:48.000Z</time>
        <extensions>
          <ns3:TrackPointExtension/>
        </extensions>
      </trkpt>
      <trkpt lat="31.39827375300228595733642578125" lon="119.49382538907229900360107421875">
        <ele>7</ele>
        <time>2025-02-18T22:57:49.000Z</time>
        <extensions>
          <ns3:TrackPointExtension/>
        </extensions>
      </trkpt>
      <trkpt lat="31.39826922677457332611083984375" lon="119.49385388754308223724365234375">
        <ele>6.80000019073486328125</ele>
        <time>2025-02-18T22:57:50.000Z</time>
        <extensions>
          <ns3:TrackPointExtension>
            <ns3:hr>141</ns3:hr>
          </ns3:TrackPointExtension>
        </extensions>
      </trkpt>
      <trkpt lat="31.39826402999460697174072265625" lon="119.493883810937404632568359375">
        <ele>6.599999904632568359375</ele>
        <time>2025-02-18T22:57:51.000Z</time>
        <extensions>
          <ns3:TrackPointExtension/>
        </extensions>
      </trkpt>
      <trkpt lat="31.3982577435672283172607421875" lon="119.49391406960785388946533203125">
        <ele>6.400000095367431640625</ele>
        <time>2025-02-18T22:57:52.000Z</time>
        <extensions>
          <ns3:TrackPointExtension/>
        </extensions>
      </trkpt>
      <trkpt lat="31.3982510380446910858154296875" lon="119.49394340626895427703857421875">
        <ele>6.19999980926513671875</ele>
        <time>2025-02-18T22:57:53.000Z</time>
        <extensions>
          <ns3:TrackPointExtension/>
        </extensions>
      </trkpt>
      <trkpt lat="31.3982443325221538543701171875" lon="119.49397106654942035675048828125">
        <ele>6</ele>
        <time>2025-02-18T22:57:54.000Z</time>
        <extensions>
          <ns3:TrackPointExtension/>
        </extensions>
      </trkpt>
      <trkpt lat="31.39823687262833118438720703125" lon="119.4939979724586009979248046875">
        <ele>6</ele>
        <time>2025-02-18T22:57:55.000Z</time>
        <extensions>
          <ns3:TrackPointExtension/>
        </extensions>
      </trkpt>
      <trkpt lat="31.39822773635387420654296875" lon="119.4940254651010036468505859375">
        <ele>5.80000019073486328125</ele>
        <time>2025-02-18T22:57:56.000Z</time>
        <extensions>
          <ns3:TrackPointExtension/>
        </extensions>
      </trkpt>
      <trkpt lat="31.3982168398797512054443359375" lon="119.49405438266694545745849609375">
        <ele>5.80000019073486328125</ele>
        <time>2025-02-18T22:57:57.000Z</time>
        <extensions>
          <ns3:TrackPointExtension>
            <ns3:hr>142</ns3:hr>
          </ns3:TrackPointExtension>
        </extensions>
      </trkpt>
      <trkpt lat="31.39820518903434276580810546875" lon="119.4940838031470775604248046875">
        <ele>5.80000019073486328125</ele>
        <time>2025-02-18T22:57:58.000Z</time>
        <extensions>
          <ns3:TrackPointExtension/>
        </extensions>
      </trkpt>
      <trkpt lat="31.3981933705508708953857421875" lon="119.4941136427223682403564453125">
        <ele>5.599999904632568359375</ele>
        <time>2025-02-18T22:57:59.000Z</time>
        <extensions>
          <ns3:TrackPointExtension/>
        </extensions>
      </trkpt>
      <trkpt lat="31.3981814682483673095703125" lon="119.4941428117454051971435546875">
        <ele>5.599999904632568359375</ele>
        <time>2025-02-18T22:58:00.000Z</time>
        <extensions>
          <ns3:TrackPointExtension>
            <ns3:hr>142</ns3:hr>
          </ns3:TrackPointExtension>
        </extensions>
      </trkpt>
      <trkpt lat="31.398169063031673431396484375" lon="119.49417055584490299224853515625">
        <ele>5.599999904632568359375</ele>
        <time>2025-02-18T22:58:01.000Z</time>
        <extensions>
          <ns3:TrackPointExtension/>
        </extensions>
      </trkpt>
      <trkpt lat="31.398155651986598968505859375" lon="119.4941967912018299102783203125">
        <ele>5.400000095367431640625</ele>
        <time>2025-02-18T22:58:02.000Z</time>
        <extensions>
          <ns3:TrackPointExtension/>
        </extensions>
      </trkpt>
      <trkpt lat="31.3981412351131439208984375" lon="119.4942216016352176666259765625">
        <ele>5.19999980926513671875</ele>
        <time>2025-02-18T22:58:03.000Z</time>
        <extensions>
          <ns3:TrackPointExtension>
            <ns3:hr>142</ns3:hr>
          </ns3:TrackPointExtension>
        </extensions>
      </trkpt>
      <trkpt lat="31.3981249742209911346435546875" lon="119.4942450709640979766845703125">
        <ele>5</ele>
        <time>2025-02-18T22:58:04.000Z</time>
        <extensions>
          <ns3:TrackPointExtension/>
        </extensions>
      </trkpt>
      <trkpt lat="31.39810628257691860198974609375" lon="119.49426569044589996337890625">
        <ele>5</ele>
        <time>2025-02-18T22:58:05.000Z</time>
        <extensions>
          <ns3:TrackPointExtension/>
        </extensions>
      </trkpt>
      <trkpt lat="31.39808499254286289215087890625" lon="119.4942824542522430419921875">
        <ele>5</ele>
        <time>2025-02-18T22:58:06.000Z</time>
        <extensions>
          <ns3:TrackPointExtension/>
        </extensions>
      </trkpt>
      <trkpt lat="31.39806152321398258209228515625" lon="119.49429527856409549713134765625">
        <ele>5</ele>
        <time>2025-02-18T22:58:07.000Z</time>
        <extensions>
          <ns3:TrackPointExtension/>
        </extensions>
      </trkpt>
      <trkpt lat="31.3980364613234996795654296875" lon="119.4943047501146793365478515625">
        <ele>5</ele>
        <time>2025-02-18T22:58:08.000Z</time>
        <extensions>
          <ns3:TrackPointExtension/>
        </extensions>
      </trkpt>
      <trkpt lat="31.39801106415688991546630859375" lon="119.4943124614655971527099609375">
        <ele>5.19999980926513671875</ele>
        <time>2025-02-18T22:58:09.000Z</time>
        <extensions>
          <ns3:TrackPointExtension/>
        </extensions>
      </trkpt>
      <trkpt lat="31.39798675663769245147705078125" lon="119.4943188317120075225830078125">
        <ele>5.19999980926513671875</ele>
        <time>2025-02-18T22:58:10.000Z</time>
        <extensions>
          <ns3:TrackPointExtension>
            <ns3:hr>143</ns3:hr>
          </ns3:TrackPointExtension>
        </extensions>
      </trkpt>
      <trkpt lat="31.397963203489780426025390625" lon="119.49432427994906902313232421875">
        <ele>5.400000095367431640625</ele>
        <time>2025-02-18T22:58:11.000Z</time>
        <extensions>
          <ns3:TrackPointExtension/>
        </extensions>
      </trkpt>
      <trkpt lat="31.39794032089412212371826171875" lon="119.494329728186130523681640625">
        <ele>5.599999904632568359375</ele>
        <time>2025-02-18T22:58:12.000Z</time>
        <extensions>
          <ns3:TrackPointExtension/>
        </extensions>
      </trkpt>
      <trkpt lat="31.3979177735745906829833984375" lon="119.4943342544138431549072265625">
        <ele>6</ele>
        <time>2025-02-18T22:58:13.000Z</time>
        <extensions>
          <ns3:TrackPointExtension>
            <ns3:hr>141</ns3:hr>
          </ns3:TrackPointExtension>
        </extensions>
      </trkpt>
      <trkpt lat="31.397895477712154388427734375" lon="119.494337774813175201416015625">
        <ele>6.19999980926513671875</ele>
        <time>2025-02-18T22:58:14.000Z</time>
        <extensions>
          <ns3:TrackPointExtension/>
        </extensions>
      </trkpt>
      <trkpt lat="31.3978730142116546630859375" lon="119.494340121746063232421875">
        <ele>6.400000095367431640625</ele>
        <time>2025-02-18T22:58:15.000Z</time>
        <extensions>
          <ns3:TrackPointExtension/>
        </extensions>
      </trkpt>
      <trkpt lat="31.397850215435028076171875" lon="119.49434221722185611724853515625">
        <ele>6.599999904632568359375</ele>
        <time>2025-02-18T22:58:16.000Z</time>
        <extensions>
          <ns3:TrackPointExtension/>
        </extensions>
      </trkpt>
      <trkpt lat="31.3978265784680843353271484375" lon="119.4943463243544101715087890625">
        <ele>7</ele>
        <time>2025-02-18T22:58:17.000Z</time>
        <extensions>
          <ns3:TrackPointExtension/>
        </extensions>
      </trkpt>
      <trkpt lat="31.3978017680346965789794921875" lon="119.49435344897210597991943359375">
        <ele>7.19999980926513671875</ele>
        <time>2025-02-18T22:58:18.000Z</time>
        <extensions>
          <ns3:TrackPointExtension/>
        </extensions>
      </trkpt>
      <trkpt lat="31.39777720905840396881103515625" lon="119.494361579418182373046875">
        <ele>7.400000095367431640625</ele>
        <time>2025-02-18T22:58:19.000Z</time>
        <extensions>
          <ns3:TrackPointExtension/>
        </extensions>
      </trkpt>
      <trkpt lat="31.3977528177201747894287109375" lon="119.49436887167394161224365234375">
        <ele>7.599999904632568359375</ele>
        <time>2025-02-18T22:58:20.000Z</time>
        <extensions>
          <ns3:TrackPointExtension/>
        </extensions>
      </trkpt>
      <trkpt lat="31.39772876165807247161865234375" lon="119.49437524192035198211669921875">
        <ele>7.80000019073486328125</ele>
        <time>2025-02-18T22:58:21.000Z</time>
        <extensions>
          <ns3:TrackPointExtension/>
        </extensions>
      </trkpt>
      <trkpt lat="31.39770529232919216156005859375" lon="119.49438027106225490570068359375">
        <ele>8</ele>
        <time>2025-02-18T22:58:22.000Z</time>
        <extensions>
          <ns3:TrackPointExtension>
            <ns3:hr>143</ns3:hr>
          </ns3:TrackPointExtension>
        </extensions>
      </trkpt>
      <trkpt lat="31.39768199063837528228759765625" lon="119.4943845458328723907470703125">
        <ele>8.19999980926513671875</ele>
        <time>2025-02-18T22:58:23.000Z</time>
        <extensions>
          <ns3:TrackPointExtension/>
        </extensions>
      </trkpt>
      <trkpt lat="31.3976592756807804107666015625" lon="119.49438949115574359893798828125">
        <ele>8.19999980926513671875</ele>
        <time>2025-02-18T22:58:24.000Z</time>
        <extensions>
          <ns3:TrackPointExtension>
            <ns3:hr>145</ns3:hr>
          </ns3:TrackPointExtension>
        </extensions>
      </trkpt>
      <trkpt lat="31.3976369798183441162109375" lon="119.49439552612602710723876953125">
        <ele>8.3999996185302734375</ele>
        <time>2025-02-18T22:58:25.000Z</time>
        <extensions>
          <ns3:TrackPointExtension/>
        </extensions>
      </trkpt>
      <trkpt lat="31.39761510305106639862060546875" lon="119.49440256692469120025634765625">
        <ele>8.6000003814697265625</ele>
        <time>2025-02-18T22:58:26.000Z</time>
        <extensions>
          <ns3:TrackPointExtension/>
        </extensions>
      </trkpt>
      <trkpt lat="31.39759314246475696563720703125" lon="119.4944100268185138702392578125">
        <ele>8.80000019073486328125</ele>
        <time>2025-02-18T22:58:27.000Z</time>
        <extensions>
          <ns3:TrackPointExtension/>
        </extensions>
      </trkpt>
      <trkpt lat="31.39757084660232067108154296875" lon="119.49441748671233654022216796875">
        <ele>8.80000019073486328125</ele>
        <time>2025-02-18T22:58:28.000Z</time>
        <extensions>
          <ns3:TrackPointExtension/>
        </extensions>
      </trkpt>
      <trkpt lat="31.39754771254956722259521484375" lon="119.49442419223487377166748046875">
        <ele>8.80000019073486328125</ele>
        <time>2025-02-18T22:58:29.000Z</time>
        <extensions>
          <ns3:TrackPointExtension>
            <ns3:hr>145</ns3:hr>
          </ns3:TrackPointExtension>
        </extensions>
      </trkpt>
      <trkpt lat="31.39752407558262348175048828125" lon="119.4944301433861255645751953125">
        <ele>8.6000003814697265625</ele>
        <time>2025-02-18T22:58:30.000Z</time>
        <extensions>
          <ns3:TrackPointExtension/>
        </extensions>
      </trkpt>
      <trkpt lat="31.39750161208212375640869140625" lon="119.49443601071834564208984375">
        <ele>8.6000003814697265625</ele>
        <time>2025-02-18T22:58:31.000Z</time>
        <extensions>
          <ns3:TrackPointExtension/>
        </extensions>
      </trkpt>
      <trkpt lat="31.3974795676767826080322265625" lon="119.494442380964756011962890625">
        <ele>8.6000003814697265625</ele>
        <time>2025-02-18T22:58:32.000Z</time>
        <extensions>
          <ns3:TrackPointExtension/>
        </extensions>
      </trkpt>
      <trkpt lat="31.3974574394524097442626953125" lon="119.49445017613470554351806640625">
        <ele>8.6000003814697265625</ele>
        <time>2025-02-18T22:58:33.000Z</time>
        <extensions>
          <ns3:TrackPointExtension/>
        </extensions>
      </trkpt>
      <trkpt lat="31.39743489213287830352783203125" lon="119.49445989914238452911376953125">
        <ele>8.3999996185302734375</ele>
        <time>2025-02-18T22:58:34.000Z</time>
        <extensions>
          <ns3:TrackPointExtension/>
        </extensions>
      </trkpt>
      <trkpt lat="31.3974115066230297088623046875" lon="119.49447029270231723785400390625">
        <ele>8.3999996185302734375</ele>
        <time>2025-02-18T22:58:35.000Z</time>
        <extensions>
          <ns3:TrackPointExtension/>
        </extensions>
      </trkpt>
      <trkpt lat="31.39738627709448337554931640625" lon="119.4944800995290279388427734375">
        <ele>8.3999996185302734375</ele>
        <time>2025-02-18T22:58:36.000Z</time>
        <extensions>
          <ns3:TrackPointExtension/>
        </extensions>
      </trkpt>
      <trkpt lat="31.39735979028046131134033203125" lon="119.49448906816542148590087890625">
        <ele>8.19999980926513671875</ele>
        <time>2025-02-18T22:58:37.000Z</time>
        <extensions>
          <ns3:TrackPointExtension>
            <ns3:hr>143</ns3:hr>
          </ns3:TrackPointExtension>
        </extensions>
      </trkpt>
      <trkpt lat="31.39733430929481983184814453125" lon="119.49449661187827587127685546875">
        <ele>8</ele>
        <time>2025-02-18T22:58:38.000Z</time>
        <extensions>
          <ns3:TrackPointExtension>
            <ns3:hr>143</ns3:hr>
          </ns3:TrackPointExtension>
        </extensions>
      </trkpt>
      <trkpt lat="31.39730966649949550628662109375" lon="119.494502730667591094970703125">
        <ele>7.80000019073486328125</ele>
        <time>2025-02-18T22:58:39.000Z</time>
        <extensions>
          <ns3:TrackPointExtension/>
        </extensions>
      </trkpt>
      <trkpt lat="31.3972856104373931884765625" lon="119.4945096038281917572021484375">
        <ele>7.599999904632568359375</ele>
        <time>2025-02-18T22:58:40.000Z</time>
        <extensions>
          <ns3:TrackPointExtension/>
        </extensions>
      </trkpt>
      <trkpt lat="31.39726205728948116302490234375" lon="119.4945179857313632965087890625">
        <ele>7.599999904632568359375</ele>
        <time>2025-02-18T22:58:41.000Z</time>
        <extensions>
          <ns3:TrackPointExtension/>
        </extensions>
      </trkpt>
      <trkpt lat="31.39723842032253742218017578125" lon="119.49452712200582027435302734375">
        <ele>7.400000095367431640625</ele>
        <time>2025-02-18T22:58:42.000Z</time>
        <extensions>
          <ns3:TrackPointExtension/>
        </extensions>
      </trkpt>
      <trkpt lat="31.39721428044140338897705078125" lon="119.4945367611944675445556640625">
        <ele>7.19999980926513671875</ele>
        <time>2025-02-18T22:58:43.000Z</time>
        <extensions>
          <ns3:TrackPointExtension/>
        </extensions>
      </trkpt>
      <trkpt lat="31.3971898891031742095947265625" lon="119.494546987116336822509765625">
        <ele>7</ele>
        <time>2025-02-18T22:58:44.000Z</time>
        <extensions>
          <ns3:TrackPointExtension/>
        </extensions>
      </trkpt>
      <trkpt lat="31.3971654139459133148193359375" lon="119.4945565424859523773193359375">
        <ele>6.80000019073486328125</ele>
        <time>2025-02-18T22:58:45.000Z</time>
        <extensions>
          <ns3:TrackPointExtension>
            <ns3:hr>144</ns3:hr>
          </ns3:TrackPointExtension>
        </extensions>
      </trkpt>
      <trkpt lat="31.39714018441736698150634765625" lon="119.49456433765590190887451171875">
        <ele>6.599999904632568359375</ele>
        <time>2025-02-18T22:58:46.000Z</time>
        <extensions>
          <ns3:TrackPointExtension/>
        </extensions>
      </trkpt>
      <trkpt lat="31.39711470343172550201416015625" lon="119.49457121081650257110595703125">
        <ele>6.599999904632568359375</ele>
        <time>2025-02-18T22:58:47.000Z</time>
        <extensions>
          <ns3:TrackPointExtension/>
        </extensions>
      </trkpt>
      <trkpt lat="31.39708955772221088409423828125" lon="119.494577161967754364013671875">
        <ele>6.599999904632568359375</ele>
        <time>2025-02-18T22:58:48.000Z</time>
        <extensions>
          <ns3:TrackPointExtension/>
        </extensions>
      </trkpt>
      <trkpt lat="31.39706499874591827392578125" lon="119.4945830292999744415283203125">
        <ele>6.599999904632568359375</ele>
        <time>2025-02-18T22:58:49.000Z</time>
        <extensions>
          <ns3:TrackPointExtension/>
        </extensions>
      </trkpt>
      <trkpt lat="31.3970415294170379638671875" lon="119.494589902460575103759765625">
        <ele>6.599999904632568359375</ele>
        <time>2025-02-18T22:58:50.000Z</time>
        <extensions>
          <ns3:TrackPointExtension/>
        </extensions>
      </trkpt>
      <trkpt lat="31.39701864682137966156005859375" lon="119.4945981167256832122802734375">
        <ele>6.599999904632568359375</ele>
        <time>2025-02-18T22:58:51.000Z</time>
        <extensions>
          <ns3:TrackPointExtension>
            <ns3:hr>144</ns3:hr>
          </ns3:TrackPointExtension>
        </extensions>
      </trkpt>
      <trkpt lat="31.39699584804475307464599609375" lon="119.4946070015430450439453125">
        <ele>6.599999904632568359375</ele>
        <time>2025-02-18T22:58:52.000Z</time>
        <extensions>
          <ns3:TrackPointExtension/>
        </extensions>
      </trkpt>
      <trkpt lat="31.39697237871587276458740234375" lon="119.49461437761783599853515625">
        <ele>6.599999904632568359375</ele>
        <time>2025-02-18T22:58:53.000Z</time>
        <extensions>
          <ns3:TrackPointExtension>
            <ns3:hr>144</ns3:hr>
          </ns3:TrackPointExtension>
        </extensions>
      </trkpt>
      <trkpt lat="31.396947987377643585205078125" lon="119.49462032876908779144287109375">
        <ele>6.599999904632568359375</ele>
        <time>2025-02-18T22:58:54.000Z</time>
        <extensions>
          <ns3:TrackPointExtension/>
        </extensions>
      </trkpt>
      <trkpt lat="31.39692342840135097503662109375" lon="119.49462519027292728424072265625">
        <ele>6.80000019073486328125</ele>
        <time>2025-02-18T22:58:55.000Z</time>
        <extensions>
          <ns3:TrackPointExtension/>
        </extensions>
      </trkpt>
      <trkpt lat="31.3968995399773120880126953125" lon="119.49462971650063991546630859375">
        <ele>6.80000019073486328125</ele>
        <time>2025-02-18T22:58:56.000Z</time>
        <extensions>
          <ns3:TrackPointExtension/>
        </extensions>
      </trkpt>
      <trkpt lat="31.39687590301036834716796875" lon="119.494634829461574554443359375">
        <ele>6.80000019073486328125</ele>
        <time>2025-02-18T22:58:57.000Z</time>
        <extensions>
          <ns3:TrackPointExtension/>
        </extensions>
      </trkpt>
      <trkpt lat="31.39685218222439289093017578125" lon="119.4946403615176677703857421875">
        <ele>6.80000019073486328125</ele>
        <time>2025-02-18T22:58:58.000Z</time>
        <extensions>
          <ns3:TrackPointExtension/>
        </extensions>
      </trkpt>
      <trkpt lat="31.39682871289551258087158203125" lon="119.494646228849887847900390625">
        <ele>6.80000019073486328125</ele>
        <time>2025-02-18T22:58:59.000Z</time>
        <extensions>
          <ns3:TrackPointExtension/>
        </extensions>
      </trkpt>
      <trkpt lat="31.3968056626617908477783203125" lon="119.49465083889663219451904296875">
        <ele>6.599999904632568359375</ele>
        <time>2025-02-18T22:59:00.000Z</time>
        <extensions>
          <ns3:TrackPointExtension>
            <ns3:hr>145</ns3:hr>
          </ns3:TrackPointExtension>
        </extensions>
      </trkpt>
      <trkpt lat="31.39678202569484710693359375" lon="119.4946544431149959564208984375">
        <ele>6.599999904632568359375</ele>
        <time>2025-02-18T22:59:01.000Z</time>
        <extensions>
          <ns3:TrackPointExtension/>
        </extensions>
      </trkpt>
      <trkpt lat="31.3967580534517765045166015625" lon="119.49465871788561344146728515625">
        <ele>6.599999904632568359375</ele>
        <time>2025-02-18T22:59:02.000Z</time>
        <extensions>
          <ns3:TrackPointExtension/>
        </extensions>
      </trkpt>
      <trkpt lat="31.3967335782945156097412109375" lon="119.49466525577008724212646484375">
        <ele>6.599999904632568359375</ele>
        <time>2025-02-18T22:59:03.000Z</time>
        <extensions>
          <ns3:TrackPointExtension/>
        </extensions>
      </trkpt>
      <trkpt lat="31.3967087678611278533935546875" lon="119.49467447586357593536376953125">
        <ele>6.599999904632568359375</ele>
        <time>2025-02-18T22:59:04.000Z</time>
        <extensions>
          <ns3:TrackPointExtension/>
        </extensions>
      </trkpt>
      <trkpt lat="31.39668420888483524322509765625" lon="119.494683444499969482421875">
        <ele>7</ele>
        <time>2025-02-18T22:59:05.000Z</time>
        <extensions>
          <ns3:TrackPointExtension/>
        </extensions>
      </trkpt>
      <trkpt lat="31.39665906317532062530517578125" lon="119.49469040147960186004638671875">
        <ele>7.19999980926513671875</ele>
        <time>2025-02-18T22:59:06.000Z</time>
        <extensions>
          <ns3:TrackPointExtension>
            <ns3:hr>145</ns3:hr>
          </ns3:TrackPointExtension>
        </extensions>
      </trkpt>
      <trkpt lat="31.39663341455161571502685546875" lon="119.4946956820785999298095703125">
        <ele>7.599999904632568359375</ele>
        <time>2025-02-18T22:59:07.000Z</time>
        <extensions>
          <ns3:TrackPointExtension/>
        </extensions>
      </trkpt>
      <trkpt lat="31.396608017385005950927734375" lon="119.49470045976340770721435546875">
        <ele>7.80000019073486328125</ele>
        <time>2025-02-18T22:59:08.000Z</time>
        <extensions>
          <ns3:TrackPointExtension/>
        </extensions>
      </trkpt>
      <trkpt lat="31.39658295549452304840087890625" lon="119.494705908000469207763671875">
        <ele>8</ele>
        <time>2025-02-18T22:59:09.000Z</time>
        <extensions>
          <ns3:TrackPointExtension/>
        </extensions>
      </trkpt>
      <trkpt lat="31.3965585641562938690185546875" lon="119.49471185915172100067138671875">
        <ele>7.80000019073486328125</ele>
        <time>2025-02-18T22:59:10.000Z</time>
        <extensions>
          <ns3:TrackPointExtension/>
        </extensions>
      </trkpt>
      <trkpt lat="31.396534256637096405029296875" lon="119.494717977941036224365234375">
        <ele>7.80000019073486328125</ele>
        <time>2025-02-18T22:59:11.000Z</time>
        <extensions>
          <ns3:TrackPointExtension/>
        </extensions>
      </trkpt>
      <trkpt lat="31.3965102843940258026123046875" lon="119.49472426436841487884521484375">
        <ele>7.80000019073486328125</ele>
        <time>2025-02-18T22:59:12.000Z</time>
        <extensions>
          <ns3:TrackPointExtension>
            <ns3:hr>144</ns3:hr>
          </ns3:TrackPointExtension>
        </extensions>
      </trkpt>
      <trkpt lat="31.3964863121509552001953125" lon="119.4947312213480472564697265625">
        <ele>7.599999904632568359375</ele>
        <time>2025-02-18T22:59:13.000Z</time>
        <extensions>
          <ns3:TrackPointExtension>
            <ns3:hr>144</ns3:hr>
          </ns3:TrackPointExtension>
        </extensions>
      </trkpt>
      <trkpt lat="31.3964621722698211669921875" lon="119.494738094508647918701171875">
        <ele>7.599999904632568359375</ele>
        <time>2025-02-18T22:59:14.000Z</time>
        <extensions>
          <ns3:TrackPointExtension/>
        </extensions>
      </trkpt>
      <trkpt lat="31.39643794856965541839599609375" lon="119.4947436265647411346435546875">
        <ele>7.400000095367431640625</ele>
        <time>2025-02-18T22:59:15.000Z</time>
        <extensions>
          <ns3:TrackPointExtension/>
        </extensions>
      </trkpt>
      <trkpt lat="31.39641347341239452362060546875" lon="119.49474806897342205047607421875">
        <ele>7.400000095367431640625</ele>
        <time>2025-02-18T22:59:16.000Z</time>
        <extensions>
          <ns3:TrackPointExtension/>
        </extensions>
      </trkpt>
      <trkpt lat="31.39638866297900676727294921875" lon="119.49475209228694438934326171875">
        <ele>7.19999980926513671875</ele>
        <time>2025-02-18T22:59:17.000Z</time>
        <extensions>
          <ns3:TrackPointExtension/>
        </extensions>
      </trkpt>
      <trkpt lat="31.3963634334504604339599609375" lon="119.4947563670575618743896484375">
        <ele>7.19999980926513671875</ele>
        <time>2025-02-18T22:59:18.000Z</time>
        <extensions>
          <ns3:TrackPointExtension/>
        </extensions>
      </trkpt>
      <trkpt lat="31.39633820392191410064697265625" lon="119.4947610609233379364013671875">
        <ele>7.19999980926513671875</ele>
        <time>2025-02-18T22:59:19.000Z</time>
        <extensions>
          <ns3:TrackPointExtension/>
        </extensions>
      </trkpt>
      <trkpt lat="31.39631330966949462890625" lon="119.49476634152233600616455078125">
        <ele>7</ele>
        <time>2025-02-18T22:59:20.000Z</time>
        <extensions>
          <ns3:TrackPointExtension>
            <ns3:hr>145</ns3:hr>
          </ns3:TrackPointExtension>
        </extensions>
      </trkpt>
      <trkpt lat="31.39628875069320201873779296875" lon="119.49477287940680980682373046875">
        <ele>7</ele>
        <time>2025-02-18T22:59:21.000Z</time>
        <extensions>
          <ns3:TrackPointExtension/>
        </extensions>
      </trkpt>
      <trkpt lat="31.39626427553594112396240234375" lon="119.49478059075772762298583984375">
        <ele>7</ele>
        <time>2025-02-18T22:59:22.000Z</time>
        <extensions>
          <ns3:TrackPointExtension/>
        </extensions>
      </trkpt>
      <trkpt lat="31.396238543093204498291015625" lon="119.49478830210864543914794921875">
        <ele>7</ele>
        <time>2025-02-18T22:59:23.000Z</time>
        <extensions>
          <ns3:TrackPointExtension>
            <ns3:hr>144</ns3:hr>
          </ns3:TrackPointExtension>
        </extensions>
      </trkpt>
      <trkpt lat="31.396212391555309295654296875" lon="119.49479433707892894744873046875">
        <ele>7</ele>
        <time>2025-02-18T22:59:24.000Z</time>
        <extensions>
          <ns3:TrackPointExtension/>
        </extensions>
      </trkpt>
      <trkpt lat="31.39618598856031894683837890625" lon="119.49479953385889530181884765625">
        <ele>7</ele>
        <time>2025-02-18T22:59:25.000Z</time>
        <extensions>
          <ns3:TrackPointExtension/>
        </extensions>
      </trkpt>
      <trkpt lat="31.39615975320339202880859375" lon="119.4948053173720836639404296875">
        <ele>7</ele>
        <time>2025-02-18T22:59:26.000Z</time>
        <extensions>
          <ns3:TrackPointExtension/>
        </extensions>
      </trkpt>
      <trkpt lat="31.396133936941623687744140625" lon="119.49481160379946231842041015625">
        <ele>7</ele>
        <time>2025-02-18T22:59:27.000Z</time>
        <extensions>
          <ns3:TrackPointExtension/>
        </extensions>
      </trkpt>
      <trkpt lat="31.3961079530417919158935546875" lon="119.494817554950714111328125">
        <ele>7</ele>
        <time>2025-02-18T22:59:28.000Z</time>
        <extensions>
          <ns3:TrackPointExtension>
            <ns3:hr>143</ns3:hr>
          </ns3:TrackPointExtension>
        </extensions>
      </trkpt>
      <trkpt lat="31.39608272351324558258056640625" lon="119.49482266791164875030517578125">
        <ele>7</ele>
        <time>2025-02-18T22:59:29.000Z</time>
        <extensions>
          <ns3:TrackPointExtension/>
        </extensions>
      </trkpt>
      <trkpt lat="31.39605824835598468780517578125" lon="119.4948284514248371124267578125">
        <ele>7</ele>
        <time>2025-02-18T22:59:30.000Z</time>
        <extensions>
          <ns3:TrackPointExtension/>
        </extensions>
      </trkpt>
      <trkpt lat="31.39603444375097751617431640625" lon="119.4948351569473743438720703125">
        <ele>6.80000019073486328125</ele>
        <time>2025-02-18T22:59:31.000Z</time>
        <extensions>
          <ns3:TrackPointExtension/>
        </extensions>
      </trkpt>
      <trkpt lat="31.3960113935172557830810546875" lon="119.49484060518443584442138671875">
        <ele>6.80000019073486328125</ele>
        <time>2025-02-18T22:59:32.000Z</time>
        <extensions>
          <ns3:TrackPointExtension/>
        </extensions>
      </trkpt>
      <trkpt lat="31.39598784036934375762939453125" lon="119.49484513141214847564697265625">
        <ele>6.599999904632568359375</ele>
        <time>2025-02-18T22:59:33.000Z</time>
        <extensions>
          <ns3:TrackPointExtension/>
        </extensions>
      </trkpt>
      <trkpt lat="31.3959632813930511474609375" lon="119.49484915472567081451416015625">
        <ele>6.599999904632568359375</ele>
        <time>2025-02-18T22:59:34.000Z</time>
        <extensions>
          <ns3:TrackPointExtension/>
        </extensions>
      </trkpt>
      <trkpt lat="31.39593805186450481414794921875" lon="119.49485368095338344573974609375">
        <ele>6.400000095367431640625</ele>
        <time>2025-02-18T22:59:35.000Z</time>
        <extensions>
          <ns3:TrackPointExtension/>
        </extensions>
      </trkpt>
      <trkpt lat="31.3959124870598316192626953125" lon="119.49486005119979381561279296875">
        <ele>6.400000095367431640625</ele>
        <time>2025-02-18T22:59:36.000Z</time>
        <extensions>
          <ns3:TrackPointExtension/>
        </extensions>
      </trkpt>
      <trkpt lat="31.39588708989322185516357421875" lon="119.49486793018877506256103515625">
        <ele>6.19999980926513671875</ele>
        <time>2025-02-18T22:59:37.000Z</time>
        <extensions>
          <ns3:TrackPointExtension>
            <ns3:hr>147</ns3:hr>
          </ns3:TrackPointExtension>
        </extensions>
      </trkpt>
      <trkpt lat="31.39586211182177066802978515625" lon="119.4948770664632320404052734375">
        <ele>6.19999980926513671875</ele>
        <time>2025-02-18T22:59:38.000Z</time>
        <extensions>
          <ns3:TrackPointExtension/>
        </extensions>
      </trkpt>
      <trkpt lat="31.3958383910357952117919921875" lon="119.494886286556720733642578125">
        <ele>6</ele>
        <time>2025-02-18T22:59:39.000Z</time>
        <extensions>
          <ns3:TrackPointExtension/>
        </extensions>
      </trkpt>
      <trkpt lat="31.3958142511546611785888671875" lon="119.49489424936473369598388671875">
        <ele>6</ele>
        <time>2025-02-18T22:59:40.000Z</time>
        <extensions>
          <ns3:TrackPointExtension/>
        </extensions>
      </trkpt>
      <trkpt lat="31.3957884348928928375244140625" lon="119.494900368154048919677734375">
        <ele>6</ele>
        <time>2025-02-18T22:59:41.000Z</time>
        <extensions>
          <ns3:TrackPointExtension/>
        </extensions>
      </trkpt>
      <trkpt lat="31.39576186425983905792236328125" lon="119.4949052296578884124755859375">
        <ele>6</ele>
        <time>2025-02-18T22:59:42.000Z</time>
        <extensions>
          <ns3:TrackPointExtension>
            <ns3:hr>147</ns3:hr>
          </ns3:TrackPointExtension>
        </extensions>
      </trkpt>
      <trkpt lat="31.3957351259887218475341796875" lon="119.49491000734269618988037109375">
        <ele>6</ele>
        <time>2025-02-18T22:59:43.000Z</time>
        <extensions>
          <ns3:TrackPointExtension/>
        </extensions>
      </trkpt>
      <trkpt lat="31.3957089744508266448974609375" lon="119.4949149526655673980712890625">
        <ele>5.80000019073486328125</ele>
        <time>2025-02-18T22:59:44.000Z</time>
        <extensions>
          <ns3:TrackPointExtension/>
        </extensions>
      </trkpt>
      <trkpt lat="31.39568324200809001922607421875" lon="119.494919478893280029296875">
        <ele>5.80000019073486328125</ele>
        <time>2025-02-18T22:59:45.000Z</time>
        <extensions>
          <ns3:TrackPointExtension/>
        </extensions>
      </trkpt>
      <trkpt lat="31.39565859921276569366455078125" lon="119.49492308311164379119873046875">
        <ele>5.599999904632568359375</ele>
        <time>2025-02-18T22:59:46.000Z</time>
        <extensions>
          <ns3:TrackPointExtension/>
        </extensions>
      </trkpt>
      <trkpt lat="31.39563479460775852203369140625" lon="119.49492660351097583770751953125">
        <ele>5.599999904632568359375</ele>
        <time>2025-02-18T22:59:47.000Z</time>
        <extensions>
          <ns3:TrackPointExtension>
            <ns3:hr>147</ns3:hr>
          </ns3:TrackPointExtension>
        </extensions>
      </trkpt>
      <trkpt lat="31.3956110738217830657958984375" lon="119.49493112973868846893310546875">
        <ele>5.400000095367431640625</ele>
        <time>2025-02-18T22:59:48.000Z</time>
        <extensions>
          <ns3:TrackPointExtension>
            <ns3:hr>147</ns3:hr>
          </ns3:TrackPointExtension>
        </extensions>
      </trkpt>
      <trkpt lat="31.39558710157871246337890625" lon="119.49493716470897197723388671875">
        <ele>5.400000095367431640625</ele>
        <time>2025-02-18T22:59:49.000Z</time>
        <extensions>
          <ns3:TrackPointExtension/>
        </extensions>
      </trkpt>
      <trkpt lat="31.39556321315467357635498046875" lon="119.4949451275169849395751953125">
        <ele>5.400000095367431640625</ele>
        <time>2025-02-18T22:59:50.000Z</time>
        <extensions>
          <ns3:TrackPointExtension/>
        </extensions>
      </trkpt>
      <trkpt lat="31.39553991146385669708251953125" lon="119.49495342560112476348876953125">
        <ele>5.19999980926513671875</ele>
        <time>2025-02-18T22:59:51.000Z</time>
        <extensions>
          <ns3:TrackPointExtension/>
        </extensions>
      </trkpt>
      <trkpt lat="31.3955161906778812408447265625" lon="119.4949602149426937103271484375">
        <ele>5.19999980926513671875</ele>
        <time>2025-02-18T22:59:52.000Z</time>
        <extensions>
          <ns3:TrackPointExtension/>
        </extensions>
      </trkpt>
      <trkpt lat="31.39549163170158863067626953125" lon="119.49496583081781864166259765625">
        <ele>5</ele>
        <time>2025-02-18T22:59:53.000Z</time>
        <extensions>
          <ns3:TrackPointExtension/>
        </extensions>
      </trkpt>
      <trkpt lat="31.395466737449169158935546875" lon="119.49497119523584842681884765625">
        <ele>5</ele>
        <time>2025-02-18T22:59:54.000Z</time>
        <extensions>
          <ns3:TrackPointExtension/>
        </extensions>
      </trkpt>
      <trkpt lat="31.39544100500643253326416015625" lon="119.49497739784419536590576171875">
        <ele>4.80000019073486328125</ele>
        <time>2025-02-18T22:59:55.000Z</time>
        <extensions>
          <ns3:TrackPointExtension>
            <ns3:hr>146</ns3:hr>
          </ns3:TrackPointExtension>
        </extensions>
      </trkpt>
      <trkpt lat="31.39541485346853733062744140625" lon="119.49498427100479602813720703125">
        <ele>4.80000019073486328125</ele>
        <time>2025-02-18T22:59:56.000Z</time>
        <extensions>
          <ns3:TrackPointExtension/>
        </extensions>
      </trkpt>
      <trkpt lat="31.39538853429257869720458984375" lon="119.4949913956224918365478515625">
        <ele>4.599999904632568359375</ele>
        <time>2025-02-18T22:59:57.000Z</time>
        <extensions>
          <ns3:TrackPointExtension/>
        </extensions>
      </trkpt>
      <trkpt lat="31.39536313712596893310546875" lon="119.49499801732599735260009765625">
        <ele>4.599999904632568359375</ele>
        <time>2025-02-18T22:59:58.000Z</time>
        <extensions>
          <ns3:TrackPointExtension/>
        </extensions>
      </trkpt>
      <trkpt lat="31.395339667797088623046875" lon="119.49500405229628086090087890625">
        <ele>4.80000019073486328125</ele>
        <time>2025-02-18T22:59:59.000Z</time>
        <extensions>
          <ns3:TrackPointExtension/>
        </extensions>
      </trkpt>
      <trkpt lat="31.3953163661062717437744140625" lon="119.495011009275913238525390625">
        <ele>4.80000019073486328125</ele>
        <time>2025-02-18T23:00:00.000Z</time>
        <extensions>
          <ns3:TrackPointExtension/>
        </extensions>
      </trkpt>
      <trkpt lat="31.39529264532029628753662109375" lon="119.49501880444586277008056640625">
        <ele>4.80000019073486328125</ele>
        <time>2025-02-18T23:00:01.000Z</time>
        <extensions>
          <ns3:TrackPointExtension>
            <ns3:hr>146</ns3:hr>
          </ns3:TrackPointExtension>
        </extensions>
      </trkpt>
      <trkpt lat="31.39526766724884510040283203125" lon="119.495025761425495147705078125">
        <ele>4.80000019073486328125</ele>
        <time>2025-02-18T23:00:02.000Z</time>
        <extensions>
          <ns3:TrackPointExtension/>
        </extensions>
      </trkpt>
      <trkpt lat="31.39524151571094989776611328125" lon="119.4950326345860958099365234375">
        <ele>4.80000019073486328125</ele>
        <time>2025-02-18T23:00:03.000Z</time>
        <extensions>
          <ns3:TrackPointExtension>
            <ns3:hr>146</ns3:hr>
          </ns3:TrackPointExtension>
        </extensions>
      </trkpt>
      <trkpt lat="31.39521536417305469512939453125" lon="119.4950393401086330413818359375">
        <ele>4.80000019073486328125</ele>
        <time>2025-02-18T23:00:04.000Z</time>
        <extensions>
          <ns3:TrackPointExtension/>
        </extensions>
      </trkpt>
      <trkpt lat="31.3951886259019374847412109375" lon="119.49504487216472625732421875">
        <ele>4.80000019073486328125</ele>
        <time>2025-02-18T23:00:05.000Z</time>
        <extensions>
          <ns3:TrackPointExtension/>
        </extensions>
      </trkpt>
      <trkpt lat="31.3951621390879154205322265625" lon="119.4950487278401851654052734375">
        <ele>4.80000019073486328125</ele>
        <time>2025-02-18T23:00:06.000Z</time>
        <extensions>
          <ns3:TrackPointExtension/>
        </extensions>
      </trkpt>
      <trkpt lat="31.3951366581022739410400390625" lon="119.49505166150629520416259765625">
        <ele>4.80000019073486328125</ele>
        <time>2025-02-18T23:00:07.000Z</time>
        <extensions>
          <ns3:TrackPointExtension/>
        </extensions>
      </trkpt>
      <trkpt lat="31.3951115123927593231201171875" lon="119.49505501426756381988525390625">
        <ele>4.599999904632568359375</ele>
        <time>2025-02-18T23:00:08.000Z</time>
        <extensions>
          <ns3:TrackPointExtension>
            <ns3:hr>145</ns3:hr>
          </ns3:TrackPointExtension>
        </extensions>
      </trkpt>
      <trkpt lat="31.39508661814033985137939453125" lon="119.49505954049527645111083984375">
        <ele>4.599999904632568359375</ele>
        <time>2025-02-18T23:00:09.000Z</time>
        <extensions>
          <ns3:TrackPointExtension/>
        </extensions>
      </trkpt>
      <trkpt lat="31.3950615562498569488525390625" lon="119.4950648210942745208740234375">
        <ele>4.599999904632568359375</ele>
        <time>2025-02-18T23:00:10.000Z</time>
        <extensions>
          <ns3:TrackPointExtension/>
        </extensions>
      </trkpt>
      <trkpt lat="31.3950370810925960540771484375" lon="119.4950701855123043060302734375">
        <ele>4.400000095367431640625</ele>
        <time>2025-02-18T23:00:11.000Z</time>
        <extensions>
          <ns3:TrackPointExtension/>
        </extensions>
      </trkpt>
      <trkpt lat="31.395013444125652313232421875" lon="119.49507479555904865264892578125">
        <ele>4.400000095367431640625</ele>
        <time>2025-02-18T23:00:12.000Z</time>
        <extensions>
          <ns3:TrackPointExtension/>
        </extensions>
      </trkpt>
      <trkpt lat="31.39498989097774028778076171875" lon="119.4950792379677295684814453125">
        <ele>4.19999980926513671875</ele>
        <time>2025-02-18T23:00:13.000Z</time>
        <extensions>
          <ns3:TrackPointExtension>
            <ns3:hr>144</ns3:hr>
          </ns3:TrackPointExtension>
        </extensions>
      </trkpt>
      <trkpt lat="31.39496608637273311614990234375" lon="119.49508401565253734588623046875">
        <ele>4.19999980926513671875</ele>
        <time>2025-02-18T23:00:14.000Z</time>
        <extensions>
          <ns3:TrackPointExtension/>
        </extensions>
      </trkpt>
      <trkpt lat="31.39494194649159908294677734375" lon="119.49508938007056713104248046875">
        <ele>4</ele>
        <time>2025-02-18T23:00:15.000Z</time>
        <extensions>
          <ns3:TrackPointExtension/>
        </extensions>
      </trkpt>
      <trkpt lat="31.39491847716271877288818359375" lon="119.49509541504085063934326171875">
        <ele>4</ele>
        <time>2025-02-18T23:00:16.000Z</time>
        <extensions>
          <ns3:TrackPointExtension/>
        </extensions>
      </trkpt>
      <trkpt lat="31.39489517547190189361572265625" lon="119.49510128237307071685791015625">
        <ele>4</ele>
        <time>2025-02-18T23:00:17.000Z</time>
        <extensions>
          <ns3:TrackPointExtension/>
        </extensions>
      </trkpt>
      <trkpt lat="31.39487095177173614501953125" lon="119.49510664679110050201416015625">
        <ele>4.19999980926513671875</ele>
        <time>2025-02-18T23:00:18.000Z</time>
        <extensions>
          <ns3:TrackPointExtension/>
        </extensions>
      </trkpt>
      <trkpt lat="31.3948463089764118194580078125" lon="119.49511167593300342559814453125">
        <ele>4.19999980926513671875</ele>
        <time>2025-02-18T23:00:19.000Z</time>
        <extensions>
          <ns3:TrackPointExtension/>
        </extensions>
      </trkpt>
      <trkpt lat="31.394820325076580047607421875" lon="119.49511595070362091064453125">
        <ele>4.400000095367431640625</ele>
        <time>2025-02-18T23:00:20.000Z</time>
        <extensions>
          <ns3:TrackPointExtension/>
        </extensions>
      </trkpt>
      <trkpt lat="31.3947943411767482757568359375" lon="119.4951193034648895263671875">
        <ele>4.400000095367431640625</ele>
        <time>2025-02-18T23:00:21.000Z</time>
        <extensions>
          <ns3:TrackPointExtension/>
        </extensions>
      </trkpt>
      <trkpt lat="31.3947691954672336578369140625" lon="119.495122991502285003662109375">
        <ele>4.599999904632568359375</ele>
        <time>2025-02-18T23:00:22.000Z</time>
        <extensions>
          <ns3:TrackPointExtension>
            <ns3:hr>145</ns3:hr>
          </ns3:TrackPointExtension>
        </extensions>
      </trkpt>
      <trkpt lat="31.3947443850338459014892578125" lon="119.49512802064418792724609375">
        <ele>4.599999904632568359375</ele>
        <time>2025-02-18T23:00:23.000Z</time>
        <extensions>
          <ns3:TrackPointExtension/>
        </extensions>
      </trkpt>
      <trkpt lat="31.3947202451527118682861328125" lon="119.49513497762382030487060546875">
        <ele>4.80000019073486328125</ele>
        <time>2025-02-18T23:00:24.000Z</time>
        <extensions>
          <ns3:TrackPointExtension/>
        </extensions>
      </trkpt>
      <trkpt lat="31.3946961052715778350830078125" lon="119.4951434433460235595703125">
        <ele>4.80000019073486328125</ele>
        <time>2025-02-18T23:00:25.000Z</time>
        <extensions>
          <ns3:TrackPointExtension/>
        </extensions>
      </trkpt>
      <trkpt lat="31.39467255212366580963134765625" lon="119.49515257962048053741455078125">
        <ele>4.80000019073486328125</ele>
        <time>2025-02-18T23:00:26.000Z</time>
        <extensions>
          <ns3:TrackPointExtension/>
        </extensions>
      </trkpt>
      <trkpt lat="31.3946491666138172149658203125" lon="119.49516045860946178436279296875">
        <ele>4.80000019073486328125</ele>
        <time>2025-02-18T23:00:27.000Z</time>
        <extensions>
          <ns3:TrackPointExtension>
            <ns3:hr>142</ns3:hr>
          </ns3:TrackPointExtension>
        </extensions>
      </trkpt>
      <trkpt lat="31.39462561346590518951416015625" lon="119.495166577398777008056640625">
        <ele>4.80000019073486328125</ele>
        <time>2025-02-18T23:00:28.000Z</time>
        <extensions>
          <ns3:TrackPointExtension/>
        </extensions>
      </trkpt>
      <trkpt lat="31.3946020603179931640625" lon="119.49517236091196537017822265625">
        <ele>5</ele>
        <time>2025-02-18T23:00:29.000Z</time>
        <extensions>
          <ns3:TrackPointExtension/>
        </extensions>
      </trkpt>
      <trkpt lat="31.39457833953201770782470703125" lon="119.49517898261547088623046875">
        <ele>5.19999980926513671875</ele>
        <time>2025-02-18T23:00:30.000Z</time>
        <extensions>
          <ns3:TrackPointExtension>
            <ns3:hr>143</ns3:hr>
          </ns3:TrackPointExtension>
        </extensions>
      </trkpt>
      <trkpt lat="31.39455554075539112091064453125" lon="119.49518644250929355621337890625">
        <ele>5.19999980926513671875</ele>
        <time>2025-02-18T23:00:31.000Z</time>
        <extensions>
          <ns3:TrackPointExtension/>
        </extensions>
      </trkpt>
      <trkpt lat="31.39453307725489139556884765625" lon="119.4951935671269893646240234375">
        <ele>5.400000095367431640625</ele>
        <time>2025-02-18T23:00:32.000Z</time>
        <extensions>
          <ns3:TrackPointExtension/>
        </extensions>
      </trkpt>
      <trkpt lat="31.39451027847826480865478515625" lon="119.49519985355436801910400390625">
        <ele>5.599999904632568359375</ele>
        <time>2025-02-18T23:00:33.000Z</time>
        <extensions>
          <ns3:TrackPointExtension/>
        </extensions>
      </trkpt>
      <trkpt lat="31.39448647387325763702392578125" lon="119.4952051341533660888671875">
        <ele>5.80000019073486328125</ele>
        <time>2025-02-18T23:00:34.000Z</time>
        <extensions>
          <ns3:TrackPointExtension/>
        </extensions>
      </trkpt>
      <trkpt lat="31.3944610767066478729248046875" lon="119.49520974420011043548583984375">
        <ele>5.80000019073486328125</ele>
        <time>2025-02-18T23:00:35.000Z</time>
        <extensions>
          <ns3:TrackPointExtension>
            <ns3:hr>143</ns3:hr>
          </ns3:TrackPointExtension>
        </extensions>
      </trkpt>
      <trkpt lat="31.3944352604448795318603515625" lon="119.4952146895229816436767578125">
        <ele>6</ele>
        <time>2025-02-18T23:00:36.000Z</time>
        <extensions>
          <ns3:TrackPointExtension/>
        </extensions>
      </trkpt>
      <trkpt lat="31.39440969564020633697509765625" lon="119.495219886302947998046875">
        <ele>6.19999980926513671875</ele>
        <time>2025-02-18T23:00:37.000Z</time>
        <extensions>
          <ns3:TrackPointExtension/>
        </extensions>
      </trkpt>
      <trkpt lat="31.39438522048294544219970703125" lon="119.4952247478067874908447265625">
        <ele>6.400000095367431640625</ele>
        <time>2025-02-18T23:00:38.000Z</time>
        <extensions>
          <ns3:TrackPointExtension/>
        </extensions>
      </trkpt>
      <trkpt lat="31.3943614996969699859619140625" lon="119.49522835202515125274658203125">
        <ele>6.599999904632568359375</ele>
        <time>2025-02-18T23:00:39.000Z</time>
        <extensions>
          <ns3:TrackPointExtension/>
        </extensions>
      </trkpt>
      <trkpt lat="31.3943378627300262451171875" lon="119.4952314533293247222900390625">
        <ele>6.599999904632568359375</ele>
        <time>2025-02-18T23:00:40.000Z</time>
        <extensions>
          <ns3:TrackPointExtension/>
        </extensions>
      </trkpt>
      <trkpt lat="31.39431481249630451202392578125" lon="119.4952348060905933380126953125">
        <ele>6.599999904632568359375</ele>
        <time>2025-02-18T23:00:41.000Z</time>
        <extensions>
          <ns3:TrackPointExtension/>
        </extensions>
      </trkpt>
      <trkpt lat="31.394291929900646209716796875" lon="119.49523924849927425384521484375">
        <ele>6.80000019073486328125</ele>
        <time>2025-02-18T23:00:42.000Z</time>
        <extensions>
          <ns3:TrackPointExtension>
            <ns3:hr>141</ns3:hr>
          </ns3:TrackPointExtension>
        </extensions>
      </trkpt>
      <trkpt lat="31.3942696340382099151611328125" lon="119.49524478055536746978759765625">
        <ele>6.80000019073486328125</ele>
        <time>2025-02-18T23:00:43.000Z</time>
        <extensions>
          <ns3:TrackPointExtension/>
        </extensions>
      </trkpt>
      <trkpt lat="31.394247673451900482177734375" lon="119.495250396430492401123046875">
        <ele>6.80000019073486328125</ele>
        <time>2025-02-18T23:00:44.000Z</time>
        <extensions>
          <ns3:TrackPointExtension/>
        </extensions>
      </trkpt>
      <trkpt lat="31.39422453939914703369140625" lon="119.49525517411530017852783203125">
        <ele>6.80000019073486328125</ele>
        <time>2025-02-18T23:00:45.000Z</time>
        <extensions>
          <ns3:TrackPointExtension/>
        </extensions>
      </trkpt>
      <trkpt lat="31.3942002318799495697021484375" lon="119.4952592812478542327880859375">
        <ele>6.80000019073486328125</ele>
        <time>2025-02-18T23:00:46.000Z</time>
        <extensions>
          <ns3:TrackPointExtension/>
        </extensions>
      </trkpt>
      <trkpt lat="31.394174583256244659423828125" lon="119.49526338838040828704833984375">
        <ele>6.80000019073486328125</ele>
        <time>2025-02-18T23:00:47.000Z</time>
        <extensions>
          <ns3:TrackPointExtension>
            <ns3:hr>140</ns3:hr>
          </ns3:TrackPointExtension>
        </extensions>
      </trkpt>
      <trkpt lat="31.39414868317544460296630859375" lon="119.49526757933199405670166015625">
        <ele>6.599999904632568359375</ele>
        <time>2025-02-18T23:00:48.000Z</time>
        <extensions>
          <ns3:TrackPointExtension/>
        </extensions>
      </trkpt>
      <trkpt lat="31.3941224478185176849365234375" lon="119.495272524654865264892578125">
        <ele>6.599999904632568359375</ele>
        <time>2025-02-18T23:00:49.000Z</time>
        <extensions>
          <ns3:TrackPointExtension/>
        </extensions>
      </trkpt>
      <trkpt lat="31.394096128642559051513671875" lon="119.49527881108224391937255859375">
        <ele>6.599999904632568359375</ele>
        <time>2025-02-18T23:00:50.000Z</time>
        <extensions>
          <ns3:TrackPointExtension>
            <ns3:hr>139</ns3:hr>
          </ns3:TrackPointExtension>
        </extensions>
      </trkpt>
      <trkpt lat="31.39407073147594928741455078125" lon="119.49528601951897144317626953125">
        <ele>6.400000095367431640625</ele>
        <time>2025-02-18T23:00:51.000Z</time>
        <extensions>
          <ns3:TrackPointExtension/>
        </extensions>
      </trkpt>
      <trkpt lat="31.39404592104256153106689453125" lon="119.49529322795569896697998046875">
        <ele>6</ele>
        <time>2025-02-18T23:00:52.000Z</time>
        <extensions>
          <ns3:TrackPointExtension/>
        </extensions>
      </trkpt>
      <trkpt lat="31.3940227031707763671875" lon="119.495300017297267913818359375">
        <ele>5.80000019073486328125</ele>
        <time>2025-02-18T23:00:53.000Z</time>
        <extensions>
          <ns3:TrackPointExtension/>
        </extensions>
      </trkpt>
      <trkpt lat="31.394000239670276641845703125" lon="119.49530613608658313751220703125">
        <ele>5.599999904632568359375</ele>
        <time>2025-02-18T23:00:54.000Z</time>
        <extensions>
          <ns3:TrackPointExtension/>
        </extensions>
      </trkpt>
      <trkpt lat="31.39397802762687206268310546875" lon="119.495312087237834930419921875">
        <ele>5.599999904632568359375</ele>
        <time>2025-02-18T23:00:55.000Z</time>
        <extensions>
          <ns3:TrackPointExtension>
            <ns3:hr>142</ns3:hr>
          </ns3:TrackPointExtension>
        </extensions>
      </trkpt>
      <trkpt lat="31.393955983221530914306640625" lon="119.4953177869319915771484375">
        <ele>5.599999904632568359375</ele>
        <time>2025-02-18T23:00:56.000Z</time>
        <extensions>
          <ns3:TrackPointExtension/>
        </extensions>
      </trkpt>
      <trkpt lat="31.3939328491687774658203125" lon="119.49532289989292621612548828125">
        <ele>5.400000095367431640625</ele>
        <time>2025-02-18T23:00:57.000Z</time>
        <extensions>
          <ns3:TrackPointExtension/>
        </extensions>
      </trkpt>
      <trkpt lat="31.3939098827540874481201171875" lon="119.49532826431095600128173828125">
        <ele>5.400000095367431640625</ele>
        <time>2025-02-18T23:00:58.000Z</time>
        <extensions>
          <ns3:TrackPointExtension/>
        </extensions>
      </trkpt>
      <trkpt lat="31.39388792216777801513671875" lon="119.49533429928123950958251953125">
        <ele>5.19999980926513671875</ele>
        <time>2025-02-18T23:00:59.000Z</time>
        <extensions>
          <ns3:TrackPointExtension/>
        </extensions>
      </trkpt>
      <trkpt lat="31.39386571012437343597412109375" lon="119.4953405857086181640625">
        <ele>5.19999980926513671875</ele>
        <time>2025-02-18T23:01:00.000Z</time>
        <extensions>
          <ns3:TrackPointExtension/>
        </extensions>
      </trkpt>
      <trkpt lat="31.3938414864242076873779296875" lon="119.4953461177647113800048828125">
        <ele>5.19999980926513671875</ele>
        <time>2025-02-18T23:01:01.000Z</time>
        <extensions>
          <ns3:TrackPointExtension/>
        </extensions>
      </trkpt>
      <trkpt lat="31.3938146643340587615966796875" lon="119.4953504763543605804443359375">
        <ele>5</ele>
        <time>2025-02-18T23:01:02.000Z</time>
        <extensions>
          <ns3:TrackPointExtension>
            <ns3:hr>143</ns3:hr>
          </ns3:TrackPointExtension>
        </extensions>
      </trkpt>
      <trkpt lat="31.3937878422439098358154296875" lon="119.49535441584885120391845703125">
        <ele>5</ele>
        <time>2025-02-18T23:01:03.000Z</time>
        <extensions>
          <ns3:TrackPointExtension>
            <ns3:hr>144</ns3:hr>
          </ns3:TrackPointExtension>
        </extensions>
      </trkpt>
      <trkpt lat="31.39376244507730007171630859375" lon="119.49535944499075412750244140625">
        <ele>4.80000019073486328125</ele>
        <time>2025-02-18T23:01:04.000Z</time>
        <extensions>
          <ns3:TrackPointExtension/>
        </extensions>
      </trkpt>
      <trkpt lat="31.393738053739070892333984375" lon="119.495365731418132781982421875">
        <ele>4.80000019073486328125</ele>
        <time>2025-02-18T23:01:05.000Z</time>
        <extensions>
          <ns3:TrackPointExtension/>
        </extensions>
      </trkpt>
      <trkpt lat="31.39371450059115886688232421875" lon="119.4953719340264797210693359375">
        <ele>4.599999904632568359375</ele>
        <time>2025-02-18T23:01:06.000Z</time>
        <extensions>
          <ns3:TrackPointExtension/>
        </extensions>
      </trkpt>
      <trkpt lat="31.3936912827193737030029296875" lon="119.49537738226354122161865234375">
        <ele>4.599999904632568359375</ele>
        <time>2025-02-18T23:01:07.000Z</time>
        <extensions>
          <ns3:TrackPointExtension/>
        </extensions>
      </trkpt>
      <trkpt lat="31.39366823248565196990966796875" lon="119.4953826628625392913818359375">
        <ele>4.400000095367431640625</ele>
        <time>2025-02-18T23:01:08.000Z</time>
        <extensions>
          <ns3:TrackPointExtension/>
        </extensions>
      </trkpt>
      <trkpt lat="31.3936440087854862213134765625" lon="119.49538844637572765350341796875">
        <ele>4.400000095367431640625</ele>
        <time>2025-02-18T23:01:09.000Z</time>
        <extensions>
          <ns3:TrackPointExtension/>
        </extensions>
      </trkpt>
      <trkpt lat="31.39361877925693988800048828125" lon="119.49539464898407459259033203125">
        <ele>4.19999980926513671875</ele>
        <time>2025-02-18T23:01:10.000Z</time>
        <extensions>
          <ns3:TrackPointExtension/>
        </extensions>
      </trkpt>
      <trkpt lat="31.3935940526425838470458984375" lon="119.4954011030495166778564453125">
        <ele>4</ele>
        <time>2025-02-18T23:01:11.000Z</time>
        <extensions>
          <ns3:TrackPointExtension>
            <ns3:hr>145</ns3:hr>
          </ns3:TrackPointExtension>
        </extensions>
      </trkpt>
      <trkpt lat="31.39356982894241809844970703125" lon="119.49540831148624420166015625">
        <ele>4</ele>
        <time>2025-02-18T23:01:12.000Z</time>
        <extensions>
          <ns3:TrackPointExtension/>
        </extensions>
      </trkpt>
      <trkpt lat="31.39354635961353778839111328125" lon="119.49541644193232059478759765625">
        <ele>4</ele>
        <time>2025-02-18T23:01:13.000Z</time>
        <extensions>
          <ns3:TrackPointExtension/>
        </extensions>
      </trkpt>
      <trkpt lat="31.3935224711894989013671875" lon="119.49542440474033355712890625">
        <ele>4</ele>
        <time>2025-02-18T23:01:14.000Z</time>
        <extensions>
          <ns3:TrackPointExtension>
            <ns3:hr>145</ns3:hr>
          </ns3:TrackPointExtension>
        </extensions>
      </trkpt>
      <trkpt lat="31.3934981636703014373779296875" lon="119.4954319484531879425048828125">
        <ele>4.19999980926513671875</ele>
        <time>2025-02-18T23:01:15.000Z</time>
        <extensions>
          <ns3:TrackPointExtension/>
        </extensions>
      </trkpt>
      <trkpt lat="31.3934740237891674041748046875" lon="119.49543857015669345855712890625">
        <ele>4.19999980926513671875</ele>
        <time>2025-02-18T23:01:16.000Z</time>
        <extensions>
          <ns3:TrackPointExtension/>
        </extensions>
      </trkpt>
      <trkpt lat="31.39345063827931880950927734375" lon="119.4954443536698818206787109375">
        <ele>4.400000095367431640625</ele>
        <time>2025-02-18T23:01:17.000Z</time>
        <extensions>
          <ns3:TrackPointExtension/>
        </extensions>
      </trkpt>
      <trkpt lat="31.39342817477881908416748046875" lon="119.49544963426887989044189453125">
        <ele>4.400000095367431640625</ele>
        <time>2025-02-18T23:01:18.000Z</time>
        <extensions>
          <ns3:TrackPointExtension/>
        </extensions>
      </trkpt>
      <trkpt lat="31.39340579509735107421875" lon="119.4954547472298145294189453125">
        <ele>4.400000095367431640625</ele>
        <time>2025-02-18T23:01:19.000Z</time>
        <extensions>
          <ns3:TrackPointExtension/>
        </extensions>
      </trkpt>
      <trkpt lat="31.39338341541588306427001953125" lon="119.495460949838161468505859375">
        <ele>4.599999904632568359375</ele>
        <time>2025-02-18T23:01:20.000Z</time>
        <extensions>
          <ns3:TrackPointExtension/>
        </extensions>
      </trkpt>
      <trkpt lat="31.39336011372506618499755859375" lon="119.49546824209392070770263671875">
        <ele>4.599999904632568359375</ele>
        <time>2025-02-18T23:01:21.000Z</time>
        <extensions>
          <ns3:TrackPointExtension/>
        </extensions>
      </trkpt>
      <trkpt lat="31.39333597384393215179443359375" lon="119.49547469615936279296875">
        <ele>4.80000019073486328125</ele>
        <time>2025-02-18T23:01:22.000Z</time>
        <extensions>
          <ns3:TrackPointExtension>
            <ns3:hr>145</ns3:hr>
          </ns3:TrackPointExtension>
        </extensions>
      </trkpt>
      <trkpt lat="31.39331124722957611083984375" lon="119.49547997675836086273193359375">
        <ele>4.80000019073486328125</ele>
        <time>2025-02-18T23:01:23.000Z</time>
        <extensions>
          <ns3:TrackPointExtension/>
        </extensions>
      </trkpt>
      <trkpt lat="31.39328702352941036224365234375" lon="119.4954849220812320709228515625">
        <ele>4.80000019073486328125</ele>
        <time>2025-02-18T23:01:24.000Z</time>
        <extensions>
          <ns3:TrackPointExtension/>
        </extensions>
      </trkpt>
      <trkpt lat="31.39326388947665691375732421875" lon="119.4954889453947544097900390625">
        <ele>5</ele>
        <time>2025-02-18T23:01:25.000Z</time>
        <extensions>
          <ns3:TrackPointExtension/>
        </extensions>
      </trkpt>
      <trkpt lat="31.39324150979518890380859375" lon="119.4954921305179595947265625">
        <ele>5</ele>
        <time>2025-02-18T23:01:26.000Z</time>
        <extensions>
          <ns3:TrackPointExtension/>
        </extensions>
      </trkpt>
      <trkpt lat="31.39321913011372089385986328125" lon="119.4954956509172916412353515625">
        <ele>5.19999980926513671875</ele>
        <time>2025-02-18T23:01:27.000Z</time>
        <extensions>
          <ns3:TrackPointExtension>
            <ns3:hr>146</ns3:hr>
          </ns3:TrackPointExtension>
        </extensions>
      </trkpt>
      <trkpt lat="31.3931954093277454376220703125" lon="119.49550026096403598785400390625">
        <ele>5.19999980926513671875</ele>
        <time>2025-02-18T23:01:28.000Z</time>
        <extensions>
          <ns3:TrackPointExtension/>
        </extensions>
      </trkpt>
      <trkpt lat="31.39317051507532596588134765625" lon="119.4955063797533512115478515625">
        <ele>5.400000095367431640625</ele>
        <time>2025-02-18T23:01:29.000Z</time>
        <extensions>
          <ns3:TrackPointExtension/>
        </extensions>
      </trkpt>
      <trkpt lat="31.39314453117549419403076171875" lon="119.4955137558281421661376953125">
        <ele>5.400000095367431640625</ele>
        <time>2025-02-18T23:01:30.000Z</time>
        <extensions>
          <ns3:TrackPointExtension/>
        </extensions>
      </trkpt>
      <trkpt lat="31.3931176252663135528564453125" lon="119.49552188627421855926513671875">
        <ele>5.599999904632568359375</ele>
        <time>2025-02-18T23:01:31.000Z</time>
        <extensions>
          <ns3:TrackPointExtension>
            <ns3:hr>145</ns3:hr>
          </ns3:TrackPointExtension>
        </extensions>
      </trkpt>
      <trkpt lat="31.39309122227132320404052734375" lon="119.4955295138061046600341796875">
        <ele>5.599999904632568359375</ele>
        <time>2025-02-18T23:01:32.000Z</time>
        <extensions>
          <ns3:TrackPointExtension/>
        </extensions>
      </trkpt>
      <trkpt lat="31.393065489828586578369140625" lon="119.4955355487763881683349609375">
        <ele>5.599999904632568359375</ele>
        <time>2025-02-18T23:01:33.000Z</time>
        <extensions>
          <ns3:TrackPointExtension/>
        </extensions>
      </trkpt>
      <trkpt lat="31.39304059557616710662841796875" lon="119.495540745556354522705078125">
        <ele>5.80000019073486328125</ele>
        <time>2025-02-18T23:01:34.000Z</time>
        <extensions>
          <ns3:TrackPointExtension/>
        </extensions>
      </trkpt>
      <trkpt lat="31.39301645569503307342529296875" lon="119.4955457746982574462890625">
        <ele>5.80000019073486328125</ele>
        <time>2025-02-18T23:01:35.000Z</time>
        <extensions>
          <ns3:TrackPointExtension>
            <ns3:hr>145</ns3:hr>
          </ns3:TrackPointExtension>
        </extensions>
      </trkpt>
      <trkpt lat="31.39299164526164531707763671875" lon="119.49555105529725551605224609375">
        <ele>6</ele>
        <time>2025-02-18T23:01:36.000Z</time>
        <extensions>
          <ns3:TrackPointExtension/>
        </extensions>
      </trkpt>
      <trkpt lat="31.39296591281890869140625" lon="119.49555608443915843963623046875">
        <ele>6</ele>
        <time>2025-02-18T23:01:37.000Z</time>
        <extensions>
          <ns3:TrackPointExtension/>
        </extensions>
      </trkpt>
      <trkpt lat="31.39294001273810863494873046875" lon="119.49555994011461734771728515625">
        <ele>6</ele>
        <time>2025-02-18T23:01:38.000Z</time>
        <extensions>
          <ns3:TrackPointExtension/>
        </extensions>
      </trkpt>
      <trkpt lat="31.3929147832095623016357421875" lon="119.49556262232363224029541015625">
        <ele>6</ele>
        <time>2025-02-18T23:01:39.000Z</time>
        <extensions>
          <ns3:TrackPointExtension/>
        </extensions>
      </trkpt>
      <trkpt lat="31.392890475690364837646484375" lon="119.49556362815201282501220703125">
        <ele>6</ele>
        <time>2025-02-18T23:01:40.000Z</time>
        <extensions>
          <ns3:TrackPointExtension/>
        </extensions>
      </trkpt>
      <trkpt lat="31.3928661681711673736572265625" lon="119.49556362815201282501220703125">
        <ele>6</ele>
        <time>2025-02-18T23:01:41.000Z</time>
        <extensions>
          <ns3:TrackPointExtension/>
        </extensions>
      </trkpt>
      <trkpt lat="31.39284127391874790191650390625" lon="119.4955640472471714019775390625">
        <ele>6</ele>
        <time>2025-02-18T23:01:42.000Z</time>
        <extensions>
          <ns3:TrackPointExtension>
            <ns3:hr>145</ns3:hr>
          </ns3:TrackPointExtension>
        </extensions>
      </trkpt>
      <trkpt lat="31.39281629584729671478271484375" lon="119.4955650530755519866943359375">
        <ele>6</ele>
        <time>2025-02-18T23:01:43.000Z</time>
        <extensions>
          <ns3:TrackPointExtension>
            <ns3:hr>145</ns3:hr>
          </ns3:TrackPointExtension>
        </extensions>
      </trkpt>
      <trkpt lat="31.392791569232940673828125" lon="119.49556731618940830230712890625">
        <ele>6</ele>
        <time>2025-02-18T23:01:44.000Z</time>
        <extensions>
          <ns3:TrackPointExtension/>
        </extensions>
      </trkpt>
      <trkpt lat="31.39276701025664806365966796875" lon="119.49557066895067691802978515625">
        <ele>6</ele>
        <time>2025-02-18T23:01:45.000Z</time>
        <extensions>
          <ns3:TrackPointExtension/>
        </extensions>
      </trkpt>
      <trkpt lat="31.39274169690907001495361328125" lon="119.49557519517838954925537109375">
        <ele>6</ele>
        <time>2025-02-18T23:01:46.000Z</time>
        <extensions>
          <ns3:TrackPointExtension/>
        </extensions>
      </trkpt>
      <trkpt lat="31.39271571300923824310302734375" lon="119.49557955376803874969482421875">
        <ele>6</ele>
        <time>2025-02-18T23:01:47.000Z</time>
        <extensions>
          <ns3:TrackPointExtension/>
        </extensions>
      </trkpt>
      <trkpt lat="31.39269006438553333282470703125" lon="119.495582319796085357666015625">
        <ele>6</ele>
        <time>2025-02-18T23:01:48.000Z</time>
        <extensions>
          <ns3:TrackPointExtension/>
        </extensions>
      </trkpt>
      <trkpt lat="31.39266483485698699951171875" lon="119.4955834932625293731689453125">
        <ele>5.80000019073486328125</ele>
        <time>2025-02-18T23:01:49.000Z</time>
        <extensions>
          <ns3:TrackPointExtension>
            <ns3:hr>146</ns3:hr>
          </ns3:TrackPointExtension>
        </extensions>
      </trkpt>
      <trkpt lat="31.39263935387134552001953125" lon="119.49558357708156108856201171875">
        <ele>5.80000019073486328125</ele>
        <time>2025-02-18T23:01:50.000Z</time>
        <extensions>
          <ns3:TrackPointExtension/>
        </extensions>
      </trkpt>
      <trkpt lat="31.3926130346953868865966796875" lon="119.49558407999575138092041015625">
        <ele>5.599999904632568359375</ele>
        <time>2025-02-18T23:01:51.000Z</time>
        <extensions>
          <ns3:TrackPointExtension/>
        </extensions>
      </trkpt>
      <trkpt lat="31.3925872184336185455322265625" lon="119.4955848343670368194580078125">
        <ele>5.599999904632568359375</ele>
        <time>2025-02-18T23:01:52.000Z</time>
        <extensions>
          <ns3:TrackPointExtension/>
        </extensions>
      </trkpt>
      <trkpt lat="31.3925614021718502044677734375" lon="119.49558525346219539642333984375">
        <ele>5.400000095367431640625</ele>
        <time>2025-02-18T23:01:53.000Z</time>
        <extensions>
          <ns3:TrackPointExtension/>
        </extensions>
      </trkpt>
      <trkpt lat="31.392535753548145294189453125" lon="119.49558542110025882720947265625">
        <ele>5.400000095367431640625</ele>
        <time>2025-02-18T23:01:54.000Z</time>
        <extensions>
          <ns3:TrackPointExtension/>
        </extensions>
      </trkpt>
      <trkpt lat="31.39251052401959896087646484375" lon="119.49558542110025882720947265625">
        <ele>5.400000095367431640625</ele>
        <time>2025-02-18T23:01:55.000Z</time>
        <extensions>
          <ns3:TrackPointExtension/>
        </extensions>
      </trkpt>
      <trkpt lat="31.3924849592149257659912109375" lon="119.4955858401954174041748046875">
        <ele>5.19999980926513671875</ele>
        <time>2025-02-18T23:01:56.000Z</time>
        <extensions>
          <ns3:TrackPointExtension/>
        </extensions>
      </trkpt>
      <trkpt lat="31.39245939441025257110595703125" lon="119.49558592401444911956787109375">
        <ele>5.19999980926513671875</ele>
        <time>2025-02-18T23:01:57.000Z</time>
        <extensions>
          <ns3:TrackPointExtension>
            <ns3:hr>144</ns3:hr>
          </ns3:TrackPointExtension>
        </extensions>
      </trkpt>
      <trkpt lat="31.39243424870073795318603515625" lon="119.4955861754715442657470703125">
        <ele>5</ele>
        <time>2025-02-18T23:01:58.000Z</time>
        <extensions>
          <ns3:TrackPointExtension/>
        </extensions>
      </trkpt>
      <trkpt lat="31.39240943826735019683837890625" lon="119.49558667838573455810546875">
        <ele>5</ele>
        <time>2025-02-18T23:01:59.000Z</time>
        <extensions>
          <ns3:TrackPointExtension/>
        </extensions>
      </trkpt>
      <trkpt lat="31.39238462783396244049072265625" lon="119.49558642692863941192626953125">
        <ele>4.80000019073486328125</ele>
        <time>2025-02-18T23:02:00.000Z</time>
        <extensions>
          <ns3:TrackPointExtension/>
        </extensions>
      </trkpt>
      <trkpt lat="31.39236065559089183807373046875" lon="119.495585002005100250244140625">
        <ele>4.80000019073486328125</ele>
        <time>2025-02-18T23:02:01.000Z</time>
        <extensions>
          <ns3:TrackPointExtension/>
        </extensions>
      </trkpt>
      <trkpt lat="31.39233668334782123565673828125" lon="119.4955828227102756500244140625">
        <ele>4.80000019073486328125</ele>
        <time>2025-02-18T23:02:02.000Z</time>
        <extensions>
          <ns3:TrackPointExtension>
            <ns3:hr>143</ns3:hr>
          </ns3:TrackPointExtension>
        </extensions>
      </trkpt>
      <trkpt lat="31.39231086708605289459228515625" lon="119.4955804757773876190185546875">
        <ele>4.80000019073486328125</ele>
        <time>2025-02-18T23:02:03.000Z</time>
        <extensions>
          <ns3:TrackPointExtension/>
        </extensions>
      </trkpt>
      <trkpt lat="31.392284296452999114990234375" lon="119.49557854793965816497802734375">
        <ele>4.80000019073486328125</ele>
        <time>2025-02-18T23:02:04.000Z</time>
        <extensions>
          <ns3:TrackPointExtension>
            <ns3:hr>144</ns3:hr>
          </ns3:TrackPointExtension>
        </extensions>
      </trkpt>
      <trkpt lat="31.39225848019123077392578125" lon="119.49557770974934101104736328125">
        <ele>4.80000019073486328125</ele>
        <time>2025-02-18T23:02:05.000Z</time>
        <extensions>
          <ns3:TrackPointExtension/>
        </extensions>
      </trkpt>
      <trkpt lat="31.3922335021197795867919921875" lon="119.495576955378055572509765625">
        <ele>4.80000019073486328125</ele>
        <time>2025-02-18T23:02:06.000Z</time>
        <extensions>
          <ns3:TrackPointExtension/>
        </extensions>
      </trkpt>
      <trkpt lat="31.39220776967704296112060546875" lon="119.4955761171877384185791015625">
        <ele>4.80000019073486328125</ele>
        <time>2025-02-18T23:02:07.000Z</time>
        <extensions>
          <ns3:TrackPointExtension/>
        </extensions>
      </trkpt>
      <trkpt lat="31.3921805284917354583740234375" lon="119.49557519517838954925537109375">
        <ele>4.80000019073486328125</ele>
        <time>2025-02-18T23:02:08.000Z</time>
        <extensions>
          <ns3:TrackPointExtension/>
        </extensions>
      </trkpt>
      <trkpt lat="31.3921530358493328094482421875" lon="119.49557435698807239532470703125">
        <ele>4.80000019073486328125</ele>
        <time>2025-02-18T23:02:09.000Z</time>
        <extensions>
          <ns3:TrackPointExtension>
            <ns3:hr>144</ns3:hr>
          </ns3:TrackPointExtension>
        </extensions>
      </trkpt>
      <trkpt lat="31.3921255432069301605224609375" lon="119.4955730997025966644287109375">
        <ele>5</ele>
        <time>2025-02-18T23:02:10.000Z</time>
        <extensions>
          <ns3:TrackPointExtension/>
        </extensions>
      </trkpt>
      <trkpt lat="31.3920973800122737884521484375" lon="119.49557050131261348724365234375">
        <ele>5</ele>
        <time>2025-02-18T23:02:11.000Z</time>
        <extensions>
          <ns3:TrackPointExtension/>
        </extensions>
      </trkpt>
      <trkpt lat="31.39206946827471256256103515625" lon="119.49556698091328144073486328125">
        <ele>5.19999980926513671875</ele>
        <time>2025-02-18T23:02:12.000Z</time>
        <extensions>
          <ns3:TrackPointExtension/>
        </extensions>
      </trkpt>
      <trkpt lat="31.39204281382262706756591796875" lon="119.49556262232363224029541015625">
        <ele>5.400000095367431640625</ele>
        <time>2025-02-18T23:02:13.000Z</time>
        <extensions>
          <ns3:TrackPointExtension/>
        </extensions>
      </trkpt>
      <trkpt lat="31.39201708137989044189453125" lon="119.495558179914951324462890625">
        <ele>5.400000095367431640625</ele>
        <time>2025-02-18T23:02:14.000Z</time>
        <extensions>
          <ns3:TrackPointExtension>
            <ns3:hr>145</ns3:hr>
          </ns3:TrackPointExtension>
        </extensions>
      </trkpt>
      <trkpt lat="31.39199218712747097015380859375" lon="119.4955538213253021240234375">
        <ele>5.599999904632568359375</ele>
        <time>2025-02-18T23:02:15.000Z</time>
        <extensions>
          <ns3:TrackPointExtension/>
        </extensions>
      </trkpt>
      <trkpt lat="31.39196746051311492919921875" lon="119.4955496303737163543701171875">
        <ele>5.599999904632568359375</ele>
        <time>2025-02-18T23:02:16.000Z</time>
        <extensions>
          <ns3:TrackPointExtension/>
        </extensions>
      </trkpt>
      <trkpt lat="31.3919428177177906036376953125" lon="119.49554569087922573089599609375">
        <ele>5.80000019073486328125</ele>
        <time>2025-02-18T23:02:17.000Z</time>
        <extensions>
          <ns3:TrackPointExtension/>
        </extensions>
      </trkpt>
      <trkpt lat="31.391917504370212554931640625" lon="119.495541751384735107421875">
        <ele>5.80000019073486328125</ele>
        <time>2025-02-18T23:02:18.000Z</time>
        <extensions>
          <ns3:TrackPointExtension/>
        </extensions>
      </trkpt>
      <trkpt lat="31.3918908499181270599365234375" lon="119.49553906917572021484375">
        <ele>6</ele>
        <time>2025-02-18T23:02:19.000Z</time>
        <extensions>
          <ns3:TrackPointExtension/>
        </extensions>
      </trkpt>
      <trkpt lat="31.39186411164700984954833984375" lon="119.495537392795085906982421875">
        <ele>6</ele>
        <time>2025-02-18T23:02:20.000Z</time>
        <extensions>
          <ns3:TrackPointExtension/>
        </extensions>
      </trkpt>
      <trkpt lat="31.39183812774717807769775390625" lon="119.4955362193286418914794921875">
        <ele>6.19999980926513671875</ele>
        <time>2025-02-18T23:02:21.000Z</time>
        <extensions>
          <ns3:TrackPointExtension>
            <ns3:hr>144</ns3:hr>
          </ns3:TrackPointExtension>
        </extensions>
      </trkpt>
      <trkpt lat="31.39181314967572689056396484375" lon="119.495535381138324737548828125">
        <ele>6.19999980926513671875</ele>
        <time>2025-02-18T23:02:22.000Z</time>
        <extensions>
          <ns3:TrackPointExtension/>
        </extensions>
      </trkpt>
      <trkpt lat="31.39178951270878314971923828125" lon="119.4955338723957538604736328125">
        <ele>6.19999980926513671875</ele>
        <time>2025-02-18T23:02:23.000Z</time>
        <extensions>
          <ns3:TrackPointExtension>
            <ns3:hr>144</ns3:hr>
          </ns3:TrackPointExtension>
        </extensions>
      </trkpt>
      <trkpt lat="31.3917671330273151397705078125" lon="119.49553160928189754486083984375">
        <ele>6.400000095367431640625</ele>
        <time>2025-02-18T23:02:24.000Z</time>
        <extensions>
          <ns3:TrackPointExtension/>
        </extensions>
      </trkpt>
      <trkpt lat="31.3917450048029422760009765625" lon="119.495528675615787506103515625">
        <ele>6.400000095367431640625</ele>
        <time>2025-02-18T23:02:25.000Z</time>
        <extensions>
          <ns3:TrackPointExtension/>
        </extensions>
      </trkpt>
      <trkpt lat="31.391721703112125396728515625" lon="119.4955251552164554595947265625">
        <ele>6.599999904632568359375</ele>
        <time>2025-02-18T23:02:26.000Z</time>
        <extensions>
          <ns3:TrackPointExtension/>
        </extensions>
      </trkpt>
      <trkpt lat="31.39169664122164249420166015625" lon="119.495520628988742828369140625">
        <ele>6.599999904632568359375</ele>
        <time>2025-02-18T23:02:27.000Z</time>
        <extensions>
          <ns3:TrackPointExtension/>
        </extensions>
      </trkpt>
      <trkpt lat="31.39167015440762042999267578125" lon="119.495515264570713043212890625">
        <ele>6.80000019073486328125</ele>
        <time>2025-02-18T23:02:28.000Z</time>
        <extensions>
          <ns3:TrackPointExtension/>
        </extensions>
      </trkpt>
      <trkpt lat="31.3916434161365032196044921875" lon="119.495509900152683258056640625">
        <ele>6.80000019073486328125</ele>
        <time>2025-02-18T23:02:29.000Z</time>
        <extensions>
          <ns3:TrackPointExtension/>
        </extensions>
      </trkpt>
      <trkpt lat="31.39161667786538600921630859375" lon="119.49550478719174861907958984375">
        <ele>7</ele>
        <time>2025-02-18T23:02:30.000Z</time>
        <extensions>
          <ns3:TrackPointExtension>
            <ns3:hr>147</ns3:hr>
          </ns3:TrackPointExtension>
        </extensions>
      </trkpt>
      <trkpt lat="31.3915894366800785064697265625" lon="119.4955003447830677032470703125">
        <ele>7</ele>
        <time>2025-02-18T23:02:31.000Z</time>
        <extensions>
          <ns3:TrackPointExtension/>
        </extensions>
      </trkpt>
      <trkpt lat="31.39156253077089786529541015625" lon="119.4954959861934185028076171875">
        <ele>6.80000019073486328125</ele>
        <time>2025-02-18T23:02:32.000Z</time>
        <extensions>
          <ns3:TrackPointExtension/>
        </extensions>
      </trkpt>
      <trkpt lat="31.391536295413970947265625" lon="119.49549087323248386383056640625">
        <ele>6.80000019073486328125</ele>
        <time>2025-02-18T23:02:33.000Z</time>
        <extensions>
          <ns3:TrackPointExtension/>
        </extensions>
      </trkpt>
      <trkpt lat="31.39151039533317089080810546875" lon="119.4954852573573589324951171875">
        <ele>6.80000019073486328125</ele>
        <time>2025-02-18T23:02:34.000Z</time>
        <extensions>
          <ns3:TrackPointExtension/>
        </extensions>
      </trkpt>
      <trkpt lat="31.39148457907140254974365234375" lon="119.4954787194728851318359375">
        <ele>6.599999904632568359375</ele>
        <time>2025-02-18T23:02:35.000Z</time>
        <extensions>
          <ns3:TrackPointExtension/>
        </extensions>
      </trkpt>
      <trkpt lat="31.39145842753350734710693359375" lon="119.49547293595969676971435546875">
        <ele>6.599999904632568359375</ele>
        <time>2025-02-18T23:02:36.000Z</time>
        <extensions>
          <ns3:TrackPointExtension/>
        </extensions>
      </trkpt>
      <trkpt lat="31.3914331980049610137939453125" lon="119.4954694993793964385986328125">
        <ele>6.400000095367431640625</ele>
        <time>2025-02-18T23:02:37.000Z</time>
        <extensions>
          <ns3:TrackPointExtension>
            <ns3:hr>146</ns3:hr>
          </ns3:TrackPointExtension>
        </extensions>
      </trkpt>
      <trkpt lat="31.39140956103801727294921875" lon="119.4954684935510158538818359375">
        <ele>6.400000095367431640625</ele>
        <time>2025-02-18T23:02:38.000Z</time>
        <extensions>
          <ns3:TrackPointExtension/>
        </extensions>
      </trkpt>
      <trkpt lat="31.39138634316623210906982421875" lon="119.49546874500811100006103515625">
        <ele>6.400000095367431640625</ele>
        <time>2025-02-18T23:02:39.000Z</time>
        <extensions>
          <ns3:TrackPointExtension/>
        </extensions>
      </trkpt>
      <trkpt lat="31.391362287104129791259765625" lon="119.49546824209392070770263671875">
        <ele>6.400000095367431640625</ele>
        <time>2025-02-18T23:02:40.000Z</time>
        <extensions>
          <ns3:TrackPointExtension/>
        </extensions>
      </trkpt>
      <trkpt lat="31.39133714139461517333984375" lon="119.49546623043715953826904296875">
        <ele>6.400000095367431640625</ele>
        <time>2025-02-18T23:02:41.000Z</time>
        <extensions>
          <ns3:TrackPointExtension/>
        </extensions>
      </trkpt>
      <trkpt lat="31.39131224714219570159912109375" lon="119.4954617880284786224365234375">
        <ele>6.400000095367431640625</ele>
        <time>2025-02-18T23:02:42.000Z</time>
        <extensions>
          <ns3:TrackPointExtension>
            <ns3:hr>144</ns3:hr>
          </ns3:TrackPointExtension>
        </extensions>
      </trkpt>
      <trkpt lat="31.39128793962299823760986328125" lon="119.4954547472298145294189453125">
        <ele>6.400000095367431640625</ele>
        <time>2025-02-18T23:02:43.000Z</time>
        <extensions>
          <ns3:TrackPointExtension/>
        </extensions>
      </trkpt>
      <trkpt lat="31.39126413501799106597900390625" lon="119.49544594623148441314697265625">
        <ele>6.400000095367431640625</ele>
        <time>2025-02-18T23:02:44.000Z</time>
        <extensions>
          <ns3:TrackPointExtension/>
        </extensions>
      </trkpt>
      <trkpt lat="31.39123999513685703277587890625" lon="119.49543655849993228912353515625">
        <ele>6.599999904632568359375</ele>
        <time>2025-02-18T23:02:45.000Z</time>
        <extensions>
          <ns3:TrackPointExtension/>
        </extensions>
      </trkpt>
      <trkpt lat="31.39121551997959613800048828125" lon="119.4954282604157924652099609375">
        <ele>6.599999904632568359375</ele>
        <time>2025-02-18T23:02:46.000Z</time>
        <extensions>
          <ns3:TrackPointExtension/>
        </extensions>
      </trkpt>
      <trkpt lat="31.3911911286413669586181640625" lon="119.49542172253131866455078125">
        <ele>6.599999904632568359375</ele>
        <time>2025-02-18T23:02:47.000Z</time>
        <extensions>
          <ns3:TrackPointExtension>
            <ns3:hr>143</ns3:hr>
          </ns3:TrackPointExtension>
        </extensions>
      </trkpt>
      <trkpt lat="31.391166485846042633056640625" lon="119.49541744776070117950439453125">
        <ele>6.80000019073486328125</ele>
        <time>2025-02-18T23:02:48.000Z</time>
        <extensions>
          <ns3:TrackPointExtension/>
        </extensions>
      </trkpt>
      <trkpt lat="31.3911415077745914459228515625" lon="119.4954145140945911407470703125">
        <ele>6.80000019073486328125</ele>
        <time>2025-02-18T23:02:49.000Z</time>
        <extensions>
          <ns3:TrackPointExtension>
            <ns3:hr>143</ns3:hr>
          </ns3:TrackPointExtension>
        </extensions>
      </trkpt>
      <trkpt lat="31.391116194427013397216796875" lon="119.49541225098073482513427734375">
        <ele>6.80000019073486328125</ele>
        <time>2025-02-18T23:02:50.000Z</time>
        <extensions>
          <ns3:TrackPointExtension/>
        </extensions>
      </trkpt>
      <trkpt lat="31.391091383993625640869140625" lon="119.49541124515235424041748046875">
        <ele>7</ele>
        <time>2025-02-18T23:02:51.000Z</time>
        <extensions>
          <ns3:TrackPointExtension/>
        </extensions>
      </trkpt>
      <trkpt lat="31.3910670764744281768798828125" lon="119.4954111613333225250244140625">
        <ele>7.19999980926513671875</ele>
        <time>2025-02-18T23:02:52.000Z</time>
        <extensions>
          <ns3:TrackPointExtension/>
        </extensions>
      </trkpt>
      <trkpt lat="31.3910426013171672821044921875" lon="119.4954116642475128173828125">
        <ele>7.19999980926513671875</ele>
        <time>2025-02-18T23:02:53.000Z</time>
        <extensions>
          <ns3:TrackPointExtension>
            <ns3:hr>144</ns3:hr>
          </ns3:TrackPointExtension>
        </extensions>
      </trkpt>
      <trkpt lat="31.39101820997893810272216796875" lon="119.49541233479976654052734375">
        <ele>7.599999904632568359375</ele>
        <time>2025-02-18T23:02:54.000Z</time>
        <extensions>
          <ns3:TrackPointExtension/>
        </extensions>
      </trkpt>
      <trkpt lat="31.39099373482167720794677734375" lon="119.4954128377139568328857421875">
        <ele>8</ele>
        <time>2025-02-18T23:02:55.000Z</time>
        <extensions>
          <ns3:TrackPointExtension/>
        </extensions>
      </trkpt>
      <trkpt lat="31.3909681700170040130615234375" lon="119.49541191570460796356201171875">
        <ele>8.3999996185302734375</ele>
        <time>2025-02-18T23:02:56.000Z</time>
        <extensions>
          <ns3:TrackPointExtension/>
        </extensions>
      </trkpt>
      <trkpt lat="31.39094159938395023345947265625" lon="119.49540772475302219390869140625">
        <ele>8.6000003814697265625</ele>
        <time>2025-02-18T23:02:57.000Z</time>
        <extensions>
          <ns3:TrackPointExtension/>
        </extensions>
      </trkpt>
      <trkpt lat="31.3909148611128330230712890625" lon="119.49540101923048496246337890625">
        <ele>9</ele>
        <time>2025-02-18T23:02:58.000Z</time>
        <extensions>
          <ns3:TrackPointExtension/>
        </extensions>
      </trkpt>
      <trkpt lat="31.39088929630815982818603515625" lon="119.4953927211463451385498046875">
        <ele>9.3999996185302734375</ele>
        <time>2025-02-18T23:02:59.000Z</time>
        <extensions>
          <ns3:TrackPointExtension/>
        </extensions>
      </trkpt>
      <trkpt lat="31.3908642344176769256591796875" lon="119.49538257904350757598876953125">
        <ele>9.6000003814697265625</ele>
        <time>2025-02-18T23:03:00.000Z</time>
        <extensions>
          <ns3:TrackPointExtension/>
        </extensions>
      </trkpt>
      <trkpt lat="31.3908384181559085845947265625" lon="119.495370425283908843994140625">
        <ele>9.80000019073486328125</ele>
        <time>2025-02-18T23:03:01.000Z</time>
        <extensions>
          <ns3:TrackPointExtension>
            <ns3:hr>147</ns3:hr>
          </ns3:TrackPointExtension>
        </extensions>
      </trkpt>
      <trkpt lat="31.3908122666180133819580078125" lon="119.495356343686580657958984375">
        <ele>10</ele>
        <time>2025-02-18T23:03:02.000Z</time>
        <extensions>
          <ns3:TrackPointExtension/>
        </extensions>
      </trkpt>
      <trkpt lat="31.39078670181334018707275390625" lon="119.49534125626087188720703125">
        <ele>10.19999980926513671875</ele>
        <time>2025-02-18T23:03:03.000Z</time>
        <extensions>
          <ns3:TrackPointExtension/>
        </extensions>
      </trkpt>
      <trkpt lat="31.39076306484639644622802734375" lon="119.4953260011970996856689453125">
        <ele>10.19999980926513671875</ele>
        <time>2025-02-18T23:03:04.000Z</time>
        <extensions>
          <ns3:TrackPointExtension/>
        </extensions>
      </trkpt>
      <trkpt lat="31.39074143953621387481689453125" lon="119.49530898593366146087646484375">
        <ele>10.19999980926513671875</ele>
        <time>2025-02-18T23:03:05.000Z</time>
        <extensions>
          <ns3:TrackPointExtension/>
        </extensions>
      </trkpt>
      <trkpt lat="31.39072216115891933441162109375" lon="119.4952887855470180511474609375">
        <ele>10.19999980926513671875</ele>
        <time>2025-02-18T23:03:06.000Z</time>
        <extensions>
          <ns3:TrackPointExtension>
            <ns3:hr>147</ns3:hr>
          </ns3:TrackPointExtension>
        </extensions>
      </trkpt>
      <trkpt lat="31.39070414006710052490234375" lon="119.49526615440845489501953125">
        <ele>10</ele>
        <time>2025-02-18T23:03:07.000Z</time>
        <extensions>
          <ns3:TrackPointExtension/>
        </extensions>
      </trkpt>
      <trkpt lat="31.39068670570850372314453125" lon="119.49524243362247943878173828125">
        <ele>9.80000019073486328125</ele>
        <time>2025-02-18T23:03:08.000Z</time>
        <extensions>
          <ns3:TrackPointExtension/>
        </extensions>
      </trkpt>
      <trkpt lat="31.390670277178287506103515625" lon="119.49521728791296482086181640625">
        <ele>9.6000003814697265625</ele>
        <time>2025-02-18T23:03:09.000Z</time>
        <extensions>
          <ns3:TrackPointExtension/>
        </extensions>
      </trkpt>
      <trkpt lat="31.39065393246710300445556640625" lon="119.49518979527056217193603515625">
        <ele>9.3999996185302734375</ele>
        <time>2025-02-18T23:03:10.000Z</time>
        <extensions>
          <ns3:TrackPointExtension/>
        </extensions>
      </trkpt>
      <trkpt lat="31.39063834212720394134521484375" lon="119.4951613806188106536865234375">
        <ele>9</ele>
        <time>2025-02-18T23:03:11.000Z</time>
        <extensions>
          <ns3:TrackPointExtension/>
        </extensions>
      </trkpt>
      <trkpt lat="31.39062459580600261688232421875" lon="119.49513338506221771240234375">
        <ele>8.80000019073486328125</ele>
        <time>2025-02-18T23:03:12.000Z</time>
        <extensions>
          <ns3:TrackPointExtension>
            <ns3:hr>146</ns3:hr>
          </ns3:TrackPointExtension>
        </extensions>
      </trkpt>
      <trkpt lat="31.3906137831509113311767578125" lon="119.495105557143688201904296875">
        <ele>8.3999996185302734375</ele>
        <time>2025-02-18T23:03:13.000Z</time>
        <extensions>
          <ns3:TrackPointExtension>
            <ns3:hr>146</ns3:hr>
          </ns3:TrackPointExtension>
        </extensions>
      </trkpt>
      <trkpt lat="31.39060598798096179962158203125" lon="119.49507630430161952972412109375">
        <ele>8</ele>
        <time>2025-02-18T23:03:14.000Z</time>
        <extensions>
          <ns3:TrackPointExtension/>
        </extensions>
      </trkpt>
      <trkpt lat="31.39059961773455142974853515625" lon="119.4950447045266628265380859375">
        <ele>7.599999904632568359375</ele>
        <time>2025-02-18T23:03:15.000Z</time>
        <extensions>
          <ns3:TrackPointExtension/>
        </extensions>
      </trkpt>
      <trkpt lat="31.3905946724116802215576171875" lon="119.49501360766589641571044921875">
        <ele>7.400000095367431640625</ele>
        <time>2025-02-18T23:03:16.000Z</time>
        <extensions>
          <ns3:TrackPointExtension/>
        </extensions>
      </trkpt>
      <trkpt lat="31.390591152012348175048828125" lon="119.49498427100479602813720703125">
        <ele>7</ele>
        <time>2025-02-18T23:03:17.000Z</time>
        <extensions>
          <ns3:TrackPointExtension/>
        </extensions>
      </trkpt>
      <trkpt lat="31.39058955945074558258056640625" lon="119.4949558563530445098876953125">
        <ele>6.599999904632568359375</ele>
        <time>2025-02-18T23:03:18.000Z</time>
        <extensions>
          <ns3:TrackPointExtension/>
        </extensions>
      </trkpt>
      <trkpt lat="31.39059073291718959808349609375" lon="119.49492827989161014556884765625">
        <ele>6.19999980926513671875</ele>
        <time>2025-02-18T23:03:19.000Z</time>
        <extensions>
          <ns3:TrackPointExtension/>
        </extensions>
      </trkpt>
      <trkpt lat="31.390593163669109344482421875" lon="119.49490212835371494293212890625">
        <ele>5.80000019073486328125</ele>
        <time>2025-02-18T23:03:20.000Z</time>
        <extensions>
          <ns3:TrackPointExtension/>
        </extensions>
      </trkpt>
      <trkpt lat="31.39059525914490222930908203125" lon="119.4948770664632320404052734375">
        <ele>5.599999904632568359375</ele>
        <time>2025-02-18T23:03:21.000Z</time>
        <extensions>
          <ns3:TrackPointExtension/>
        </extensions>
      </trkpt>
      <trkpt lat="31.39059685170650482177734375" lon="119.49485049583017826080322265625">
        <ele>5.400000095367431640625</ele>
        <time>2025-02-18T23:03:22.000Z</time>
        <extensions>
          <ns3:TrackPointExtension>
            <ns3:hr>147</ns3:hr>
          </ns3:TrackPointExtension>
        </extensions>
      </trkpt>
      <trkpt lat="31.39059861190617084503173828125" lon="119.49482082389295101165771484375">
        <ele>5.19999980926513671875</ele>
        <time>2025-02-18T23:03:23.000Z</time>
        <extensions>
          <ns3:TrackPointExtension>
            <ns3:hr>147</ns3:hr>
          </ns3:TrackPointExtension>
        </extensions>
      </trkpt>
      <trkpt lat="31.39060045592486858367919921875" lon="119.49478846974670886993408203125">
        <ele>5</ele>
        <time>2025-02-18T23:03:24.000Z</time>
        <extensions>
          <ns3:TrackPointExtension/>
        </extensions>
      </trkpt>
      <trkpt lat="31.39060221612453460693359375" lon="119.49475695379078388214111328125">
        <ele>4.80000019073486328125</ele>
        <time>2025-02-18T23:03:25.000Z</time>
        <extensions>
          <ns3:TrackPointExtension/>
        </extensions>
      </trkpt>
      <trkpt lat="31.39060330577194690704345703125" lon="119.49472703039646148681640625">
        <ele>4.599999904632568359375</ele>
        <time>2025-02-18T23:03:26.000Z</time>
        <extensions>
          <ns3:TrackPointExtension/>
        </extensions>
      </trkpt>
      <trkpt lat="31.3906037248671054840087890625" lon="119.494697861373424530029296875">
        <ele>4.400000095367431640625</ele>
        <time>2025-02-18T23:03:27.000Z</time>
        <extensions>
          <ns3:TrackPointExtension/>
        </extensions>
      </trkpt>
      <trkpt lat="31.390604563057422637939453125" lon="119.4946695305407047271728515625">
        <ele>4.19999980926513671875</ele>
        <time>2025-02-18T23:03:28.000Z</time>
        <extensions>
          <ns3:TrackPointExtension/>
        </extensions>
      </trkpt>
      <trkpt lat="31.39060649089515209197998046875" lon="119.49464145116508007049560546875">
        <ele>3.7999999523162841796875</ele>
        <time>2025-02-18T23:03:29.000Z</time>
        <extensions>
          <ns3:TrackPointExtension/>
        </extensions>
      </trkpt>
      <trkpt lat="31.3906094245612621307373046875" lon="119.494612701237201690673828125">
        <ele>3.599999904632568359375</ele>
        <time>2025-02-18T23:03:30.000Z</time>
        <extensions>
          <ns3:TrackPointExtension/>
        </extensions>
      </trkpt>
      <trkpt lat="31.390612609684467315673828125" lon="119.49458244256675243377685546875">
        <ele>3.400000095367431640625</ele>
        <time>2025-02-18T23:03:31.000Z</time>
        <extensions>
          <ns3:TrackPointExtension/>
        </extensions>
      </trkpt>
      <trkpt lat="31.3906151242554187774658203125" lon="119.49455109424889087677001953125">
        <ele>3.2000000476837158203125</ele>
        <time>2025-02-18T23:03:32.000Z</time>
        <extensions>
          <ns3:TrackPointExtension>
            <ns3:hr>148</ns3:hr>
          </ns3:TrackPointExtension>
        </extensions>
      </trkpt>
      <trkpt lat="31.39061671681702136993408203125" lon="119.4945186562836170196533203125">
        <ele>3</ele>
        <time>2025-02-18T23:03:33.000Z</time>
        <extensions>
          <ns3:TrackPointExtension/>
        </extensions>
      </trkpt>
      <trkpt lat="31.39061805792152881622314453125" lon="119.49448605068027973175048828125">
        <ele>3</ele>
        <time>2025-02-18T23:03:34.000Z</time>
        <extensions>
          <ns3:TrackPointExtension/>
        </extensions>
      </trkpt>
      <trkpt lat="31.39062074013054370880126953125" lon="119.49445487000048160552978515625">
        <ele>3</ele>
        <time>2025-02-18T23:03:35.000Z</time>
        <extensions>
          <ns3:TrackPointExtension/>
        </extensions>
      </trkpt>
      <trkpt lat="31.390625350177288055419921875" lon="119.49442528188228607177734375">
        <ele>3</ele>
        <time>2025-02-18T23:03:36.000Z</time>
        <extensions>
          <ns3:TrackPointExtension/>
        </extensions>
      </trkpt>
      <trkpt lat="31.390630714595317840576171875" lon="119.49439636431634426116943359375">
        <ele>3</ele>
        <time>2025-02-18T23:03:37.000Z</time>
        <extensions>
          <ns3:TrackPointExtension>
            <ns3:hr>148</ns3:hr>
          </ns3:TrackPointExtension>
        </extensions>
      </trkpt>
      <trkpt lat="31.3906349055469036102294921875" lon="119.494367279112339019775390625">
        <ele>3</ele>
        <time>2025-02-18T23:03:38.000Z</time>
        <extensions>
          <ns3:TrackPointExtension>
            <ns3:hr>149</ns3:hr>
          </ns3:TrackPointExtension>
        </extensions>
      </trkpt>
      <trkpt lat="31.3906372524797916412353515625" lon="119.4943392835557460784912109375">
        <ele>3</ele>
        <time>2025-02-18T23:03:39.000Z</time>
        <extensions>
          <ns3:TrackPointExtension/>
        </extensions>
      </trkpt>
      <trkpt lat="31.39063867740333080291748046875" lon="119.49431153945624828338623046875">
        <ele>3.2000000476837158203125</ele>
        <time>2025-02-18T23:03:40.000Z</time>
        <extensions>
          <ns3:TrackPointExtension/>
        </extensions>
      </trkpt>
      <trkpt lat="31.3906399346888065338134765625" lon="119.49428237043321132659912109375">
        <ele>3.2000000476837158203125</ele>
        <time>2025-02-18T23:03:41.000Z</time>
        <extensions>
          <ns3:TrackPointExtension/>
        </extensions>
      </trkpt>
      <trkpt lat="31.39064152725040912628173828125" lon="119.4942517764866352081298828125">
        <ele>3.400000095367431640625</ele>
        <time>2025-02-18T23:03:42.000Z</time>
        <extensions>
          <ns3:TrackPointExtension/>
        </extensions>
      </trkpt>
      <trkpt lat="31.39064337126910686492919921875" lon="119.4942219369113445281982421875">
        <ele>3.400000095367431640625</ele>
        <time>2025-02-18T23:03:43.000Z</time>
        <extensions>
          <ns3:TrackPointExtension/>
        </extensions>
      </trkpt>
      <trkpt lat="31.3906449638307094573974609375" lon="119.49419402517378330230712890625">
        <ele>3.599999904632568359375</ele>
        <time>2025-02-18T23:03:44.000Z</time>
        <extensions>
          <ns3:TrackPointExtension>
            <ns3:hr>149</ns3:hr>
          </ns3:TrackPointExtension>
        </extensions>
      </trkpt>
      <trkpt lat="31.39064605347812175750732421875" lon="119.49416703544557094573974609375">
        <ele>3.599999904632568359375</ele>
        <time>2025-02-18T23:03:45.000Z</time>
        <extensions>
          <ns3:TrackPointExtension/>
        </extensions>
      </trkpt>
      <trkpt lat="31.3906476460397243499755859375" lon="119.494139291346073150634765625">
        <ele>3.7999999523162841796875</ele>
        <time>2025-02-18T23:03:46.000Z</time>
        <extensions>
          <ns3:TrackPointExtension/>
        </extensions>
      </trkpt>
      <trkpt lat="31.39065074734389781951904296875" lon="119.494109451770782470703125">
        <ele>3.7999999523162841796875</ele>
        <time>2025-02-18T23:03:47.000Z</time>
        <extensions>
          <ns3:TrackPointExtension/>
        </extensions>
      </trkpt>
      <trkpt lat="31.390654854476451873779296875" lon="119.4940786063671112060546875">
        <ele>4</ele>
        <time>2025-02-18T23:03:48.000Z</time>
        <extensions>
          <ns3:TrackPointExtension/>
        </extensions>
      </trkpt>
      <trkpt lat="31.39065854251384735107421875" lon="119.4940475933253765106201171875">
        <ele>4</ele>
        <time>2025-02-18T23:03:49.000Z</time>
        <extensions>
          <ns3:TrackPointExtension>
            <ns3:hr>150</ns3:hr>
          </ns3:TrackPointExtension>
        </extensions>
      </trkpt>
      <trkpt lat="31.39066063798964023590087890625" lon="119.49401699937880039215087890625">
        <ele>4.19999980926513671875</ele>
        <time>2025-02-18T23:03:50.000Z</time>
        <extensions>
          <ns3:TrackPointExtension/>
        </extensions>
      </trkpt>
      <trkpt lat="31.39066063798964023590087890625" lon="119.493987075984477996826171875">
        <ele>4.19999980926513671875</ele>
        <time>2025-02-18T23:03:51.000Z</time>
        <extensions>
          <ns3:TrackPointExtension/>
        </extensions>
      </trkpt>
      <trkpt lat="31.39065963216125965118408203125" lon="119.49395614676177501678466796875">
        <ele>4.400000095367431640625</ele>
        <time>2025-02-18T23:03:52.000Z</time>
        <extensions>
          <ns3:TrackPointExtension/>
        </extensions>
      </trkpt>
      <trkpt lat="31.39065912924706935882568359375" lon="119.493923373520374298095703125">
        <ele>4.400000095367431640625</ele>
        <time>2025-02-18T23:03:53.000Z</time>
        <extensions>
          <ns3:TrackPointExtension/>
        </extensions>
      </trkpt>
      <trkpt lat="31.39065946452319622039794921875" lon="119.4938890077173709869384765625">
        <ele>4.400000095367431640625</ele>
        <time>2025-02-18T23:03:54.000Z</time>
        <extensions>
          <ns3:TrackPointExtension/>
        </extensions>
      </trkpt>
      <trkpt lat="31.39066097326576709747314453125" lon="119.49385539628565311431884765625">
        <ele>4.400000095367431640625</ele>
        <time>2025-02-18T23:03:55.000Z</time>
        <extensions>
          <ns3:TrackPointExtension>
            <ns3:hr>151</ns3:hr>
          </ns3:TrackPointExtension>
        </extensions>
      </trkpt>
      <trkpt lat="31.39066365547478199005126953125" lon="119.4938219524919986724853515625">
        <ele>4.400000095367431640625</ele>
        <time>2025-02-18T23:03:56.000Z</time>
        <extensions>
          <ns3:TrackPointExtension/>
        </extensions>
      </trkpt>
      <trkpt lat="31.39066650532186031341552734375" lon="119.493788592517375946044921875">
        <ele>4.400000095367431640625</ele>
        <time>2025-02-18T23:03:57.000Z</time>
        <extensions>
          <ns3:TrackPointExtension/>
        </extensions>
      </trkpt>
      <trkpt lat="31.3906686007976531982421875" lon="119.493756406009197235107421875">
        <ele>4.19999980926513671875</ele>
        <time>2025-02-18T23:03:58.000Z</time>
        <extensions>
          <ns3:TrackPointExtension>
            <ns3:hr>150</ns3:hr>
          </ns3:TrackPointExtension>
        </extensions>
      </trkpt>
      <trkpt lat="31.3906704448163509368896484375" lon="119.49372564442455768585205078125">
        <ele>4.19999980926513671875</ele>
        <time>2025-02-18T23:03:59.000Z</time>
        <extensions>
          <ns3:TrackPointExtension/>
        </extensions>
      </trkpt>
      <trkpt lat="31.39067254029214382171630859375" lon="119.49369630776345729827880859375">
        <ele>4.19999980926513671875</ele>
        <time>2025-02-18T23:04:00.000Z</time>
        <extensions>
          <ns3:TrackPointExtension/>
        </extensions>
      </trkpt>
      <trkpt lat="31.39067488722503185272216796875" lon="119.49366780929267406463623046875">
        <ele>4.19999980926513671875</ele>
        <time>2025-02-18T23:04:01.000Z</time>
        <extensions>
          <ns3:TrackPointExtension/>
        </extensions>
      </trkpt>
      <trkpt lat="31.39067723415791988372802734375" lon="119.49364014901220798492431640625">
        <ele>4.19999980926513671875</ele>
        <time>2025-02-18T23:04:02.000Z</time>
        <extensions>
          <ns3:TrackPointExtension/>
        </extensions>
      </trkpt>
      <trkpt lat="31.3906791619956493377685546875" lon="119.49361181817948818206787109375">
        <ele>4.19999980926513671875</ele>
        <time>2025-02-18T23:04:03.000Z</time>
        <extensions>
          <ns3:TrackPointExtension/>
        </extensions>
      </trkpt>
      <trkpt lat="31.3906808383762836456298828125" lon="119.49358172714710235595703125">
        <ele>4.19999980926513671875</ele>
        <time>2025-02-18T23:04:04.000Z</time>
        <extensions>
          <ns3:TrackPointExtension/>
        </extensions>
      </trkpt>
      <trkpt lat="31.39068268239498138427734375" lon="119.4935507141053676605224609375">
        <ele>4.19999980926513671875</ele>
        <time>2025-02-18T23:04:05.000Z</time>
        <extensions>
          <ns3:TrackPointExtension/>
        </extensions>
      </trkpt>
      <trkpt lat="31.39068444259464740753173828125" lon="119.49352045543491840362548828125">
        <ele>4.19999980926513671875</ele>
        <time>2025-02-18T23:04:06.000Z</time>
        <extensions>
          <ns3:TrackPointExtension>
            <ns3:hr>149</ns3:hr>
          </ns3:TrackPointExtension>
        </extensions>
      </trkpt>
      <trkpt lat="31.390686370432376861572265625" lon="119.49348986148834228515625">
        <ele>4.19999980926513671875</ele>
        <time>2025-02-18T23:04:07.000Z</time>
        <extensions>
          <ns3:TrackPointExtension/>
        </extensions>
      </trkpt>
      <trkpt lat="31.3906892202794551849365234375" lon="119.49345809407532215118408203125">
        <ele>4.19999980926513671875</ele>
        <time>2025-02-18T23:04:08.000Z</time>
        <extensions>
          <ns3:TrackPointExtension>
            <ns3:hr>149</ns3:hr>
          </ns3:TrackPointExtension>
        </extensions>
      </trkpt>
      <trkpt lat="31.39069232158362865447998046875" lon="119.49342657811939716339111328125">
        <ele>4.19999980926513671875</ele>
        <time>2025-02-18T23:04:09.000Z</time>
        <extensions>
          <ns3:TrackPointExtension/>
        </extensions>
      </trkpt>
      <trkpt lat="31.39069475233554840087890625" lon="119.49339657090604305267333984375">
        <ele>4.19999980926513671875</ele>
        <time>2025-02-18T23:04:10.000Z</time>
        <extensions>
          <ns3:TrackPointExtension/>
        </extensions>
      </trkpt>
      <trkpt lat="31.39069701544940471649169921875" lon="119.49336807243525981903076171875">
        <ele>4.19999980926513671875</ele>
        <time>2025-02-18T23:04:11.000Z</time>
        <extensions>
          <ns3:TrackPointExtension/>
        </extensions>
      </trkpt>
      <trkpt lat="31.390699446201324462890625" lon="119.4933404959738254547119140625">
        <ele>4.19999980926513671875</ele>
        <time>2025-02-18T23:04:12.000Z</time>
        <extensions>
          <ns3:TrackPointExtension/>
        </extensions>
      </trkpt>
      <trkpt lat="31.39070237986743450164794921875" lon="119.4933136738836765289306640625">
        <ele>4.400000095367431640625</ele>
        <time>2025-02-18T23:04:13.000Z</time>
        <extensions>
          <ns3:TrackPointExtension/>
        </extensions>
      </trkpt>
      <trkpt lat="31.3907059840857982635498046875" lon="119.49328668415546417236328125">
        <ele>4.400000095367431640625</ele>
        <time>2025-02-18T23:04:14.000Z</time>
        <extensions>
          <ns3:TrackPointExtension/>
        </extensions>
      </trkpt>
      <trkpt lat="31.39071009121835231781005859375" lon="119.49325994588434696197509765625">
        <ele>4.599999904632568359375</ele>
        <time>2025-02-18T23:04:15.000Z</time>
        <extensions>
          <ns3:TrackPointExtension/>
        </extensions>
      </trkpt>
      <trkpt lat="31.39071411453187465667724609375" lon="119.49323295615613460540771484375">
        <ele>4.599999904632568359375</ele>
        <time>2025-02-18T23:04:16.000Z</time>
        <extensions>
          <ns3:TrackPointExtension>
            <ns3:hr>152</ns3:hr>
          </ns3:TrackPointExtension>
        </extensions>
      </trkpt>
      <trkpt lat="31.39071713201701641082763671875" lon="119.493204541504383087158203125">
        <ele>4.80000019073486328125</ele>
        <time>2025-02-18T23:04:17.000Z</time>
        <extensions>
          <ns3:TrackPointExtension/>
        </extensions>
      </trkpt>
      <trkpt lat="31.39071964658796787261962890625" lon="119.4931735284626483917236328125">
        <ele>4.80000019073486328125</ele>
        <time>2025-02-18T23:04:18.000Z</time>
        <extensions>
          <ns3:TrackPointExtension/>
        </extensions>
      </trkpt>
      <trkpt lat="31.3907220773398876190185546875" lon="119.493140839040279388427734375">
        <ele>5</ele>
        <time>2025-02-18T23:04:19.000Z</time>
        <extensions>
          <ns3:TrackPointExtension/>
        </extensions>
      </trkpt>
      <trkpt lat="31.390723921358585357666015625" lon="119.49310789816081523895263671875">
        <ele>5</ele>
        <time>2025-02-18T23:04:20.000Z</time>
        <extensions>
          <ns3:TrackPointExtension>
            <ns3:hr>152</ns3:hr>
          </ns3:TrackPointExtension>
        </extensions>
      </trkpt>
      <trkpt lat="31.390725262463092803955078125" lon="119.4930752925574779510498046875">
        <ele>5</ele>
        <time>2025-02-18T23:04:21.000Z</time>
        <extensions>
          <ns3:TrackPointExtension/>
        </extensions>
      </trkpt>
      <trkpt lat="31.39072601683437824249267578125" lon="119.4930437766015529632568359375">
        <ele>5</ele>
        <time>2025-02-18T23:04:22.000Z</time>
        <extensions>
          <ns3:TrackPointExtension/>
        </extensions>
      </trkpt>
      <trkpt lat="31.3907261006534099578857421875" lon="119.4930125959217548370361328125">
        <ele>5</ele>
        <time>2025-02-18T23:04:23.000Z</time>
        <extensions>
          <ns3:TrackPointExtension/>
        </extensions>
      </trkpt>
      <trkpt lat="31.390727274119853973388671875" lon="119.49298082850873470306396484375">
        <ele>5</ele>
        <time>2025-02-18T23:04:24.000Z</time>
        <extensions>
          <ns3:TrackPointExtension>
            <ns3:hr>153</ns3:hr>
          </ns3:TrackPointExtension>
        </extensions>
      </trkpt>
      <trkpt lat="31.3907307945191860198974609375" lon="119.492947719991207122802734375">
        <ele>5</ele>
        <time>2025-02-18T23:04:25.000Z</time>
        <extensions>
          <ns3:TrackPointExtension/>
        </extensions>
      </trkpt>
      <trkpt lat="31.39073573984205722808837890625" lon="119.49291561730206012725830078125">
        <ele>5</ele>
        <time>2025-02-18T23:04:26.000Z</time>
        <extensions>
          <ns3:TrackPointExtension/>
        </extensions>
      </trkpt>
      <trkpt lat="31.3907410204410552978515625" lon="119.49288644827902317047119140625">
        <ele>5</ele>
        <time>2025-02-18T23:04:27.000Z</time>
        <extensions>
          <ns3:TrackPointExtension/>
        </extensions>
      </trkpt>
      <trkpt lat="31.39074529521167278289794921875" lon="119.4928597100079059600830078125">
        <ele>5</ele>
        <time>2025-02-18T23:04:28.000Z</time>
        <extensions>
          <ns3:TrackPointExtension>
            <ns3:hr>153</ns3:hr>
          </ns3:TrackPointExtension>
        </extensions>
      </trkpt>
      <trkpt lat="31.3907482288777828216552734375" lon="119.4928340613842010498046875">
        <ele>5</ele>
        <time>2025-02-18T23:04:29.000Z</time>
        <extensions>
          <ns3:TrackPointExtension/>
        </extensions>
      </trkpt>
      <trkpt lat="31.390750072896480560302734375" lon="119.49280732311308383941650390625">
        <ele>5</ele>
        <time>2025-02-18T23:04:30.000Z</time>
        <extensions>
          <ns3:TrackPointExtension/>
        </extensions>
      </trkpt>
      <trkpt lat="31.39075183309614658355712890625" lon="119.4927779026329517364501953125">
        <ele>5</ele>
        <time>2025-02-18T23:04:31.000Z</time>
        <extensions>
          <ns3:TrackPointExtension/>
        </extensions>
      </trkpt>
      <trkpt lat="31.3907544314861297607421875" lon="119.4927457161247730255126953125">
        <ele>5</ele>
        <time>2025-02-18T23:04:32.000Z</time>
        <extensions>
          <ns3:TrackPointExtension/>
        </extensions>
      </trkpt>
      <trkpt lat="31.390757448971271514892578125" lon="119.492712356150150299072265625">
        <ele>5</ele>
        <time>2025-02-18T23:04:33.000Z</time>
        <extensions>
          <ns3:TrackPointExtension>
            <ns3:hr>151</ns3:hr>
          </ns3:TrackPointExtension>
        </extensions>
      </trkpt>
      <trkpt lat="31.3907609693706035614013671875" lon="119.49267916381359100341796875">
        <ele>5</ele>
        <time>2025-02-18T23:04:34.000Z</time>
        <extensions>
          <ns3:TrackPointExtension/>
        </extensions>
      </trkpt>
      <trkpt lat="31.39076407067477703094482421875" lon="119.4926489889621734619140625">
        <ele>5</ele>
        <time>2025-02-18T23:04:35.000Z</time>
        <extensions>
          <ns3:TrackPointExtension/>
        </extensions>
      </trkpt>
      <trkpt lat="31.39076650142669677734375" lon="119.492623172700405120849609375">
        <ele>5</ele>
        <time>2025-02-18T23:04:36.000Z</time>
        <extensions>
          <ns3:TrackPointExtension/>
        </extensions>
      </trkpt>
      <trkpt lat="31.39076893217861652374267578125" lon="119.49260029010474681854248046875">
        <ele>5</ele>
        <time>2025-02-18T23:04:37.000Z</time>
        <extensions>
          <ns3:TrackPointExtension/>
        </extensions>
      </trkpt>
      <trkpt lat="31.390771530568599700927734375" lon="119.4925770722329616546630859375">
        <ele>5</ele>
        <time>2025-02-18T23:04:38.000Z</time>
        <extensions>
          <ns3:TrackPointExtension/>
        </extensions>
      </trkpt>
      <trkpt lat="31.39077329076826572418212890625" lon="119.492551423609256744384765625">
        <ele>5.19999980926513671875</ele>
        <time>2025-02-18T23:04:39.000Z</time>
        <extensions>
          <ns3:TrackPointExtension/>
        </extensions>
      </trkpt>
      <trkpt lat="31.390773542225360870361328125" lon="119.4925244338810443878173828125">
        <ele>5.19999980926513671875</ele>
        <time>2025-02-18T23:04:40.000Z</time>
        <extensions>
          <ns3:TrackPointExtension/>
        </extensions>
      </trkpt>
      <trkpt lat="31.39077312313020229339599609375" lon="119.49249668978154659271240234375">
        <ele>5.400000095367431640625</ele>
        <time>2025-02-18T23:04:41.000Z</time>
        <extensions>
          <ns3:TrackPointExtension/>
        </extensions>
      </trkpt>
      <trkpt lat="31.3907732069492340087890625" lon="119.4924681074917316436767578125">
        <ele>5.400000095367431640625</ele>
        <time>2025-02-18T23:04:42.000Z</time>
        <extensions>
          <ns3:TrackPointExtension>
            <ns3:hr>148</ns3:hr>
          </ns3:TrackPointExtension>
        </extensions>
      </trkpt>
      <trkpt lat="31.39077396132051944732666015625" lon="119.4924386031925678253173828125">
        <ele>5.599999904632568359375</ele>
        <time>2025-02-18T23:04:43.000Z</time>
        <extensions>
          <ns3:TrackPointExtension>
            <ns3:hr>148</ns3:hr>
          </ns3:TrackPointExtension>
        </extensions>
      </trkpt>
      <trkpt lat="31.39077496714890003204345703125" lon="119.49240935035049915313720703125">
        <ele>5.599999904632568359375</ele>
        <time>2025-02-18T23:04:44.000Z</time>
        <extensions>
          <ns3:TrackPointExtension/>
        </extensions>
      </trkpt>
      <trkpt lat="31.39077630825340747833251953125" lon="119.4923809356987476348876953125">
        <ele>5.80000019073486328125</ele>
        <time>2025-02-18T23:04:45.000Z</time>
        <extensions>
          <ns3:TrackPointExtension/>
        </extensions>
      </trkpt>
      <trkpt lat="31.39077815227210521697998046875" lon="119.49235319159924983978271484375">
        <ele>6</ele>
        <time>2025-02-18T23:04:46.000Z</time>
        <extensions>
          <ns3:TrackPointExtension/>
        </extensions>
      </trkpt>
      <trkpt lat="31.39078049920499324798583984375" lon="119.492324776947498321533203125">
        <ele>6</ele>
        <time>2025-02-18T23:04:47.000Z</time>
        <extensions>
          <ns3:TrackPointExtension/>
        </extensions>
      </trkpt>
      <trkpt lat="31.39078368432819843292236328125" lon="119.49229502119123935699462890625">
        <ele>5.80000019073486328125</ele>
        <time>2025-02-18T23:04:48.000Z</time>
        <extensions>
          <ns3:TrackPointExtension/>
        </extensions>
      </trkpt>
      <trkpt lat="31.39078737236559391021728515625" lon="119.4922649301588535308837890625">
        <ele>5.599999904632568359375</ele>
        <time>2025-02-18T23:04:49.000Z</time>
        <extensions>
          <ns3:TrackPointExtension/>
        </extensions>
      </trkpt>
      <trkpt lat="31.39079038985073566436767578125" lon="119.4922350905835628509521484375">
        <ele>5.400000095367431640625</ele>
        <time>2025-02-18T23:04:50.000Z</time>
        <extensions>
          <ns3:TrackPointExtension/>
        </extensions>
      </trkpt>
      <trkpt lat="31.39079223386943340301513671875" lon="119.49220617301762104034423828125">
        <ele>5.400000095367431640625</ele>
        <time>2025-02-18T23:04:51.000Z</time>
        <extensions>
          <ns3:TrackPointExtension/>
        </extensions>
      </trkpt>
      <trkpt lat="31.3907934911549091339111328125" lon="119.492178261280059814453125">
        <ele>5.19999980926513671875</ele>
        <time>2025-02-18T23:04:52.000Z</time>
        <extensions>
          <ns3:TrackPointExtension>
            <ns3:hr>148</ns3:hr>
          </ns3:TrackPointExtension>
        </extensions>
      </trkpt>
      <trkpt lat="31.39079525135457515716552734375" lon="119.4921489246189594268798828125">
        <ele>5.19999980926513671875</ele>
        <time>2025-02-18T23:04:53.000Z</time>
        <extensions>
          <ns3:TrackPointExtension/>
        </extensions>
      </trkpt>
      <trkpt lat="31.39079743064939975738525390625" lon="119.49211732484400272369384765625">
        <ele>5</ele>
        <time>2025-02-18T23:04:54.000Z</time>
        <extensions>
          <ns3:TrackPointExtension/>
        </extensions>
      </trkpt>
      <trkpt lat="31.39079960994422435760498046875" lon="119.4920857250690460205078125">
        <ele>4.80000019073486328125</ele>
        <time>2025-02-18T23:04:55.000Z</time>
        <extensions>
          <ns3:TrackPointExtension/>
        </extensions>
      </trkpt>
      <trkpt lat="31.390801705420017242431640625" lon="119.492054879665374755859375">
        <ele>4.80000019073486328125</ele>
        <time>2025-02-18T23:04:56.000Z</time>
        <extensions>
          <ns3:TrackPointExtension>
            <ns3:hr>149</ns3:hr>
          </ns3:TrackPointExtension>
        </extensions>
      </trkpt>
      <trkpt lat="31.39080363325774669647216796875" lon="119.4920252077281475067138671875">
        <ele>4.80000019073486328125</ele>
        <time>2025-02-18T23:04:57.000Z</time>
        <extensions>
          <ns3:TrackPointExtension/>
        </extensions>
      </trkpt>
      <trkpt lat="31.39080530963838100433349609375" lon="119.4919960387051105499267578125">
        <ele>4.80000019073486328125</ele>
        <time>2025-02-18T23:04:58.000Z</time>
        <extensions>
          <ns3:TrackPointExtension>
            <ns3:hr>149</ns3:hr>
          </ns3:TrackPointExtension>
        </extensions>
      </trkpt>
      <trkpt lat="31.39080648310482501983642578125" lon="119.49196661822497844696044921875">
        <ele>4.80000019073486328125</ele>
        <time>2025-02-18T23:04:59.000Z</time>
        <extensions>
          <ns3:TrackPointExtension/>
        </extensions>
      </trkpt>
      <trkpt lat="31.39080765657126903533935546875" lon="119.4919370301067829132080078125">
        <ele>4.80000019073486328125</ele>
        <time>2025-02-18T23:05:00.000Z</time>
        <extensions>
          <ns3:TrackPointExtension/>
        </extensions>
      </trkpt>
      <trkpt lat="31.39080933295190334320068359375" lon="119.4919068552553653717041015625">
        <ele>4.80000019073486328125</ele>
        <time>2025-02-18T23:05:01.000Z</time>
        <extensions>
          <ns3:TrackPointExtension/>
        </extensions>
      </trkpt>
      <trkpt lat="31.3908119313418865203857421875" lon="119.49187676422297954559326171875">
        <ele>4.80000019073486328125</ele>
        <time>2025-02-18T23:05:02.000Z</time>
        <extensions>
          <ns3:TrackPointExtension/>
        </extensions>
      </trkpt>
      <trkpt lat="31.39081469736993312835693359375" lon="119.49184658937156200408935546875">
        <ele>4.80000019073486328125</ele>
        <time>2025-02-18T23:05:03.000Z</time>
        <extensions>
          <ns3:TrackPointExtension/>
        </extensions>
      </trkpt>
      <trkpt lat="31.39081620611250400543212890625" lon="119.49181624688208103179931640625">
        <ele>4.80000019073486328125</ele>
        <time>2025-02-18T23:05:04.000Z</time>
        <extensions>
          <ns3:TrackPointExtension>
            <ns3:hr>150</ns3:hr>
          </ns3:TrackPointExtension>
        </extensions>
      </trkpt>
      <trkpt lat="31.39081771485507488250732421875" lon="119.49178573675453662872314453125">
        <ele>4.599999904632568359375</ele>
        <time>2025-02-18T23:05:05.000Z</time>
        <extensions>
          <ns3:TrackPointExtension/>
        </extensions>
      </trkpt>
      <trkpt lat="31.39081972651183605194091796875" lon="119.49175572954118251800537109375">
        <ele>4.599999904632568359375</ele>
        <time>2025-02-18T23:05:06.000Z</time>
        <extensions>
          <ns3:TrackPointExtension/>
        </extensions>
      </trkpt>
      <trkpt lat="31.3908223249018192291259765625" lon="119.4917268119752407073974609375">
        <ele>4.400000095367431640625</ele>
        <time>2025-02-18T23:05:07.000Z</time>
        <extensions>
          <ns3:TrackPointExtension/>
        </extensions>
      </trkpt>
      <trkpt lat="31.3908250071108341217041015625" lon="119.4916983135044574737548828125">
        <ele>4.19999980926513671875</ele>
        <time>2025-02-18T23:05:08.000Z</time>
        <extensions>
          <ns3:TrackPointExtension/>
        </extensions>
      </trkpt>
      <trkpt lat="31.3908270187675952911376953125" lon="119.49166956357657909393310546875">
        <ele>4.19999980926513671875</ele>
        <time>2025-02-18T23:05:09.000Z</time>
        <extensions>
          <ns3:TrackPointExtension/>
        </extensions>
      </trkpt>
      <trkpt lat="31.39082794077694416046142578125" lon="119.4916399754583835601806640625">
        <ele>4</ele>
        <time>2025-02-18T23:05:10.000Z</time>
        <extensions>
          <ns3:TrackPointExtension>
            <ns3:hr>150</ns3:hr>
          </ns3:TrackPointExtension>
        </extensions>
      </trkpt>
      <trkpt lat="31.39082844369113445281982421875" lon="119.4916108064353466033935546875">
        <ele>4</ele>
        <time>2025-02-18T23:05:11.000Z</time>
        <extensions>
          <ns3:TrackPointExtension/>
        </extensions>
      </trkpt>
      <trkpt lat="31.39083012007176876068115234375" lon="119.49158322997391223907470703125">
        <ele>3.7999999523162841796875</ele>
        <time>2025-02-18T23:05:12.000Z</time>
        <extensions>
          <ns3:TrackPointExtension/>
        </extensions>
      </trkpt>
      <trkpt lat="31.39083280228078365325927734375" lon="119.49155674315989017486572265625">
        <ele>3.7999999523162841796875</ele>
        <time>2025-02-18T23:05:13.000Z</time>
        <extensions>
          <ns3:TrackPointExtension/>
        </extensions>
      </trkpt>
      <trkpt lat="31.39083556830883026123046875" lon="119.4915296696126461029052734375">
        <ele>3.599999904632568359375</ele>
        <time>2025-02-18T23:05:14.000Z</time>
        <extensions>
          <ns3:TrackPointExtension/>
        </extensions>
      </trkpt>
      <trkpt lat="31.3908380828797817230224609375" lon="119.49150167405605316162109375">
        <ele>3.400000095367431640625</ele>
        <time>2025-02-18T23:05:15.000Z</time>
        <extensions>
          <ns3:TrackPointExtension>
            <ns3:hr>150</ns3:hr>
          </ns3:TrackPointExtension>
        </extensions>
      </trkpt>
      <trkpt lat="31.39084051363170146942138671875" lon="119.49147284030914306640625">
        <ele>3.400000095367431640625</ele>
        <time>2025-02-18T23:05:16.000Z</time>
        <extensions>
          <ns3:TrackPointExtension/>
        </extensions>
      </trkpt>
      <trkpt lat="31.39084319584071636199951171875" lon="119.4914435036480426788330078125">
        <ele>3.2000000476837158203125</ele>
        <time>2025-02-18T23:05:17.000Z</time>
        <extensions>
          <ns3:TrackPointExtension/>
        </extensions>
      </trkpt>
      <trkpt lat="31.3908468000590801239013671875" lon="119.49141441844403743743896484375">
        <ele>3.2000000476837158203125</ele>
        <time>2025-02-18T23:05:18.000Z</time>
        <extensions>
          <ns3:TrackPointExtension/>
        </extensions>
      </trkpt>
      <trkpt lat="31.3908504880964756011962890625" lon="119.4913855008780956268310546875">
        <ele>3.2000000476837158203125</ele>
        <time>2025-02-18T23:05:19.000Z</time>
        <extensions>
          <ns3:TrackPointExtension/>
        </extensions>
      </trkpt>
      <trkpt lat="31.39085308648645877838134765625" lon="119.4913570024073123931884765625">
        <ele>3.2000000476837158203125</ele>
        <time>2025-02-18T23:05:20.000Z</time>
        <extensions>
          <ns3:TrackPointExtension>
            <ns3:hr>150</ns3:hr>
          </ns3:TrackPointExtension>
        </extensions>
      </trkpt>
      <trkpt lat="31.39085493050515651702880859375" lon="119.49132892303168773651123046875">
        <ele>3.2000000476837158203125</ele>
        <time>2025-02-18T23:05:21.000Z</time>
        <extensions>
          <ns3:TrackPointExtension/>
        </extensions>
      </trkpt>
      <trkpt lat="31.3908571936190128326416015625" lon="119.491301514208316802978515625">
        <ele>3.2000000476837158203125</ele>
        <time>2025-02-18T23:05:22.000Z</time>
        <extensions>
          <ns3:TrackPointExtension/>
        </extensions>
      </trkpt>
      <trkpt lat="31.39086012728512287139892578125" lon="119.49127393774688243865966796875">
        <ele>3.2000000476837158203125</ele>
        <time>2025-02-18T23:05:23.000Z</time>
        <extensions>
          <ns3:TrackPointExtension/>
        </extensions>
      </trkpt>
      <trkpt lat="31.39086398296058177947998046875" lon="119.49124644510447978973388671875">
        <ele>3.400000095367431640625</ele>
        <time>2025-02-18T23:05:24.000Z</time>
        <extensions>
          <ns3:TrackPointExtension/>
        </extensions>
      </trkpt>
      <trkpt lat="31.39086850918829441070556640625" lon="119.4912181980907917022705078125">
        <ele>3.400000095367431640625</ele>
        <time>2025-02-18T23:05:25.000Z</time>
        <extensions>
          <ns3:TrackPointExtension/>
        </extensions>
      </trkpt>
      <trkpt lat="31.39087253250181674957275390625" lon="119.491188526153564453125">
        <ele>3.599999904632568359375</ele>
        <time>2025-02-18T23:05:26.000Z</time>
        <extensions>
          <ns3:TrackPointExtension>
            <ns3:hr>148</ns3:hr>
          </ns3:TrackPointExtension>
        </extensions>
      </trkpt>
      <trkpt lat="31.39087504707276821136474609375" lon="119.4911581836640834808349609375">
        <ele>3.599999904632568359375</ele>
        <time>2025-02-18T23:05:27.000Z</time>
        <extensions>
          <ns3:TrackPointExtension/>
        </extensions>
      </trkpt>
      <trkpt lat="31.3908763043582439422607421875" lon="119.49112750589847564697265625">
        <ele>3.7999999523162841796875</ele>
        <time>2025-02-18T23:05:28.000Z</time>
        <extensions>
          <ns3:TrackPointExtension/>
        </extensions>
      </trkpt>
      <trkpt lat="31.39087772928178310394287109375" lon="119.4910971634089946746826171875">
        <ele>4.19999980926513671875</ele>
        <time>2025-02-18T23:05:29.000Z</time>
        <extensions>
          <ns3:TrackPointExtension/>
        </extensions>
      </trkpt>
      <trkpt lat="31.390879154205322265625" lon="119.49106849730014801025390625">
        <ele>4.400000095367431640625</ele>
        <time>2025-02-18T23:05:30.000Z</time>
        <extensions>
          <ns3:TrackPointExtension>
            <ns3:hr>150</ns3:hr>
          </ns3:TrackPointExtension>
        </extensions>
      </trkpt>
      <trkpt lat="31.3908804953098297119140625" lon="119.4910421781241893768310546875">
        <ele>4.400000095367431640625</ele>
        <time>2025-02-18T23:05:31.000Z</time>
        <extensions>
          <ns3:TrackPointExtension/>
        </extensions>
      </trkpt>
      <trkpt lat="31.39088208787143230438232421875" lon="119.491016864776611328125">
        <ele>4.80000019073486328125</ele>
        <time>2025-02-18T23:05:32.000Z</time>
        <extensions>
          <ns3:TrackPointExtension/>
        </extensions>
      </trkpt>
      <trkpt lat="31.39088393189013004302978515625" lon="119.490990377962589263916015625">
        <ele>5.19999980926513671875</ele>
        <time>2025-02-18T23:05:33.000Z</time>
        <extensions>
          <ns3:TrackPointExtension/>
        </extensions>
      </trkpt>
      <trkpt lat="31.39088611118495464324951171875" lon="119.49096120893955230712890625">
        <ele>5.599999904632568359375</ele>
        <time>2025-02-18T23:05:34.000Z</time>
        <extensions>
          <ns3:TrackPointExtension/>
        </extensions>
      </trkpt>
      <trkpt lat="31.39088829047977924346923828125" lon="119.49093145318329334259033203125">
        <ele>6</ele>
        <time>2025-02-18T23:05:35.000Z</time>
        <extensions>
          <ns3:TrackPointExtension/>
        </extensions>
      </trkpt>
      <trkpt lat="31.390890218317508697509765625" lon="119.49090127833187580108642578125">
        <ele>6.599999904632568359375</ele>
        <time>2025-02-18T23:05:36.000Z</time>
        <extensions>
          <ns3:TrackPointExtension>
            <ns3:hr>150</ns3:hr>
          </ns3:TrackPointExtension>
        </extensions>
      </trkpt>
      <trkpt lat="31.3908912241458892822265625" lon="119.490871019661426544189453125">
        <ele>6.80000019073486328125</ele>
        <time>2025-02-18T23:05:37.000Z</time>
        <extensions>
          <ns3:TrackPointExtension/>
        </extensions>
      </trkpt>
      <trkpt lat="31.3908917270600795745849609375" lon="119.490841515362262725830078125">
        <ele>7</ele>
        <time>2025-02-18T23:05:38.000Z</time>
        <extensions>
          <ns3:TrackPointExtension/>
        </extensions>
      </trkpt>
      <trkpt lat="31.3908927328884601593017578125" lon="119.4908125139772891998291015625">
        <ele>7.19999980926513671875</ele>
        <time>2025-02-18T23:05:39.000Z</time>
        <extensions>
          <ns3:TrackPointExtension>
            <ns3:hr>150</ns3:hr>
          </ns3:TrackPointExtension>
        </extensions>
      </trkpt>
      <trkpt lat="31.3908954150974750518798828125" lon="119.49078393168747425079345703125">
        <ele>7.400000095367431640625</ele>
        <time>2025-02-18T23:05:40.000Z</time>
        <extensions>
          <ns3:TrackPointExtension/>
        </extensions>
      </trkpt>
      <trkpt lat="31.39089985750615596771240234375" lon="119.490755684673786163330078125">
        <ele>7.599999904632568359375</ele>
        <time>2025-02-18T23:05:41.000Z</time>
        <extensions>
          <ns3:TrackPointExtension/>
        </extensions>
      </trkpt>
      <trkpt lat="31.3909051381051540374755859375" lon="119.4907283596694469451904296875">
        <ele>7.599999904632568359375</ele>
        <time>2025-02-18T23:05:42.000Z</time>
        <extensions>
          <ns3:TrackPointExtension/>
        </extensions>
      </trkpt>
      <trkpt lat="31.3909101672470569610595703125" lon="119.4907015375792980194091796875">
        <ele>7.80000019073486328125</ele>
        <time>2025-02-18T23:05:43.000Z</time>
        <extensions>
          <ns3:TrackPointExtension/>
        </extensions>
      </trkpt>
      <trkpt lat="31.39091561548411846160888671875" lon="119.49067463167011737823486328125">
        <ele>7.80000019073486328125</ele>
        <time>2025-02-18T23:05:44.000Z</time>
        <extensions>
          <ns3:TrackPointExtension>
            <ns3:hr>149</ns3:hr>
          </ns3:TrackPointExtension>
        </extensions>
      </trkpt>
      <trkpt lat="31.39092274010181427001953125" lon="119.4906462170183658599853515625">
        <ele>8</ele>
        <time>2025-02-18T23:05:45.000Z</time>
        <extensions>
          <ns3:TrackPointExtension/>
        </extensions>
      </trkpt>
      <trkpt lat="31.39093053527176380157470703125" lon="119.490617550909519195556640625">
        <ele>8</ele>
        <time>2025-02-18T23:05:46.000Z</time>
        <extensions>
          <ns3:TrackPointExtension/>
        </extensions>
      </trkpt>
      <trkpt lat="31.39093740843236446380615234375" lon="119.49058963917195796966552734375">
        <ele>7.80000019073486328125</ele>
        <time>2025-02-18T23:05:47.000Z</time>
        <extensions>
          <ns3:TrackPointExtension/>
        </extensions>
      </trkpt>
      <trkpt lat="31.390942521393299102783203125" lon="119.490561895072460174560546875">
        <ele>7.599999904632568359375</ele>
        <time>2025-02-18T23:05:48.000Z</time>
        <extensions>
          <ns3:TrackPointExtension/>
        </extensions>
      </trkpt>
      <trkpt lat="31.39094713144004344940185546875" lon="119.49053364805877208709716796875">
        <ele>7.400000095367431640625</ele>
        <time>2025-02-18T23:05:49.000Z</time>
        <extensions>
          <ns3:TrackPointExtension>
            <ns3:hr>146</ns3:hr>
          </ns3:TrackPointExtension>
        </extensions>
      </trkpt>
      <trkpt lat="31.39095249585807323455810546875" lon="119.49050380848348140716552734375">
        <ele>7.400000095367431640625</ele>
        <time>2025-02-18T23:05:50.000Z</time>
        <extensions>
          <ns3:TrackPointExtension/>
        </extensions>
      </trkpt>
      <trkpt lat="31.39095802791416645050048828125" lon="119.49047380127012729644775390625">
        <ele>7.19999980926513671875</ele>
        <time>2025-02-18T23:05:51.000Z</time>
        <extensions>
          <ns3:TrackPointExtension/>
        </extensions>
      </trkpt>
      <trkpt lat="31.39096255414187908172607421875" lon="119.4904447160661220550537109375">
        <ele>7.19999980926513671875</ele>
        <time>2025-02-18T23:05:52.000Z</time>
        <extensions>
          <ns3:TrackPointExtension/>
        </extensions>
      </trkpt>
      <trkpt lat="31.3909658230841159820556640625" lon="119.49041697196662425994873046875">
        <ele>7</ele>
        <time>2025-02-18T23:05:53.000Z</time>
        <extensions>
          <ns3:TrackPointExtension/>
        </extensions>
      </trkpt>
      <trkpt lat="31.39096967875957489013671875" lon="119.4903893955051898956298828125">
        <ele>7</ele>
        <time>2025-02-18T23:05:54.000Z</time>
        <extensions>
          <ns3:TrackPointExtension/>
        </extensions>
      </trkpt>
      <trkpt lat="31.390974707901477813720703125" lon="119.4903624057769775390625">
        <ele>7</ele>
        <time>2025-02-18T23:05:55.000Z</time>
        <extensions>
          <ns3:TrackPointExtension/>
        </extensions>
      </trkpt>
      <trkpt lat="31.39097965322434902191162109375" lon="119.4903360866010189056396484375">
        <ele>6.80000019073486328125</ele>
        <time>2025-02-18T23:05:56.000Z</time>
        <extensions>
          <ns3:TrackPointExtension/>
        </extensions>
      </trkpt>
      <trkpt lat="31.39098367653787136077880859375" lon="119.490309767425060272216796875">
        <ele>6.80000019073486328125</ele>
        <time>2025-02-18T23:05:57.000Z</time>
        <extensions>
          <ns3:TrackPointExtension>
            <ns3:hr>144</ns3:hr>
          </ns3:TrackPointExtension>
        </extensions>
      </trkpt>
      <trkpt lat="31.3909872807562351226806640625" lon="119.49028252623975276947021484375">
        <ele>6.599999904632568359375</ele>
        <time>2025-02-18T23:05:58.000Z</time>
        <extensions>
          <ns3:TrackPointExtension/>
        </extensions>
      </trkpt>
      <trkpt lat="31.390990801155567169189453125" lon="119.490254111588001251220703125">
        <ele>6.599999904632568359375</ele>
        <time>2025-02-18T23:05:59.000Z</time>
        <extensions>
          <ns3:TrackPointExtension/>
        </extensions>
      </trkpt>
      <trkpt lat="31.3909936510026454925537109375" lon="119.49022569693624973297119140625">
        <ele>6.400000095367431640625</ele>
        <time>2025-02-18T23:06:00.000Z</time>
        <extensions>
          <ns3:TrackPointExtension>
            <ns3:hr>143</ns3:hr>
          </ns3:TrackPointExtension>
        </extensions>
      </trkpt>
      <trkpt lat="31.39099515974521636962890625" lon="119.49019870720803737640380859375">
        <ele>6.400000095367431640625</ele>
        <time>2025-02-18T23:06:01.000Z</time>
        <extensions>
          <ns3:TrackPointExtension/>
        </extensions>
      </trkpt>
      <trkpt lat="31.39099474065005779266357421875" lon="119.490171633660793304443359375">
        <ele>6.400000095367431640625</ele>
        <time>2025-02-18T23:06:02.000Z</time>
        <extensions>
          <ns3:TrackPointExtension/>
        </extensions>
      </trkpt>
      <trkpt lat="31.39099239371716976165771484375" lon="119.49014221318066120147705078125">
        <ele>6.19999980926513671875</ele>
        <time>2025-02-18T23:06:03.000Z</time>
        <extensions>
          <ns3:TrackPointExtension/>
        </extensions>
      </trkpt>
      <trkpt lat="31.39098853804171085357666015625" lon="119.49011220596730709075927734375">
        <ele>6</ele>
        <time>2025-02-18T23:06:04.000Z</time>
        <extensions>
          <ns3:TrackPointExtension/>
        </extensions>
      </trkpt>
      <trkpt lat="31.3909845985472202301025390625" lon="119.49008203111588954925537109375">
        <ele>6</ele>
        <time>2025-02-18T23:06:05.000Z</time>
        <extensions>
          <ns3:TrackPointExtension/>
        </extensions>
      </trkpt>
      <trkpt lat="31.390981413424015045166015625" lon="119.4900500960648059844970703125">
        <ele>5.80000019073486328125</ele>
        <time>2025-02-18T23:06:06.000Z</time>
        <extensions>
          <ns3:TrackPointExtension/>
        </extensions>
      </trkpt>
      <trkpt lat="31.3909788988530635833740234375" lon="119.49001598171889781951904296875">
        <ele>5.599999904632568359375</ele>
        <time>2025-02-18T23:06:07.000Z</time>
        <extensions>
          <ns3:TrackPointExtension>
            <ns3:hr>143</ns3:hr>
          </ns3:TrackPointExtension>
        </extensions>
      </trkpt>
      <trkpt lat="31.3909762166440486907958984375" lon="119.489983208477497100830078125">
        <ele>5.400000095367431640625</ele>
        <time>2025-02-18T23:06:08.000Z</time>
        <extensions>
          <ns3:TrackPointExtension/>
        </extensions>
      </trkpt>
      <trkpt lat="31.390973366796970367431640625" lon="119.48995328508317470550537109375">
        <ele>5.19999980926513671875</ele>
        <time>2025-02-18T23:06:09.000Z</time>
        <extensions>
          <ns3:TrackPointExtension/>
        </extensions>
      </trkpt>
      <trkpt lat="31.39097101986408233642578125" lon="119.48992512188851833343505859375">
        <ele>5</ele>
        <time>2025-02-18T23:06:10.000Z</time>
        <extensions>
          <ns3:TrackPointExtension/>
        </extensions>
      </trkpt>
      <trkpt lat="31.3909691758453845977783203125" lon="119.48989771306514739990234375">
        <ele>4.80000019073486328125</ele>
        <time>2025-02-18T23:06:11.000Z</time>
        <extensions>
          <ns3:TrackPointExtension>
            <ns3:hr>143</ns3:hr>
          </ns3:TrackPointExtension>
        </extensions>
      </trkpt>
      <trkpt lat="31.390968002378940582275390625" lon="119.489869214594364166259765625">
        <ele>4.599999904632568359375</ele>
        <time>2025-02-18T23:06:12.000Z</time>
        <extensions>
          <ns3:TrackPointExtension/>
        </extensions>
      </trkpt>
      <trkpt lat="31.39096808619797229766845703125" lon="119.48983878828585147857666015625">
        <ele>4.400000095367431640625</ele>
        <time>2025-02-18T23:06:13.000Z</time>
        <extensions>
          <ns3:TrackPointExtension>
            <ns3:hr>144</ns3:hr>
          </ns3:TrackPointExtension>
        </extensions>
      </trkpt>
      <trkpt lat="31.39096942730247974395751953125" lon="119.48980676941573619842529296875">
        <ele>4.19999980926513671875</ele>
        <time>2025-02-18T23:06:14.000Z</time>
        <extensions>
          <ns3:TrackPointExtension/>
        </extensions>
      </trkpt>
      <trkpt lat="31.39097127132117748260498046875" lon="119.48977491818368434906005859375">
        <ele>4</ele>
        <time>2025-02-18T23:06:15.000Z</time>
        <extensions>
          <ns3:TrackPointExtension/>
        </extensions>
      </trkpt>
      <trkpt lat="31.39097328297793865203857421875" lon="119.489744491875171661376953125">
        <ele>3.7999999523162841796875</ele>
        <time>2025-02-18T23:06:16.000Z</time>
        <extensions>
          <ns3:TrackPointExtension/>
        </extensions>
      </trkpt>
      <trkpt lat="31.39097562991082668304443359375" lon="119.489714987576007843017578125">
        <ele>3.599999904632568359375</ele>
        <time>2025-02-18T23:06:17.000Z</time>
        <extensions>
          <ns3:TrackPointExtension/>
        </extensions>
      </trkpt>
      <trkpt lat="31.390978395938873291015625" lon="119.489684812724590301513671875">
        <ele>3.400000095367431640625</ele>
        <time>2025-02-18T23:06:18.000Z</time>
        <extensions>
          <ns3:TrackPointExtension/>
        </extensions>
      </trkpt>
      <trkpt lat="31.3909812457859516143798828125" lon="119.48965455405414104461669921875">
        <ele>3.2000000476837158203125</ele>
        <time>2025-02-18T23:06:19.000Z</time>
        <extensions>
          <ns3:TrackPointExtension/>
        </extensions>
      </trkpt>
      <trkpt lat="31.39098417945206165313720703125" lon="119.48962555266916751861572265625">
        <ele>3</ele>
        <time>2025-02-18T23:06:20.000Z</time>
        <extensions>
          <ns3:TrackPointExtension/>
        </extensions>
      </trkpt>
      <trkpt lat="31.39098736457526683807373046875" lon="119.489597640931606292724609375">
        <ele>2.7999999523162841796875</ele>
        <time>2025-02-18T23:06:21.000Z</time>
        <extensions>
          <ns3:TrackPointExtension/>
        </extensions>
      </trkpt>
      <trkpt lat="31.3909909687936305999755859375" lon="119.48957048356533050537109375">
        <ele>2.599999904632568359375</ele>
        <time>2025-02-18T23:06:22.000Z</time>
        <extensions>
          <ns3:TrackPointExtension>
            <ns3:hr>146</ns3:hr>
          </ns3:TrackPointExtension>
        </extensions>
      </trkpt>
      <trkpt lat="31.39099515974521636962890625" lon="119.48954391293227672576904296875">
        <ele>2.400000095367431640625</ele>
        <time>2025-02-18T23:06:23.000Z</time>
        <extensions>
          <ns3:TrackPointExtension/>
        </extensions>
      </trkpt>
      <trkpt lat="31.39099909923970699310302734375" lon="119.4895173422992229461669921875">
        <ele>2.2000000476837158203125</ele>
        <time>2025-02-18T23:06:24.000Z</time>
        <extensions>
          <ns3:TrackPointExtension/>
        </extensions>
      </trkpt>
      <trkpt lat="31.3910016976296901702880859375" lon="119.4894891791045665740966796875">
        <ele>2.2000000476837158203125</ele>
        <time>2025-02-18T23:06:25.000Z</time>
        <extensions>
          <ns3:TrackPointExtension/>
        </extensions>
      </trkpt>
      <trkpt lat="31.391002871096134185791015625" lon="119.489460177719593048095703125">
        <ele>2.400000095367431640625</ele>
        <time>2025-02-18T23:06:26.000Z</time>
        <extensions>
          <ns3:TrackPointExtension/>
        </extensions>
      </trkpt>
      <trkpt lat="31.391003541648387908935546875" lon="119.489430673420429229736328125">
        <ele>2.599999904632568359375</ele>
        <time>2025-02-18T23:06:27.000Z</time>
        <extensions>
          <ns3:TrackPointExtension>
            <ns3:hr>150</ns3:hr>
          </ns3:TrackPointExtension>
        </extensions>
      </trkpt>
      <trkpt lat="31.39100429601967334747314453125" lon="119.48940016329288482666015625">
        <ele>2.7999999523162841796875</ele>
        <time>2025-02-18T23:06:28.000Z</time>
        <extensions>
          <ns3:TrackPointExtension/>
        </extensions>
      </trkpt>
      <trkpt lat="31.391005553305149078369140625" lon="119.48936931788921356201171875">
        <ele>3</ele>
        <time>2025-02-18T23:06:29.000Z</time>
        <extensions>
          <ns3:TrackPointExtension/>
        </extensions>
      </trkpt>
      <trkpt lat="31.39100748114287853240966796875" lon="119.4893393106758594512939453125">
        <ele>3.2000000476837158203125</ele>
        <time>2025-02-18T23:06:30.000Z</time>
        <extensions>
          <ns3:TrackPointExtension/>
        </extensions>
      </trkpt>
      <trkpt lat="31.3910092413425445556640625" lon="119.489310644567012786865234375">
        <ele>3.400000095367431640625</ele>
        <time>2025-02-18T23:06:31.000Z</time>
        <extensions>
          <ns3:TrackPointExtension/>
        </extensions>
      </trkpt>
      <trkpt lat="31.391009576618671417236328125" lon="119.48928373865783214569091796875">
        <ele>3.599999904632568359375</ele>
        <time>2025-02-18T23:06:32.000Z</time>
        <extensions>
          <ns3:TrackPointExtension>
            <ns3:hr>150</ns3:hr>
          </ns3:TrackPointExtension>
        </extensions>
      </trkpt>
      <trkpt lat="31.3910080678761005401611328125" lon="119.4892571680247783660888671875">
        <ele>3.7999999523162841796875</ele>
        <time>2025-02-18T23:06:33.000Z</time>
        <extensions>
          <ns3:TrackPointExtension/>
        </extensions>
      </trkpt>
      <trkpt lat="31.39100588858127593994140625" lon="119.48922959156334400177001953125">
        <ele>4</ele>
        <time>2025-02-18T23:06:34.000Z</time>
        <extensions>
          <ns3:TrackPointExtension/>
        </extensions>
      </trkpt>
      <trkpt lat="31.3910043798387050628662109375" lon="119.4892011769115924835205078125">
        <ele>4.19999980926513671875</ele>
        <time>2025-02-18T23:06:35.000Z</time>
        <extensions>
          <ns3:TrackPointExtension/>
        </extensions>
      </trkpt>
      <trkpt lat="31.39100454747676849365234375" lon="119.4891726784408092498779296875">
        <ele>4.400000095367431640625</ele>
        <time>2025-02-18T23:06:36.000Z</time>
        <extensions>
          <ns3:TrackPointExtension/>
        </extensions>
      </trkpt>
      <trkpt lat="31.39100697822868824005126953125" lon="119.48914459906518459320068359375">
        <ele>4.599999904632568359375</ele>
        <time>2025-02-18T23:06:37.000Z</time>
        <extensions>
          <ns3:TrackPointExtension>
            <ns3:hr>150</ns3:hr>
          </ns3:TrackPointExtension>
        </extensions>
      </trkpt>
      <trkpt lat="31.39101100154221057891845703125" lon="119.4891160167753696441650390625">
        <ele>4.80000019073486328125</ele>
        <time>2025-02-18T23:06:38.000Z</time>
        <extensions>
          <ns3:TrackPointExtension>
            <ns3:hr>150</ns3:hr>
          </ns3:TrackPointExtension>
        </extensions>
      </trkpt>
      <trkpt lat="31.39101519249379634857177734375" lon="119.48908709920942783355712890625">
        <ele>5</ele>
        <time>2025-02-18T23:06:39.000Z</time>
        <extensions>
          <ns3:TrackPointExtension/>
        </extensions>
      </trkpt>
      <trkpt lat="31.39101904816925525665283203125" lon="119.48905809782445430755615234375">
        <ele>5.19999980926513671875</ele>
        <time>2025-02-18T23:06:40.000Z</time>
        <extensions>
          <ns3:TrackPointExtension/>
        </extensions>
      </trkpt>
      <trkpt lat="31.391022987663745880126953125" lon="119.48902943171560764312744140625">
        <ele>5.400000095367431640625</ele>
        <time>2025-02-18T23:06:41.000Z</time>
        <extensions>
          <ns3:TrackPointExtension/>
        </extensions>
      </trkpt>
      <trkpt lat="31.39102726243436336517333984375" lon="119.4890011847019195556640625">
        <ele>5.599999904632568359375</ele>
        <time>2025-02-18T23:06:42.000Z</time>
        <extensions>
          <ns3:TrackPointExtension/>
        </extensions>
      </trkpt>
      <trkpt lat="31.39103229157626628875732421875" lon="119.48897277005016803741455078125">
        <ele>5.80000019073486328125</ele>
        <time>2025-02-18T23:06:43.000Z</time>
        <extensions>
          <ns3:TrackPointExtension/>
        </extensions>
      </trkpt>
      <trkpt lat="31.3910375721752643585205078125" lon="119.48894460685551166534423828125">
        <ele>6</ele>
        <time>2025-02-18T23:06:44.000Z</time>
        <extensions>
          <ns3:TrackPointExtension/>
        </extensions>
      </trkpt>
      <trkpt lat="31.39104209840297698974609375" lon="119.48891694657504558563232421875">
        <ele>6</ele>
        <time>2025-02-18T23:06:45.000Z</time>
        <extensions>
          <ns3:TrackPointExtension/>
        </extensions>
      </trkpt>
      <trkpt lat="31.39104587025940418243408203125" lon="119.48888945393264293670654296875">
        <ele>6</ele>
        <time>2025-02-18T23:06:46.000Z</time>
        <extensions>
          <ns3:TrackPointExtension>
            <ns3:hr>146</ns3:hr>
          </ns3:TrackPointExtension>
        </extensions>
      </trkpt>
      <trkpt lat="31.39104989357292652130126953125" lon="119.48886095546185970306396484375">
        <ele>6</ele>
        <time>2025-02-18T23:06:47.000Z</time>
        <extensions>
          <ns3:TrackPointExtension/>
        </extensions>
      </trkpt>
      <trkpt lat="31.3910546712577342987060546875" lon="119.48883111588656902313232421875">
        <ele>6</ele>
        <time>2025-02-18T23:06:48.000Z</time>
        <extensions>
          <ns3:TrackPointExtension>
            <ns3:hr>146</ns3:hr>
          </ns3:TrackPointExtension>
        </extensions>
      </trkpt>
      <trkpt lat="31.39105978421866893768310546875" lon="119.48880027048289775848388671875">
        <ele>6</ele>
        <time>2025-02-18T23:06:49.000Z</time>
        <extensions>
          <ns3:TrackPointExtension/>
        </extensions>
      </trkpt>
      <trkpt lat="31.39106531627476215362548828125" lon="119.4887700118124485015869140625">
        <ele>6</ele>
        <time>2025-02-18T23:06:50.000Z</time>
        <extensions>
          <ns3:TrackPointExtension/>
        </extensions>
      </trkpt>
      <trkpt lat="31.39107185415923595428466796875" lon="119.488740675151348114013671875">
        <ele>6</ele>
        <time>2025-02-18T23:06:51.000Z</time>
        <extensions>
          <ns3:TrackPointExtension/>
        </extensions>
      </trkpt>
      <trkpt lat="31.39107839204370975494384765625" lon="119.48871217668056488037109375">
        <ele>6</ele>
        <time>2025-02-18T23:06:52.000Z</time>
        <extensions>
          <ns3:TrackPointExtension/>
        </extensions>
      </trkpt>
      <trkpt lat="31.3910835050046443939208984375" lon="119.4886845164000988006591796875">
        <ele>5.80000019073486328125</ele>
        <time>2025-02-18T23:06:53.000Z</time>
        <extensions>
          <ns3:TrackPointExtension/>
        </extensions>
      </trkpt>
      <trkpt lat="31.39108627103269100189208984375" lon="119.48865777812898159027099609375">
        <ele>5.599999904632568359375</ele>
        <time>2025-02-18T23:06:54.000Z</time>
        <extensions>
          <ns3:TrackPointExtension/>
        </extensions>
      </trkpt>
      <trkpt lat="31.3910881988704204559326171875" lon="119.48863212950527667999267578125">
        <ele>5.400000095367431640625</ele>
        <time>2025-02-18T23:06:55.000Z</time>
        <extensions>
          <ns3:TrackPointExtension/>
        </extensions>
      </trkpt>
      <trkpt lat="31.39109096489846706390380859375" lon="119.48860530741512775421142578125">
        <ele>5.19999980926513671875</ele>
        <time>2025-02-18T23:06:56.000Z</time>
        <extensions>
          <ns3:TrackPointExtension/>
        </extensions>
      </trkpt>
      <trkpt lat="31.39109440147876739501953125" lon="119.48857647366821765899658203125">
        <ele>5</ele>
        <time>2025-02-18T23:06:57.000Z</time>
        <extensions>
          <ns3:TrackPointExtension>
            <ns3:hr>144</ns3:hr>
          </ns3:TrackPointExtension>
        </extensions>
      </trkpt>
      <trkpt lat="31.39109783805906772613525390625" lon="119.48854663409292697906494140625">
        <ele>4.80000019073486328125</ele>
        <time>2025-02-18T23:06:58.000Z</time>
        <extensions>
          <ns3:TrackPointExtension>
            <ns3:hr>144</ns3:hr>
          </ns3:TrackPointExtension>
        </extensions>
      </trkpt>
      <trkpt lat="31.39110102318227291107177734375" lon="119.48851696215569972991943359375">
        <ele>4.599999904632568359375</ele>
        <time>2025-02-18T23:06:59.000Z</time>
        <extensions>
          <ns3:TrackPointExtension/>
        </extensions>
      </trkpt>
      <trkpt lat="31.39110420830547809600830078125" lon="119.4884870387613773345947265625">
        <ele>4.400000095367431640625</ele>
        <time>2025-02-18T23:07:00.000Z</time>
        <extensions>
          <ns3:TrackPointExtension/>
        </extensions>
      </trkpt>
      <trkpt lat="31.391107477247714996337890625" lon="119.488457031548023223876953125">
        <ele>4.19999980926513671875</ele>
        <time>2025-02-18T23:07:01.000Z</time>
        <extensions>
          <ns3:TrackPointExtension/>
        </extensions>
      </trkpt>
      <trkpt lat="31.3911106623709201812744140625" lon="119.4884271919727325439453125">
        <ele>4.19999980926513671875</ele>
        <time>2025-02-18T23:07:02.000Z</time>
        <extensions>
          <ns3:TrackPointExtension/>
        </extensions>
      </trkpt>
      <trkpt lat="31.39111326076090335845947265625" lon="119.48839810676872730255126953125">
        <ele>4</ele>
        <time>2025-02-18T23:07:03.000Z</time>
        <extensions>
          <ns3:TrackPointExtension/>
        </extensions>
      </trkpt>
      <trkpt lat="31.3911151885986328125" lon="119.48837027885019779205322265625">
        <ele>4</ele>
        <time>2025-02-18T23:07:04.000Z</time>
        <extensions>
          <ns3:TrackPointExtension/>
        </extensions>
      </trkpt>
      <trkpt lat="31.39111745171248912811279296875" lon="119.48834261856973171234130859375">
        <ele>4.19999980926513671875</ele>
        <time>2025-02-18T23:07:05.000Z</time>
        <extensions>
          <ns3:TrackPointExtension/>
        </extensions>
      </trkpt>
      <trkpt lat="31.39111979864537715911865234375" lon="119.4883145391941070556640625">
        <ele>4.19999980926513671875</ele>
        <time>2025-02-18T23:07:06.000Z</time>
        <extensions>
          <ns3:TrackPointExtension>
            <ns3:hr>144</ns3:hr>
          </ns3:TrackPointExtension>
        </extensions>
      </trkpt>
      <trkpt lat="31.3911223970353603363037109375" lon="119.48828511871397495269775390625">
        <ele>4.400000095367431640625</ele>
        <time>2025-02-18T23:07:07.000Z</time>
        <extensions>
          <ns3:TrackPointExtension/>
        </extensions>
      </trkpt>
      <trkpt lat="31.39112533070147037506103515625" lon="119.4882560335099697113037109375">
        <ele>4.400000095367431640625</ele>
        <time>2025-02-18T23:07:08.000Z</time>
        <extensions>
          <ns3:TrackPointExtension/>
        </extensions>
      </trkpt>
      <trkpt lat="31.39112901873886585235595703125" lon="119.48822828941047191619873046875">
        <ele>4.599999904632568359375</ele>
        <time>2025-02-18T23:07:09.000Z</time>
        <extensions>
          <ns3:TrackPointExtension>
            <ns3:hr>142</ns3:hr>
          </ns3:TrackPointExtension>
        </extensions>
      </trkpt>
      <trkpt lat="31.39113304205238819122314453125" lon="119.4882007129490375518798828125">
        <ele>4.400000095367431640625</ele>
        <time>2025-02-18T23:07:10.000Z</time>
        <extensions>
          <ns3:TrackPointExtension/>
        </extensions>
      </trkpt>
      <trkpt lat="31.39113656245172023773193359375" lon="119.488173387944698333740234375">
        <ele>4.400000095367431640625</ele>
        <time>2025-02-18T23:07:11.000Z</time>
        <extensions>
          <ns3:TrackPointExtension/>
        </extensions>
      </trkpt>
      <trkpt lat="31.3911398313939571380615234375" lon="119.48814690113067626953125">
        <ele>4.19999980926513671875</ele>
        <time>2025-02-18T23:07:12.000Z</time>
        <extensions>
          <ns3:TrackPointExtension/>
        </extensions>
      </trkpt>
      <trkpt lat="31.39114410616457462310791015625" lon="119.48812016285955905914306640625">
        <ele>4</ele>
        <time>2025-02-18T23:07:13.000Z</time>
        <extensions>
          <ns3:TrackPointExtension/>
        </extensions>
      </trkpt>
      <trkpt lat="31.39115014113485813140869140625" lon="119.48809116147458553314208984375">
        <ele>4.19999980926513671875</ele>
        <time>2025-02-18T23:07:14.000Z</time>
        <extensions>
          <ns3:TrackPointExtension/>
        </extensions>
      </trkpt>
      <trkpt lat="31.39115734957158565521240234375" lon="119.48806165717542171478271484375">
        <ele>4.400000095367431640625</ele>
        <time>2025-02-18T23:07:15.000Z</time>
        <extensions>
          <ns3:TrackPointExtension/>
        </extensions>
      </trkpt>
      <trkpt lat="31.39116506092250347137451171875" lon="119.48803366161882877349853515625">
        <ele>4.80000019073486328125</ele>
        <time>2025-02-18T23:07:16.000Z</time>
        <extensions>
          <ns3:TrackPointExtension>
            <ns3:hr>141</ns3:hr>
          </ns3:TrackPointExtension>
        </extensions>
      </trkpt>
      <trkpt lat="31.39117327518761157989501953125" lon="119.48800784535706043243408203125">
        <ele>5</ele>
        <time>2025-02-18T23:07:17.000Z</time>
        <extensions>
          <ns3:TrackPointExtension/>
        </extensions>
      </trkpt>
      <trkpt lat="31.391182579100131988525390625" lon="119.4879851303994655609130859375">
        <ele>5.19999980926513671875</ele>
        <time>2025-02-18T23:07:18.000Z</time>
        <extensions>
          <ns3:TrackPointExtension>
            <ns3:hr>142</ns3:hr>
          </ns3:TrackPointExtension>
        </extensions>
      </trkpt>
      <trkpt lat="31.39119372703135013580322265625" lon="119.487964846193790435791015625">
        <ele>5.400000095367431640625</ele>
        <time>2025-02-18T23:07:19.000Z</time>
        <extensions>
          <ns3:TrackPointExtension/>
        </extensions>
      </trkpt>
      <trkpt lat="31.39120730571448802947998046875" lon="119.487944729626178741455078125">
        <ele>5.599999904632568359375</ele>
        <time>2025-02-18T23:07:20.000Z</time>
        <extensions>
          <ns3:TrackPointExtension/>
        </extensions>
      </trkpt>
      <trkpt lat="31.39122373424470424652099609375" lon="119.48792218230664730072021484375">
        <ele>6</ele>
        <time>2025-02-18T23:07:21.000Z</time>
        <extensions>
          <ns3:TrackPointExtension/>
        </extensions>
      </trkpt>
      <trkpt lat="31.391242928802967071533203125" lon="119.48789812624454498291015625">
        <ele>6.19999980926513671875</ele>
        <time>2025-02-18T23:07:22.000Z</time>
        <extensions>
          <ns3:TrackPointExtension/>
        </extensions>
      </trkpt>
      <trkpt lat="31.39126379974186420440673828125" lon="119.487874992191791534423828125">
        <ele>6.400000095367431640625</ele>
        <time>2025-02-18T23:07:23.000Z</time>
        <extensions>
          <ns3:TrackPointExtension/>
        </extensions>
      </trkpt>
      <trkpt lat="31.39128559269011020660400390625" lon="119.487853534519672393798828125">
        <ele>6.80000019073486328125</ele>
        <time>2025-02-18T23:07:24.000Z</time>
        <extensions>
          <ns3:TrackPointExtension/>
        </extensions>
      </trkpt>
      <trkpt lat="31.3913088105618953704833984375" lon="119.48783417232334613800048828125">
        <ele>7</ele>
        <time>2025-02-18T23:07:25.000Z</time>
        <extensions>
          <ns3:TrackPointExtension/>
        </extensions>
      </trkpt>
      <trkpt lat="31.39133336953818798065185546875" lon="119.48781858198344707489013671875">
        <ele>7</ele>
        <time>2025-02-18T23:07:26.000Z</time>
        <extensions>
          <ns3:TrackPointExtension>
            <ns3:hr>142</ns3:hr>
          </ns3:TrackPointExtension>
        </extensions>
      </trkpt>
      <trkpt lat="31.3913597725331783294677734375" lon="119.487808607518672943115234375">
        <ele>7</ele>
        <time>2025-02-18T23:07:27.000Z</time>
        <extensions>
          <ns3:TrackPointExtension/>
        </extensions>
      </trkpt>
      <trkpt lat="31.39138734899461269378662109375" lon="119.4878044165670871734619140625">
        <ele>7</ele>
        <time>2025-02-18T23:07:28.000Z</time>
        <extensions>
          <ns3:TrackPointExtension/>
        </extensions>
      </trkpt>
      <trkpt lat="31.39141467399895191192626953125" lon="119.48780500330030918121337890625">
        <ele>7</ele>
        <time>2025-02-18T23:07:29.000Z</time>
        <extensions>
          <ns3:TrackPointExtension/>
        </extensions>
      </trkpt>
      <trkpt lat="31.3914405740797519683837890625" lon="119.48780768550932407379150390625">
        <ele>6.80000019073486328125</ele>
        <time>2025-02-18T23:07:30.000Z</time>
        <extensions>
          <ns3:TrackPointExtension/>
        </extensions>
      </trkpt>
      <trkpt lat="31.39146479777991771697998046875" lon="119.487810619175434112548828125">
        <ele>6.599999904632568359375</ele>
        <time>2025-02-18T23:07:31.000Z</time>
        <extensions>
          <ns3:TrackPointExtension/>
        </extensions>
      </trkpt>
      <trkpt lat="31.39148843474686145782470703125" lon="119.48781321756541728973388671875">
        <ele>6.599999904632568359375</ele>
        <time>2025-02-18T23:07:32.000Z</time>
        <extensions>
          <ns3:TrackPointExtension>
            <ns3:hr>143</ns3:hr>
          </ns3:TrackPointExtension>
        </extensions>
      </trkpt>
      <trkpt lat="31.39151148498058319091796875" lon="119.4878154806792736053466796875">
        <ele>6.400000095367431640625</ele>
        <time>2025-02-18T23:07:33.000Z</time>
        <extensions>
          <ns3:TrackPointExtension>
            <ns3:hr>144</ns3:hr>
          </ns3:TrackPointExtension>
        </extensions>
      </trkpt>
      <trkpt lat="31.391533948481082916259765625" lon="119.48781841434538364410400390625">
        <ele>6.400000095367431640625</ele>
        <time>2025-02-18T23:07:34.000Z</time>
        <extensions>
          <ns3:TrackPointExtension/>
        </extensions>
      </trkpt>
      <trkpt lat="31.3915565796196460723876953125" lon="119.48782109655439853668212890625">
        <ele>6.19999980926513671875</ele>
        <time>2025-02-18T23:07:35.000Z</time>
        <extensions>
          <ns3:TrackPointExtension/>
        </extensions>
      </trkpt>
      <trkpt lat="31.3915803842246532440185546875" lon="119.48782277293503284454345703125">
        <ele>6</ele>
        <time>2025-02-18T23:07:36.000Z</time>
        <extensions>
          <ns3:TrackPointExtension/>
        </extensions>
      </trkpt>
      <trkpt lat="31.39160494320094585418701171875" lon="119.48782394640147686004638671875">
        <ele>6</ele>
        <time>2025-02-18T23:07:37.000Z</time>
        <extensions>
          <ns3:TrackPointExtension/>
        </extensions>
      </trkpt>
      <trkpt lat="31.39163008891046047210693359375" lon="119.4878252036869525909423828125">
        <ele>6</ele>
        <time>2025-02-18T23:07:38.000Z</time>
        <extensions>
          <ns3:TrackPointExtension/>
        </extensions>
      </trkpt>
      <trkpt lat="31.39165607281029224395751953125" lon="119.487826041877269744873046875">
        <ele>6</ele>
        <time>2025-02-18T23:07:39.000Z</time>
        <extensions>
          <ns3:TrackPointExtension/>
        </extensions>
      </trkpt>
      <trkpt lat="31.3916826434433460235595703125" lon="119.48782629333436489105224609375">
        <ele>6</ele>
        <time>2025-02-18T23:07:40.000Z</time>
        <extensions>
          <ns3:TrackPointExtension/>
        </extensions>
      </trkpt>
      <trkpt lat="31.3917094655334949493408203125" lon="119.48782528750598430633544921875">
        <ele>6</ele>
        <time>2025-02-18T23:07:41.000Z</time>
        <extensions>
          <ns3:TrackPointExtension/>
        </extensions>
      </trkpt>
      <trkpt lat="31.39173570089042186737060546875" lon="119.4878231920301914215087890625">
        <ele>6</ele>
        <time>2025-02-18T23:07:42.000Z</time>
        <extensions>
          <ns3:TrackPointExtension>
            <ns3:hr>147</ns3:hr>
          </ns3:TrackPointExtension>
        </extensions>
      </trkpt>
      <trkpt lat="31.391761936247348785400390625" lon="119.487820677459239959716796875">
        <ele>6.19999980926513671875</ele>
        <time>2025-02-18T23:07:43.000Z</time>
        <extensions>
          <ns3:TrackPointExtension/>
        </extensions>
      </trkpt>
      <trkpt lat="31.39178775250911712646484375" lon="119.48781874962151050567626953125">
        <ele>6.19999980926513671875</ele>
        <time>2025-02-18T23:07:44.000Z</time>
        <extensions>
          <ns3:TrackPointExtension/>
        </extensions>
      </trkpt>
      <trkpt lat="31.39181314967572689056396484375" lon="119.48781841434538364410400390625">
        <ele>6.19999980926513671875</ele>
        <time>2025-02-18T23:07:45.000Z</time>
        <extensions>
          <ns3:TrackPointExtension/>
        </extensions>
      </trkpt>
      <trkpt lat="31.3918380439281463623046875" lon="119.48781925253570079803466796875">
        <ele>6.19999980926513671875</ele>
        <time>2025-02-18T23:07:46.000Z</time>
        <extensions>
          <ns3:TrackPointExtension>
            <ns3:hr>146</ns3:hr>
          </ns3:TrackPointExtension>
        </extensions>
      </trkpt>
      <trkpt lat="31.39186226762831211090087890625" lon="119.487820006906986236572265625">
        <ele>6</ele>
        <time>2025-02-18T23:07:47.000Z</time>
        <extensions>
          <ns3:TrackPointExtension/>
        </extensions>
      </trkpt>
      <trkpt lat="31.39188540168106555938720703125" lon="119.4878195039927959442138671875">
        <ele>6</ele>
        <time>2025-02-18T23:07:48.000Z</time>
        <extensions>
          <ns3:TrackPointExtension>
            <ns3:hr>146</ns3:hr>
          </ns3:TrackPointExtension>
        </extensions>
      </trkpt>
      <trkpt lat="31.39190820045769214630126953125" lon="119.48781740851700305938720703125">
        <ele>6</ele>
        <time>2025-02-18T23:07:49.000Z</time>
        <extensions>
          <ns3:TrackPointExtension/>
        </extensions>
      </trkpt>
      <trkpt lat="31.39193150214850902557373046875" lon="119.48781363666057586669921875">
        <ele>5.80000019073486328125</ele>
        <time>2025-02-18T23:07:50.000Z</time>
        <extensions>
          <ns3:TrackPointExtension/>
        </extensions>
      </trkpt>
      <trkpt lat="31.3919552229344844818115234375" lon="119.48780835606157779693603515625">
        <ele>5.80000019073486328125</ele>
        <time>2025-02-18T23:07:51.000Z</time>
        <extensions>
          <ns3:TrackPointExtension/>
        </extensions>
      </trkpt>
      <trkpt lat="31.3919796980917453765869140625" lon="119.48780181817710399627685546875">
        <ele>5.80000019073486328125</ele>
        <time>2025-02-18T23:07:52.000Z</time>
        <extensions>
          <ns3:TrackPointExtension/>
        </extensions>
      </trkpt>
      <trkpt lat="31.39200442470610141754150390625" lon="119.487794525921344757080078125">
        <ele>5.80000019073486328125</ele>
        <time>2025-02-18T23:07:53.000Z</time>
        <extensions>
          <ns3:TrackPointExtension/>
        </extensions>
      </trkpt>
      <trkpt lat="31.39202923513948917388916015625" lon="119.48778823949396610260009765625">
        <ele>5.80000019073486328125</ele>
        <time>2025-02-18T23:07:54.000Z</time>
        <extensions>
          <ns3:TrackPointExtension/>
        </extensions>
      </trkpt>
      <trkpt lat="31.3920537941157817840576171875" lon="119.48778337799012660980224609375">
        <ele>5.80000019073486328125</ele>
        <time>2025-02-18T23:07:55.000Z</time>
        <extensions>
          <ns3:TrackPointExtension/>
        </extensions>
      </trkpt>
      <trkpt lat="31.392078436911106109619140625" lon="119.487779438495635986328125">
        <ele>5.80000019073486328125</ele>
        <time>2025-02-18T23:07:56.000Z</time>
        <extensions>
          <ns3:TrackPointExtension/>
        </extensions>
      </trkpt>
      <trkpt lat="31.39210282824933528900146484375" lon="119.4877765886485576629638671875">
        <ele>5.599999904632568359375</ele>
        <time>2025-02-18T23:07:57.000Z</time>
        <extensions>
          <ns3:TrackPointExtension>
            <ns3:hr>146</ns3:hr>
          </ns3:TrackPointExtension>
        </extensions>
      </trkpt>
      <trkpt lat="31.392126716673374176025390625" lon="119.4877749122679233551025390625">
        <ele>5.599999904632568359375</ele>
        <time>2025-02-18T23:07:58.000Z</time>
        <extensions>
          <ns3:TrackPointExtension/>
        </extensions>
      </trkpt>
      <trkpt lat="31.39214976690709590911865234375" lon="119.48777298443019390106201171875">
        <ele>5.599999904632568359375</ele>
        <time>2025-02-18T23:07:59.000Z</time>
        <extensions>
          <ns3:TrackPointExtension>
            <ns3:hr>146</ns3:hr>
          </ns3:TrackPointExtension>
        </extensions>
      </trkpt>
      <trkpt lat="31.3921714760363101959228515625" lon="119.48776979930698871612548828125">
        <ele>5.599999904632568359375</ele>
        <time>2025-02-18T23:08:00.000Z</time>
        <extensions>
          <ns3:TrackPointExtension/>
        </extensions>
      </trkpt>
      <trkpt lat="31.39219352044165134429931640625" lon="119.48776644654572010040283203125">
        <ele>5.80000019073486328125</ele>
        <time>2025-02-18T23:08:01.000Z</time>
        <extensions>
          <ns3:TrackPointExtension/>
        </extensions>
      </trkpt>
      <trkpt lat="31.3922160677611827850341796875" lon="119.4877638481557369232177734375">
        <ele>5.80000019073486328125</ele>
        <time>2025-02-18T23:08:02.000Z</time>
        <extensions>
          <ns3:TrackPointExtension/>
        </extensions>
      </trkpt>
      <trkpt lat="31.39223844744265079498291015625" lon="119.4877620041370391845703125">
        <ele>5.80000019073486328125</ele>
        <time>2025-02-18T23:08:03.000Z</time>
        <extensions>
          <ns3:TrackPointExtension/>
        </extensions>
      </trkpt>
      <trkpt lat="31.392260827124118804931640625" lon="119.4877601601183414459228515625">
        <ele>5.80000019073486328125</ele>
        <time>2025-02-18T23:08:04.000Z</time>
        <extensions>
          <ns3:TrackPointExtension>
            <ns3:hr>146</ns3:hr>
          </ns3:TrackPointExtension>
        </extensions>
      </trkpt>
      <trkpt lat="31.39228471554815769195556640625" lon="119.48775756172835826873779296875">
        <ele>5.80000019073486328125</ele>
        <time>2025-02-18T23:08:05.000Z</time>
        <extensions>
          <ns3:TrackPointExtension/>
        </extensions>
      </trkpt>
      <trkpt lat="31.3923099450767040252685546875" lon="119.48775404132902622222900390625">
        <ele>5.80000019073486328125</ele>
        <time>2025-02-18T23:08:06.000Z</time>
        <extensions>
          <ns3:TrackPointExtension/>
        </extensions>
      </trkpt>
      <trkpt lat="31.39233492314815521240234375" lon="119.48775035329163074493408203125">
        <ele>5.80000019073486328125</ele>
        <time>2025-02-18T23:08:07.000Z</time>
        <extensions>
          <ns3:TrackPointExtension/>
        </extensions>
      </trkpt>
      <trkpt lat="31.39235897921025753021240234375" lon="119.48774733580648899078369140625">
        <ele>5.599999904632568359375</ele>
        <time>2025-02-18T23:08:08.000Z</time>
        <extensions>
          <ns3:TrackPointExtension>
            <ns3:hr>146</ns3:hr>
          </ns3:TrackPointExtension>
        </extensions>
      </trkpt>
      <trkpt lat="31.39238211326301097869873046875" lon="119.48774649761617183685302734375">
        <ele>5.400000095367431640625</ele>
        <time>2025-02-18T23:08:09.000Z</time>
        <extensions>
          <ns3:TrackPointExtension/>
        </extensions>
      </trkpt>
      <trkpt lat="31.39240507967770099639892578125" lon="119.487748257815837860107421875">
        <ele>5.19999980926513671875</ele>
        <time>2025-02-18T23:08:10.000Z</time>
        <extensions>
          <ns3:TrackPointExtension/>
        </extensions>
      </trkpt>
      <trkpt lat="31.39242787845432758331298828125" lon="119.48775068856775760650634765625">
        <ele>5.19999980926513671875</ele>
        <time>2025-02-18T23:08:11.000Z</time>
        <extensions>
          <ns3:TrackPointExtension/>
        </extensions>
      </trkpt>
      <trkpt lat="31.39245151542127132415771484375" lon="119.487752281129360198974609375">
        <ele>5.19999980926513671875</ele>
        <time>2025-02-18T23:08:12.000Z</time>
        <extensions>
          <ns3:TrackPointExtension/>
        </extensions>
      </trkpt>
      <trkpt lat="31.39247565530240535736083984375" lon="119.4877521134912967681884765625">
        <ele>5</ele>
        <time>2025-02-18T23:08:13.000Z</time>
        <extensions>
          <ns3:TrackPointExtension/>
        </extensions>
      </trkpt>
      <trkpt lat="31.3925010524690151214599609375" lon="119.48775035329163074493408203125">
        <ele>5</ele>
        <time>2025-02-18T23:08:14.000Z</time>
        <extensions>
          <ns3:TrackPointExtension/>
        </extensions>
      </trkpt>
      <trkpt lat="31.3925275392830371856689453125" lon="119.48774800635874271392822265625">
        <ele>4.80000019073486328125</ele>
        <time>2025-02-18T23:08:15.000Z</time>
        <extensions>
          <ns3:TrackPointExtension/>
        </extensions>
      </trkpt>
      <trkpt lat="31.392555199563503265380859375" lon="119.48774666525423526763916015625">
        <ele>4.80000019073486328125</ele>
        <time>2025-02-18T23:08:16.000Z</time>
        <extensions>
          <ns3:TrackPointExtension/>
        </extensions>
      </trkpt>
      <trkpt lat="31.39258294366300106048583984375" lon="119.48774666525423526763916015625">
        <ele>4.599999904632568359375</ele>
        <time>2025-02-18T23:08:17.000Z</time>
        <extensions>
          <ns3:TrackPointExtension>
            <ns3:hr>147</ns3:hr>
          </ns3:TrackPointExtension>
        </extensions>
      </trkpt>
      <trkpt lat="31.3926096819341182708740234375" lon="119.48774817399680614471435546875">
        <ele>4.400000095367431640625</ele>
        <time>2025-02-18T23:08:18.000Z</time>
        <extensions>
          <ns3:TrackPointExtension/>
        </extensions>
      </trkpt>
      <trkpt lat="31.39263491146266460418701171875" lon="119.4877511076629161834716796875">
        <ele>4.400000095367431640625</ele>
        <time>2025-02-18T23:08:19.000Z</time>
        <extensions>
          <ns3:TrackPointExtension/>
        </extensions>
      </trkpt>
      <trkpt lat="31.39265871606767177581787109375" lon="119.48775504715740680694580078125">
        <ele>4.19999980926513671875</ele>
        <time>2025-02-18T23:08:20.000Z</time>
        <extensions>
          <ns3:TrackPointExtension>
            <ns3:hr>147</ns3:hr>
          </ns3:TrackPointExtension>
        </extensions>
      </trkpt>
      <trkpt lat="31.3926827721297740936279296875" lon="119.4877593219280242919921875">
        <ele>4</ele>
        <time>2025-02-18T23:08:21.000Z</time>
        <extensions>
          <ns3:TrackPointExtension/>
        </extensions>
      </trkpt>
      <trkpt lat="31.39270716346800327301025390625" lon="119.48776326142251491546630859375">
        <ele>3.7999999523162841796875</ele>
        <time>2025-02-18T23:08:22.000Z</time>
        <extensions>
          <ns3:TrackPointExtension/>
        </extensions>
      </trkpt>
      <trkpt lat="31.39273130334913730621337890625" lon="119.48776627890765666961669921875">
        <ele>3.7999999523162841796875</ele>
        <time>2025-02-18T23:08:23.000Z</time>
        <extensions>
          <ns3:TrackPointExtension/>
        </extensions>
      </trkpt>
      <trkpt lat="31.39275510795414447784423828125" lon="119.48776745237410068511962890625">
        <ele>3.7999999523162841796875</ele>
        <time>2025-02-18T23:08:24.000Z</time>
        <extensions>
          <ns3:TrackPointExtension/>
        </extensions>
      </trkpt>
      <trkpt lat="31.39277908019721508026123046875" lon="119.48776611126959323883056640625">
        <ele>3.599999904632568359375</ele>
        <time>2025-02-18T23:08:25.000Z</time>
        <extensions>
          <ns3:TrackPointExtension/>
        </extensions>
      </trkpt>
      <trkpt lat="31.39280322007834911346435546875" lon="119.48776259087026119232177734375">
        <ele>3.599999904632568359375</ele>
        <time>2025-02-18T23:08:26.000Z</time>
        <extensions>
          <ns3:TrackPointExtension/>
        </extensions>
      </trkpt>
      <trkpt lat="31.3928279466927051544189453125" lon="119.4877588190138339996337890625">
        <ele>3.400000095367431640625</ele>
        <time>2025-02-18T23:08:27.000Z</time>
        <extensions>
          <ns3:TrackPointExtension>
            <ns3:hr>146</ns3:hr>
          </ns3:TrackPointExtension>
        </extensions>
      </trkpt>
      <trkpt lat="31.3928537629544734954833984375" lon="119.487756974995136260986328125">
        <ele>3.400000095367431640625</ele>
        <time>2025-02-18T23:08:28.000Z</time>
        <extensions>
          <ns3:TrackPointExtension/>
        </extensions>
      </trkpt>
      <trkpt lat="31.39287941157817840576171875" lon="119.48775705881416797637939453125">
        <ele>3.2000000476837158203125</ele>
        <time>2025-02-18T23:08:29.000Z</time>
        <extensions>
          <ns3:TrackPointExtension>
            <ns3:hr>146</ns3:hr>
          </ns3:TrackPointExtension>
        </extensions>
      </trkpt>
      <trkpt lat="31.39290380291640758514404296875" lon="119.48775890283286571502685546875">
        <ele>3.2000000476837158203125</ele>
        <time>2025-02-18T23:08:30.000Z</time>
        <extensions>
          <ns3:TrackPointExtension/>
        </extensions>
      </trkpt>
      <trkpt lat="31.392927356064319610595703125" lon="119.48776066303253173828125">
        <ele>3.2000000476837158203125</ele>
        <time>2025-02-18T23:08:31.000Z</time>
        <extensions>
          <ns3:TrackPointExtension/>
        </extensions>
      </trkpt>
      <trkpt lat="31.39295183122158050537109375" lon="119.48776124976575374603271484375">
        <ele>3.2000000476837158203125</ele>
        <time>2025-02-18T23:08:32.000Z</time>
        <extensions>
          <ns3:TrackPointExtension/>
        </extensions>
      </trkpt>
      <trkpt lat="31.392978318035602569580078125" lon="119.4877611659467220306396484375">
        <ele>3.400000095367431640625</ele>
        <time>2025-02-18T23:08:33.000Z</time>
        <extensions>
          <ns3:TrackPointExtension/>
        </extensions>
      </trkpt>
      <trkpt lat="31.3930056430399417877197265625" lon="119.48776133358478546142578125">
        <ele>3.599999904632568359375</ele>
        <time>2025-02-18T23:08:34.000Z</time>
        <extensions>
          <ns3:TrackPointExtension/>
        </extensions>
      </trkpt>
      <trkpt lat="31.39303321950137615203857421875" lon="119.48776158504188060760498046875">
        <ele>3.7999999523162841796875</ele>
        <time>2025-02-18T23:08:35.000Z</time>
        <extensions>
          <ns3:TrackPointExtension>
            <ns3:hr>147</ns3:hr>
          </ns3:TrackPointExtension>
        </extensions>
      </trkpt>
      <trkpt lat="31.39306037686765193939208984375" lon="119.48776108212769031524658203125">
        <ele>4</ele>
        <time>2025-02-18T23:08:36.000Z</time>
        <extensions>
          <ns3:TrackPointExtension/>
        </extensions>
      </trkpt>
      <trkpt lat="31.39308703131973743438720703125" lon="119.48775974102318286895751953125">
        <ele>4.19999980926513671875</ele>
        <time>2025-02-18T23:08:37.000Z</time>
        <extensions>
          <ns3:TrackPointExtension/>
        </extensions>
      </trkpt>
      <trkpt lat="31.39311267994344234466552734375" lon="119.4877574779093265533447265625">
        <ele>4.400000095367431640625</ele>
        <time>2025-02-18T23:08:38.000Z</time>
        <extensions>
          <ns3:TrackPointExtension/>
        </extensions>
      </trkpt>
      <trkpt lat="31.39313732273876667022705078125" lon="119.4877554662525653839111328125">
        <ele>4.599999904632568359375</ele>
        <time>2025-02-18T23:08:39.000Z</time>
        <extensions>
          <ns3:TrackPointExtension/>
        </extensions>
      </trkpt>
      <trkpt lat="31.39316129498183727264404296875" lon="119.48775370605289936065673828125">
        <ele>4.80000019073486328125</ele>
        <time>2025-02-18T23:08:40.000Z</time>
        <extensions>
          <ns3:TrackPointExtension/>
        </extensions>
      </trkpt>
      <trkpt lat="31.3931845128536224365234375" lon="119.4877527840435504913330078125">
        <ele>4.80000019073486328125</ele>
        <time>2025-02-18T23:08:41.000Z</time>
        <extensions>
          <ns3:TrackPointExtension/>
        </extensions>
      </trkpt>
      <trkpt lat="31.3932073116302490234375" lon="119.487752951681613922119140625">
        <ele>5</ele>
        <time>2025-02-18T23:08:42.000Z</time>
        <extensions>
          <ns3:TrackPointExtension>
            <ns3:hr>146</ns3:hr>
          </ns3:TrackPointExtension>
        </extensions>
      </trkpt>
      <trkpt lat="31.39323069714009761810302734375" lon="119.48775303550064563751220703125">
        <ele>5</ele>
        <time>2025-02-18T23:08:43.000Z</time>
        <extensions>
          <ns3:TrackPointExtension/>
        </extensions>
      </trkpt>
      <trkpt lat="31.3932554237544536590576171875" lon="119.48775320313870906829833984375">
        <ele>5</ele>
        <time>2025-02-18T23:08:44.000Z</time>
        <extensions>
          <ns3:TrackPointExtension>
            <ns3:hr>146</ns3:hr>
          </ns3:TrackPointExtension>
        </extensions>
      </trkpt>
      <trkpt lat="31.39328065328299999237060546875" lon="119.4877531193196773529052734375">
        <ele>5.19999980926513671875</ele>
        <time>2025-02-18T23:08:45.000Z</time>
        <extensions>
          <ns3:TrackPointExtension/>
        </extensions>
      </trkpt>
      <trkpt lat="31.3933057151734828948974609375" lon="119.4877531193196773529052734375">
        <ele>5.19999980926513671875</ele>
        <time>2025-02-18T23:08:46.000Z</time>
        <extensions>
          <ns3:TrackPointExtension/>
        </extensions>
      </trkpt>
      <trkpt lat="31.39333144761621952056884765625" lon="119.48775303550064563751220703125">
        <ele>5.400000095367431640625</ele>
        <time>2025-02-18T23:08:47.000Z</time>
        <extensions>
          <ns3:TrackPointExtension/>
        </extensions>
      </trkpt>
      <trkpt lat="31.39335818588733673095703125" lon="119.48775270022451877593994140625">
        <ele>5.400000095367431640625</ele>
        <time>2025-02-18T23:08:48.000Z</time>
        <extensions>
          <ns3:TrackPointExtension>
            <ns3:hr>147</ns3:hr>
          </ns3:TrackPointExtension>
        </extensions>
      </trkpt>
      <trkpt lat="31.3933855108916759490966796875" lon="119.48775303550064563751220703125">
        <ele>5.599999904632568359375</ele>
        <time>2025-02-18T23:08:49.000Z</time>
        <extensions>
          <ns3:TrackPointExtension/>
        </extensions>
      </trkpt>
      <trkpt lat="31.39341275207698345184326171875" lon="119.48775471188127994537353515625">
        <ele>5.599999904632568359375</ele>
        <time>2025-02-18T23:08:50.000Z</time>
        <extensions>
          <ns3:TrackPointExtension/>
        </extensions>
      </trkpt>
      <trkpt lat="31.39343999326229095458984375" lon="119.48775806464254856109619140625">
        <ele>5.80000019073486328125</ele>
        <time>2025-02-18T23:08:51.000Z</time>
        <extensions>
          <ns3:TrackPointExtension/>
        </extensions>
      </trkpt>
      <trkpt lat="31.39346639625728130340576171875" lon="119.4877615012228488922119140625">
        <ele>5.80000019073486328125</ele>
        <time>2025-02-18T23:08:52.000Z</time>
        <extensions>
          <ns3:TrackPointExtension/>
        </extensions>
      </trkpt>
      <trkpt lat="31.39349137432873249053955078125" lon="119.48776242323219776153564453125">
        <ele>6</ele>
        <time>2025-02-18T23:08:53.000Z</time>
        <extensions>
          <ns3:TrackPointExtension/>
        </extensions>
      </trkpt>
      <trkpt lat="31.39351509511470794677734375" lon="119.487759657204151153564453125">
        <ele>6</ele>
        <time>2025-02-18T23:08:54.000Z</time>
        <extensions>
          <ns3:TrackPointExtension/>
        </extensions>
      </trkpt>
      <trkpt lat="31.393538229167461395263671875" lon="119.48775605298578739166259765625">
        <ele>5.80000019073486328125</ele>
        <time>2025-02-18T23:08:55.000Z</time>
        <extensions>
          <ns3:TrackPointExtension/>
        </extensions>
      </trkpt>
      <trkpt lat="31.39356077648699283599853515625" lon="119.48775404132902622222900390625">
        <ele>5.599999904632568359375</ele>
        <time>2025-02-18T23:08:56.000Z</time>
        <extensions>
          <ns3:TrackPointExtension/>
        </extensions>
      </trkpt>
      <trkpt lat="31.39358290471136569976806640625" lon="119.4877551309764385223388671875">
        <ele>5.400000095367431640625</ele>
        <time>2025-02-18T23:08:57.000Z</time>
        <extensions>
          <ns3:TrackPointExtension>
            <ns3:hr>146</ns3:hr>
          </ns3:TrackPointExtension>
        </extensions>
      </trkpt>
      <trkpt lat="31.393605284392833709716796875" lon="119.48775890283286571502685546875">
        <ele>5.400000095367431640625</ele>
        <time>2025-02-18T23:08:58.000Z</time>
        <extensions>
          <ns3:TrackPointExtension/>
        </extensions>
      </trkpt>
      <trkpt lat="31.3936285860836505889892578125" lon="119.4877635128796100616455078125">
        <ele>5.19999980926513671875</ele>
        <time>2025-02-18T23:08:59.000Z</time>
        <extensions>
          <ns3:TrackPointExtension/>
        </extensions>
      </trkpt>
      <trkpt lat="31.39365255832672119140625" lon="119.48776795528829097747802734375">
        <ele>5</ele>
        <time>2025-02-18T23:09:00.000Z</time>
        <extensions>
          <ns3:TrackPointExtension/>
        </extensions>
      </trkpt>
      <trkpt lat="31.3936765305697917938232421875" lon="119.48777214623987674713134765625">
        <ele>4.80000019073486328125</ele>
        <time>2025-02-18T23:09:01.000Z</time>
        <extensions>
          <ns3:TrackPointExtension/>
        </extensions>
      </trkpt>
      <trkpt lat="31.39370092190802097320556640625" lon="119.487775750458240509033203125">
        <ele>4.599999904632568359375</ele>
        <time>2025-02-18T23:09:02.000Z</time>
        <extensions>
          <ns3:TrackPointExtension>
            <ns3:hr>145</ns3:hr>
          </ns3:TrackPointExtension>
        </extensions>
      </trkpt>
      <trkpt lat="31.39372589997947216033935546875" lon="119.48777784593403339385986328125">
        <ele>4.400000095367431640625</ele>
        <time>2025-02-18T23:09:03.000Z</time>
        <extensions>
          <ns3:TrackPointExtension/>
        </extensions>
      </trkpt>
      <trkpt lat="31.3937516324222087860107421875" lon="119.48777818121016025543212890625">
        <ele>4.19999980926513671875</ele>
        <time>2025-02-18T23:09:04.000Z</time>
        <extensions>
          <ns3:TrackPointExtension/>
        </extensions>
      </trkpt>
      <trkpt lat="31.3937772810459136962890625" lon="119.4877772592008113861083984375">
        <ele>4</ele>
        <time>2025-02-18T23:09:05.000Z</time>
        <extensions>
          <ns3:TrackPointExtension/>
        </extensions>
      </trkpt>
      <trkpt lat="31.39380209147930145263671875" lon="119.48777608573436737060546875">
        <ele>3.7999999523162841796875</ele>
        <time>2025-02-18T23:09:06.000Z</time>
        <extensions>
          <ns3:TrackPointExtension/>
        </extensions>
      </trkpt>
      <trkpt lat="31.393825896084308624267578125" lon="119.48777474462985992431640625">
        <ele>3.599999904632568359375</ele>
        <time>2025-02-18T23:09:07.000Z</time>
        <extensions>
          <ns3:TrackPointExtension>
            <ns3:hr>143</ns3:hr>
          </ns3:TrackPointExtension>
        </extensions>
      </trkpt>
      <trkpt lat="31.393848359584808349609375" lon="119.48777340352535247802734375">
        <ele>3.400000095367431640625</ele>
        <time>2025-02-18T23:09:08.000Z</time>
        <extensions>
          <ns3:TrackPointExtension/>
        </extensions>
      </trkpt>
      <trkpt lat="31.393870152533054351806640625" lon="119.48777206242084503173828125">
        <ele>3.2000000476837158203125</ele>
        <time>2025-02-18T23:09:09.000Z</time>
        <extensions>
          <ns3:TrackPointExtension/>
        </extensions>
      </trkpt>
      <trkpt lat="31.39389219693839550018310546875" lon="119.48777139186859130859375">
        <ele>2.7999999523162841796875</ele>
        <time>2025-02-18T23:09:10.000Z</time>
        <extensions>
          <ns3:TrackPointExtension/>
        </extensions>
      </trkpt>
      <trkpt lat="31.393915079534053802490234375" lon="119.48777231387794017791748046875">
        <ele>2.599999904632568359375</ele>
        <time>2025-02-18T23:09:11.000Z</time>
        <extensions>
          <ns3:TrackPointExtension/>
        </extensions>
      </trkpt>
      <trkpt lat="31.3939383812248706817626953125" lon="119.4877749122679233551025390625">
        <ele>2.400000095367431640625</ele>
        <time>2025-02-18T23:09:12.000Z</time>
        <extensions>
          <ns3:TrackPointExtension>
            <ns3:hr>143</ns3:hr>
          </ns3:TrackPointExtension>
        </extensions>
      </trkpt>
      <trkpt lat="31.39396277256309986114501953125" lon="119.4877782650291919708251953125">
        <ele>2.2000000476837158203125</ele>
        <time>2025-02-18T23:09:13.000Z</time>
        <extensions>
          <ns3:TrackPointExtension>
            <ns3:hr>143</ns3:hr>
          </ns3:TrackPointExtension>
        </extensions>
      </trkpt>
      <trkpt lat="31.39398842118680477142333984375" lon="119.487781785428524017333984375">
        <ele>1.7999999523162841796875</ele>
        <time>2025-02-18T23:09:14.000Z</time>
        <extensions>
          <ns3:TrackPointExtension/>
        </extensions>
      </trkpt>
      <trkpt lat="31.3940144889056682586669921875" lon="119.4877859763801097869873046875">
        <ele>1.60000002384185791015625</ele>
        <time>2025-02-18T23:09:15.000Z</time>
        <extensions>
          <ns3:TrackPointExtension/>
        </extensions>
      </trkpt>
      <trkpt lat="31.39404022134840488433837890625" lon="119.4877903349697589874267578125">
        <ele>1.2000000476837158203125</ele>
        <time>2025-02-18T23:09:16.000Z</time>
        <extensions>
          <ns3:TrackPointExtension/>
        </extensions>
      </trkpt>
      <trkpt lat="31.39406603761017322540283203125" lon="119.48779444210231304168701171875">
        <ele>0.800000011920928955078125</ele>
        <time>2025-02-18T23:09:17.000Z</time>
        <extensions>
          <ns3:TrackPointExtension/>
        </extensions>
      </trkpt>
      <trkpt lat="31.3940926082432270050048828125" lon="119.487798213958740234375">
        <ele>0.800000011920928955078125</ele>
        <time>2025-02-18T23:09:18.000Z</time>
        <extensions>
          <ns3:TrackPointExtension/>
        </extensions>
      </trkpt>
      <trkpt lat="31.394119597971439361572265625" lon="119.4878020696341991424560546875">
        <ele>0.800000011920928955078125</ele>
        <time>2025-02-18T23:09:19.000Z</time>
        <extensions>
          <ns3:TrackPointExtension/>
        </extensions>
      </trkpt>
      <trkpt lat="31.39414600096642971038818359375" lon="119.4878054223954677581787109375">
        <ele>1</ele>
        <time>2025-02-18T23:09:20.000Z</time>
        <extensions>
          <ns3:TrackPointExtension/>
        </extensions>
      </trkpt>
      <trkpt lat="31.39417181722819805145263671875" lon="119.4878076016902923583984375">
        <ele>1</ele>
        <time>2025-02-18T23:09:21.000Z</time>
        <extensions>
          <ns3:TrackPointExtension/>
        </extensions>
      </trkpt>
      <trkpt lat="31.39419729821383953094482421875" lon="119.48780818842351436614990234375">
        <ele>1</ele>
        <time>2025-02-18T23:09:22.000Z</time>
        <extensions>
          <ns3:TrackPointExtension>
            <ns3:hr>143</ns3:hr>
          </ns3:TrackPointExtension>
        </extensions>
      </trkpt>
      <trkpt lat="31.39422277919948101043701171875" lon="119.4878070987761020660400390625">
        <ele>1</ele>
        <time>2025-02-18T23:09:23.000Z</time>
        <extensions>
          <ns3:TrackPointExtension>
            <ns3:hr>143</ns3:hr>
          </ns3:TrackPointExtension>
        </extensions>
      </trkpt>
      <trkpt lat="31.3942478410899639129638671875" lon="119.487806260585784912109375">
        <ele>1</ele>
        <time>2025-02-18T23:09:24.000Z</time>
        <extensions>
          <ns3:TrackPointExtension/>
        </extensions>
      </trkpt>
      <trkpt lat="31.39427172951400279998779296875" lon="119.48780693113803863525390625">
        <ele>1</ele>
        <time>2025-02-18T23:09:25.000Z</time>
        <extensions>
          <ns3:TrackPointExtension/>
        </extensions>
      </trkpt>
      <trkpt lat="31.3942949473857879638671875" lon="119.48780952952802181243896484375">
        <ele>1</ele>
        <time>2025-02-18T23:09:26.000Z</time>
        <extensions>
          <ns3:TrackPointExtension/>
        </extensions>
      </trkpt>
      <trkpt lat="31.39431850053369998931884765625" lon="119.48781204409897327423095703125">
        <ele>1</ele>
        <time>2025-02-18T23:09:27.000Z</time>
        <extensions>
          <ns3:TrackPointExtension/>
        </extensions>
      </trkpt>
      <trkpt lat="31.3943420536816120147705078125" lon="119.48781288228929042816162109375">
        <ele>1</ele>
        <time>2025-02-18T23:09:28.000Z</time>
        <extensions>
          <ns3:TrackPointExtension/>
        </extensions>
      </trkpt>
      <trkpt lat="31.39436476863920688629150390625" lon="119.48781271465122699737548828125">
        <ele>1.2000000476837158203125</ele>
        <time>2025-02-18T23:09:29.000Z</time>
        <extensions>
          <ns3:TrackPointExtension/>
        </extensions>
      </trkpt>
      <trkpt lat="31.39438689686357975006103515625" lon="119.48781288228929042816162109375">
        <ele>1.39999997615814208984375</ele>
        <time>2025-02-18T23:09:30.000Z</time>
        <extensions>
          <ns3:TrackPointExtension>
            <ns3:hr>143</ns3:hr>
          </ns3:TrackPointExtension>
        </extensions>
      </trkpt>
      <trkpt lat="31.39440919272601604461669921875" lon="119.48781439103186130523681640625">
        <ele>1.60000002384185791015625</ele>
        <time>2025-02-18T23:09:31.000Z</time>
        <extensions>
          <ns3:TrackPointExtension/>
        </extensions>
      </trkpt>
      <trkpt lat="31.39443199150264263153076171875" lon="119.48781707324087619781494140625">
        <ele>2</ele>
        <time>2025-02-18T23:09:32.000Z</time>
        <extensions>
          <ns3:TrackPointExtension/>
        </extensions>
      </trkpt>
      <trkpt lat="31.3944553770124912261962890625" lon="119.48782059364020824432373046875">
        <ele>2.2000000476837158203125</ele>
        <time>2025-02-18T23:09:33.000Z</time>
        <extensions>
          <ns3:TrackPointExtension/>
        </extensions>
      </trkpt>
      <trkpt lat="31.39447909779846668243408203125" lon="119.487824700772762298583984375">
        <ele>2.400000095367431640625</ele>
        <time>2025-02-18T23:09:34.000Z</time>
        <extensions>
          <ns3:TrackPointExtension/>
        </extensions>
      </trkpt>
      <trkpt lat="31.39450340531766414642333984375" lon="119.48782847262918949127197265625">
        <ele>2.7999999523162841796875</ele>
        <time>2025-02-18T23:09:35.000Z</time>
        <extensions>
          <ns3:TrackPointExtension>
            <ns3:hr>143</ns3:hr>
          </ns3:TrackPointExtension>
        </extensions>
      </trkpt>
      <trkpt lat="31.3945284672081470489501953125" lon="119.48783031664788722991943359375">
        <ele>3</ele>
        <time>2025-02-18T23:09:36.000Z</time>
        <extensions>
          <ns3:TrackPointExtension/>
        </extensions>
      </trkpt>
      <trkpt lat="31.39455352909862995147705078125" lon="119.48783031664788722991943359375">
        <ele>3.2000000476837158203125</ele>
        <time>2025-02-18T23:09:37.000Z</time>
        <extensions>
          <ns3:TrackPointExtension/>
        </extensions>
      </trkpt>
      <trkpt lat="31.3945780880749225616455078125" lon="119.4878288917243480682373046875">
        <ele>3.599999904632568359375</ele>
        <time>2025-02-18T23:09:38.000Z</time>
        <extensions>
          <ns3:TrackPointExtension/>
        </extensions>
      </trkpt>
      <trkpt lat="31.39460273087024688720703125" lon="119.48782646097242832183837890625">
        <ele>3.7999999523162841796875</ele>
        <time>2025-02-18T23:09:39.000Z</time>
        <extensions>
          <ns3:TrackPointExtension/>
        </extensions>
      </trkpt>
      <trkpt lat="31.39462779276072978973388671875" lon="119.48782302439212799072265625">
        <ele>4</ele>
        <time>2025-02-18T23:09:40.000Z</time>
        <extensions>
          <ns3:TrackPointExtension>
            <ns3:hr>143</ns3:hr>
          </ns3:TrackPointExtension>
        </extensions>
      </trkpt>
      <trkpt lat="31.39465293847024440765380859375" lon="119.4878188334405422210693359375">
        <ele>4.19999980926513671875</ele>
        <time>2025-02-18T23:09:41.000Z</time>
        <extensions>
          <ns3:TrackPointExtension/>
        </extensions>
      </trkpt>
      <trkpt lat="31.394678167998790740966796875" lon="119.487814642488956451416015625">
        <ele>4.19999980926513671875</ele>
        <time>2025-02-18T23:09:42.000Z</time>
        <extensions>
          <ns3:TrackPointExtension/>
        </extensions>
      </trkpt>
      <trkpt lat="31.3947031460702419281005859375" lon="119.4878101162612438201904296875">
        <ele>4.19999980926513671875</ele>
        <time>2025-02-18T23:09:43.000Z</time>
        <extensions>
          <ns3:TrackPointExtension/>
        </extensions>
      </trkpt>
      <trkpt lat="31.3947282917797565460205078125" lon="119.48780651204288005828857421875">
        <ele>4.400000095367431640625</ele>
        <time>2025-02-18T23:09:44.000Z</time>
        <extensions>
          <ns3:TrackPointExtension>
            <ns3:hr>144</ns3:hr>
          </ns3:TrackPointExtension>
        </extensions>
      </trkpt>
      <trkpt lat="31.3947534374892711639404296875" lon="119.4878044165670871734619140625">
        <ele>4.400000095367431640625</ele>
        <time>2025-02-18T23:09:45.000Z</time>
        <extensions>
          <ns3:TrackPointExtension/>
        </extensions>
      </trkpt>
      <trkpt lat="31.394778750836849212646484375" lon="119.48780332691967487335205078125">
        <ele>4.599999904632568359375</ele>
        <time>2025-02-18T23:09:46.000Z</time>
        <extensions>
          <ns3:TrackPointExtension/>
        </extensions>
      </trkpt>
      <trkpt lat="31.3948043994605541229248046875" lon="119.48780198581516742706298828125">
        <ele>4.599999904632568359375</ele>
        <time>2025-02-18T23:09:47.000Z</time>
        <extensions>
          <ns3:TrackPointExtension/>
        </extensions>
      </trkpt>
      <trkpt lat="31.394829712808132171630859375" lon="119.487800896167755126953125">
        <ele>4.80000019073486328125</ele>
        <time>2025-02-18T23:09:48.000Z</time>
        <extensions>
          <ns3:TrackPointExtension/>
        </extensions>
      </trkpt>
      <trkpt lat="31.39485351741313934326171875" lon="119.4878003932535648345947265625">
        <ele>4.80000019073486328125</ele>
        <time>2025-02-18T23:09:49.000Z</time>
        <extensions>
          <ns3:TrackPointExtension>
            <ns3:hr>143</ns3:hr>
          </ns3:TrackPointExtension>
        </extensions>
      </trkpt>
      <trkpt lat="31.3948738016188144683837890625" lon="119.48780131526291370391845703125">
        <ele>5</ele>
        <time>2025-02-18T23:09:50.000Z</time>
        <extensions>
          <ns3:TrackPointExtension/>
        </extensions>
      </trkpt>
      <trkpt lat="31.394893415272235870361328125" lon="119.48780450038611888885498046875">
        <ele>5.19999980926513671875</ele>
        <time>2025-02-18T23:09:51.000Z</time>
        <extensions>
          <ns3:TrackPointExtension/>
        </extensions>
      </trkpt>
      <trkpt lat="31.39491613022983074188232421875" lon="119.4878094457089900970458984375">
        <ele>5.19999980926513671875</ele>
        <time>2025-02-18T23:09:52.000Z</time>
        <extensions>
          <ns3:TrackPointExtension/>
        </extensions>
      </trkpt>
      <trkpt lat="31.39494043774902820587158203125" lon="119.48781455866992473602294921875">
        <ele>5.19999980926513671875</ele>
        <time>2025-02-18T23:09:53.000Z</time>
        <extensions>
          <ns3:TrackPointExtension/>
        </extensions>
      </trkpt>
      <trkpt lat="31.39496482908725738525390625" lon="119.48781874962151050567626953125">
        <ele>5.400000095367431640625</ele>
        <time>2025-02-18T23:09:54.000Z</time>
        <extensions>
          <ns3:TrackPointExtension/>
        </extensions>
      </trkpt>
      <trkpt lat="31.39498838223516941070556640625" lon="119.48782176710665225982666015625">
        <ele>5.400000095367431640625</ele>
        <time>2025-02-18T23:09:55.000Z</time>
        <extensions>
          <ns3:TrackPointExtension/>
        </extensions>
      </trkpt>
      <trkpt lat="31.39501168392598628997802734375" lon="119.48782411403954029083251953125">
        <ele>5.400000095367431640625</ele>
        <time>2025-02-18T23:09:56.000Z</time>
        <extensions>
          <ns3:TrackPointExtension/>
        </extensions>
      </trkpt>
      <trkpt lat="31.3950357399880886077880859375" lon="119.4878268800675868988037109375">
        <ele>5.599999904632568359375</ele>
        <time>2025-02-18T23:09:57.000Z</time>
        <extensions>
          <ns3:TrackPointExtension>
            <ns3:hr>141</ns3:hr>
          </ns3:TrackPointExtension>
        </extensions>
      </trkpt>
      <trkpt lat="31.39506113715469837188720703125" lon="119.487830065190792083740234375">
        <ele>5.599999904632568359375</ele>
        <time>2025-02-18T23:09:58.000Z</time>
        <extensions>
          <ns3:TrackPointExtension/>
        </extensions>
      </trkpt>
      <trkpt lat="31.3950870372354984283447265625" lon="119.48783199302852153778076171875">
        <ele>5.599999904632568359375</ele>
        <time>2025-02-18T23:09:59.000Z</time>
        <extensions>
          <ns3:TrackPointExtension/>
        </extensions>
      </trkpt>
      <trkpt lat="31.39511310495436191558837890625" lon="119.48783081956207752227783203125">
        <ele>5.80000019073486328125</ele>
        <time>2025-02-18T23:10:00.000Z</time>
        <extensions>
          <ns3:TrackPointExtension/>
        </extensions>
      </trkpt>
      <trkpt lat="31.39513841830193996429443359375" lon="119.48782629333436489105224609375">
        <ele>5.80000019073486328125</ele>
        <time>2025-02-18T23:10:01.000Z</time>
        <extensions>
          <ns3:TrackPointExtension/>
        </extensions>
      </trkpt>
      <trkpt lat="31.395162977278232574462890625" lon="119.48782009072601795196533203125">
        <ele>6</ele>
        <time>2025-02-18T23:10:02.000Z</time>
        <extensions>
          <ns3:TrackPointExtension>
            <ns3:hr>141</ns3:hr>
          </ns3:TrackPointExtension>
        </extensions>
      </trkpt>
      <trkpt lat="31.39518787153065204620361328125" lon="119.4878141395747661590576171875">
        <ele>6</ele>
        <time>2025-02-18T23:10:03.000Z</time>
        <extensions>
          <ns3:TrackPointExtension/>
        </extensions>
      </trkpt>
      <trkpt lat="31.39521318487823009490966796875" lon="119.4878097809851169586181640625">
        <ele>6</ele>
        <time>2025-02-18T23:10:04.000Z</time>
        <extensions>
          <ns3:TrackPointExtension/>
        </extensions>
      </trkpt>
      <trkpt lat="31.39523916877806186676025390625" lon="119.48780768550932407379150390625">
        <ele>6</ele>
        <time>2025-02-18T23:10:05.000Z</time>
        <extensions>
          <ns3:TrackPointExtension/>
        </extensions>
      </trkpt>
      <trkpt lat="31.39526481740176677703857421875" lon="119.48780785314738750457763671875">
        <ele>6</ele>
        <time>2025-02-18T23:10:06.000Z</time>
        <extensions>
          <ns3:TrackPointExtension>
            <ns3:hr>140</ns3:hr>
          </ns3:TrackPointExtension>
        </extensions>
      </trkpt>
      <trkpt lat="31.395289711654186248779296875" lon="119.4878091104328632354736328125">
        <ele>6</ele>
        <time>2025-02-18T23:10:07.000Z</time>
        <extensions>
          <ns3:TrackPointExtension/>
        </extensions>
      </trkpt>
      <trkpt lat="31.3953136838972568511962890625" lon="119.4878101162612438201904296875">
        <ele>6</ele>
        <time>2025-02-18T23:10:08.000Z</time>
        <extensions>
          <ns3:TrackPointExtension>
            <ns3:hr>141</ns3:hr>
          </ns3:TrackPointExtension>
        </extensions>
      </trkpt>
      <trkpt lat="31.39533706940710544586181640625" lon="119.48780969716608524322509765625">
        <ele>6</ele>
        <time>2025-02-18T23:10:09.000Z</time>
        <extensions>
          <ns3:TrackPointExtension/>
        </extensions>
      </trkpt>
      <trkpt lat="31.39536037109792232513427734375" lon="119.48780735023319721221923828125">
        <ele>6</ele>
        <time>2025-02-18T23:10:10.000Z</time>
        <extensions>
          <ns3:TrackPointExtension/>
        </extensions>
      </trkpt>
      <trkpt lat="31.39538400806486606597900390625" lon="119.48780366219580173492431640625">
        <ele>6</ele>
        <time>2025-02-18T23:10:11.000Z</time>
        <extensions>
          <ns3:TrackPointExtension/>
        </extensions>
      </trkpt>
      <trkpt lat="31.39540739357471466064453125" lon="119.4877997227013111114501953125">
        <ele>6</ele>
        <time>2025-02-18T23:10:12.000Z</time>
        <extensions>
          <ns3:TrackPointExtension/>
        </extensions>
      </trkpt>
      <trkpt lat="31.39542960561811923980712890625" lon="119.48779611848294734954833984375">
        <ele>6</ele>
        <time>2025-02-18T23:10:13.000Z</time>
        <extensions>
          <ns3:TrackPointExtension/>
        </extensions>
      </trkpt>
      <trkpt lat="31.3954509794712066650390625" lon="119.48779284954071044921875">
        <ele>6</ele>
        <time>2025-02-18T23:10:14.000Z</time>
        <extensions>
          <ns3:TrackPointExtension/>
        </extensions>
      </trkpt>
      <trkpt lat="31.3954724371433258056640625" lon="119.48779083788394927978515625">
        <ele>6</ele>
        <time>2025-02-18T23:10:15.000Z</time>
        <extensions>
          <ns3:TrackPointExtension/>
        </extensions>
      </trkpt>
      <trkpt lat="31.3954950682818889617919921875" lon="119.487790167331695556640625">
        <ele>6</ele>
        <time>2025-02-18T23:10:16.000Z</time>
        <extensions>
          <ns3:TrackPointExtension/>
        </extensions>
      </trkpt>
      <trkpt lat="31.3955178670585155487060546875" lon="119.4877903349697589874267578125">
        <ele>6</ele>
        <time>2025-02-18T23:10:17.000Z</time>
        <extensions>
          <ns3:TrackPointExtension>
            <ns3:hr>143</ns3:hr>
          </ns3:TrackPointExtension>
        </extensions>
      </trkpt>
      <trkpt lat="31.39553974382579326629638671875" lon="119.48779083788394927978515625">
        <ele>6</ele>
        <time>2025-02-18T23:10:18.000Z</time>
        <extensions>
          <ns3:TrackPointExtension/>
        </extensions>
      </trkpt>
      <trkpt lat="31.39556019566953182220458984375" lon="119.4877910055220127105712890625">
        <ele>6</ele>
        <time>2025-02-18T23:10:19.000Z</time>
        <extensions>
          <ns3:TrackPointExtension>
            <ns3:hr>143</ns3:hr>
          </ns3:TrackPointExtension>
        </extensions>
      </trkpt>
      <trkpt lat="31.39557964168488979339599609375" lon="119.48779125697910785675048828125">
        <ele>6</ele>
        <time>2025-02-18T23:10:20.000Z</time>
        <extensions>
          <ns3:TrackPointExtension/>
        </extensions>
      </trkpt>
      <trkpt lat="31.3955979980528354644775390625" lon="119.48779226280748844146728515625">
        <ele>6</ele>
        <time>2025-02-18T23:10:21.000Z</time>
        <extensions>
          <ns3:TrackPointExtension/>
        </extensions>
      </trkpt>
      <trkpt lat="31.39561635442078113555908203125" lon="119.48779284954071044921875">
        <ele>6</ele>
        <time>2025-02-18T23:10:22.000Z</time>
        <extensions>
          <ns3:TrackPointExtension/>
        </extensions>
      </trkpt>
      <trkpt lat="31.395635716617107391357421875" lon="119.4877916760742664337158203125">
        <ele>6</ele>
        <time>2025-02-18T23:10:23.000Z</time>
        <extensions>
          <ns3:TrackPointExtension/>
        </extensions>
      </trkpt>
      <trkpt lat="31.395656168460845947265625" lon="119.48778840713202953338623046875">
        <ele>6</ele>
        <time>2025-02-18T23:10:24.000Z</time>
        <extensions>
          <ns3:TrackPointExtension/>
        </extensions>
      </trkpt>
      <trkpt lat="31.39567720703780651092529296875" lon="119.48778455145657062530517578125">
        <ele>6</ele>
        <time>2025-02-18T23:10:25.000Z</time>
        <extensions>
          <ns3:TrackPointExtension/>
        </extensions>
      </trkpt>
      <trkpt lat="31.395699083805084228515625" lon="119.487781785428524017333984375">
        <ele>6</ele>
        <time>2025-02-18T23:10:26.000Z</time>
        <extensions>
          <ns3:TrackPointExtension>
            <ns3:hr>141</ns3:hr>
          </ns3:TrackPointExtension>
        </extensions>
      </trkpt>
      <trkpt lat="31.39572213403880596160888671875" lon="119.4877802766859531402587890625">
        <ele>6</ele>
        <time>2025-02-18T23:10:27.000Z</time>
        <extensions>
          <ns3:TrackPointExtension/>
        </extensions>
      </trkpt>
      <trkpt lat="31.39574510045349597930908203125" lon="119.487779773771762847900390625">
        <ele>6</ele>
        <time>2025-02-18T23:10:28.000Z</time>
        <extensions>
          <ns3:TrackPointExtension/>
        </extensions>
      </trkpt>
      <trkpt lat="31.3957674801349639892578125" lon="119.48777985759079456329345703125">
        <ele>6.19999980926513671875</ele>
        <time>2025-02-18T23:10:29.000Z</time>
        <extensions>
          <ns3:TrackPointExtension/>
        </extensions>
      </trkpt>
      <trkpt lat="31.39579069800674915313720703125" lon="119.487779438495635986328125">
        <ele>6.19999980926513671875</ele>
        <time>2025-02-18T23:10:30.000Z</time>
        <extensions>
          <ns3:TrackPointExtension/>
        </extensions>
      </trkpt>
      <trkpt lat="31.39581550844013690948486328125" lon="119.48777784593403339385986328125">
        <ele>6.19999980926513671875</ele>
        <time>2025-02-18T23:10:31.000Z</time>
        <extensions>
          <ns3:TrackPointExtension/>
        </extensions>
      </trkpt>
      <trkpt lat="31.3958407379686832427978515625" lon="119.48777482844889163970947265625">
        <ele>6.400000095367431640625</ele>
        <time>2025-02-18T23:10:32.000Z</time>
        <extensions>
          <ns3:TrackPointExtension>
            <ns3:hr>141</ns3:hr>
          </ns3:TrackPointExtension>
        </extensions>
      </trkpt>
      <trkpt lat="31.3958648778498172760009765625" lon="119.487771727144718170166015625">
        <ele>6.400000095367431640625</ele>
        <time>2025-02-18T23:10:33.000Z</time>
        <extensions>
          <ns3:TrackPointExtension>
            <ns3:hr>140</ns3:hr>
          </ns3:TrackPointExtension>
        </extensions>
      </trkpt>
      <trkpt lat="31.39588750898838043212890625" lon="119.48777030222117900848388671875">
        <ele>6.599999904632568359375</ele>
        <time>2025-02-18T23:10:34.000Z</time>
        <extensions>
          <ns3:TrackPointExtension/>
        </extensions>
      </trkpt>
      <trkpt lat="31.3959094695746898651123046875" lon="119.48776963166892528533935546875">
        <ele>6.599999904632568359375</ele>
        <time>2025-02-18T23:10:35.000Z</time>
        <extensions>
          <ns3:TrackPointExtension/>
        </extensions>
      </trkpt>
      <trkpt lat="31.39593168161809444427490234375" lon="119.48776778765022754669189453125">
        <ele>6.80000019073486328125</ele>
        <time>2025-02-18T23:10:36.000Z</time>
        <extensions>
          <ns3:TrackPointExtension/>
        </extensions>
      </trkpt>
      <trkpt lat="31.39595515094697475433349609375" lon="119.48776409961283206939697265625">
        <ele>6.80000019073486328125</ele>
        <time>2025-02-18T23:10:37.000Z</time>
        <extensions>
          <ns3:TrackPointExtension/>
        </extensions>
      </trkpt>
      <trkpt lat="31.39597945846617221832275390625" lon="119.487759657204151153564453125">
        <ele>6.80000019073486328125</ele>
        <time>2025-02-18T23:10:38.000Z</time>
        <extensions>
          <ns3:TrackPointExtension/>
        </extensions>
      </trkpt>
      <trkpt lat="31.3960030116140842437744140625" lon="119.48775596916675567626953125">
        <ele>7</ele>
        <time>2025-02-18T23:10:39.000Z</time>
        <extensions>
          <ns3:TrackPointExtension/>
        </extensions>
      </trkpt>
      <trkpt lat="31.39602505601942539215087890625" lon="119.48775487951934337615966796875">
        <ele>7</ele>
        <time>2025-02-18T23:10:40.000Z</time>
        <extensions>
          <ns3:TrackPointExtension>
            <ns3:hr>140</ns3:hr>
          </ns3:TrackPointExtension>
        </extensions>
      </trkpt>
      <trkpt lat="31.39604668132960796356201171875" lon="119.48775596916675567626953125">
        <ele>7</ele>
        <time>2025-02-18T23:10:41.000Z</time>
        <extensions>
          <ns3:TrackPointExtension/>
        </extensions>
      </trkpt>
      <trkpt lat="31.3960678875446319580078125" lon="119.48775756172835826873779296875">
        <ele>7</ele>
        <time>2025-02-18T23:10:42.000Z</time>
        <extensions>
          <ns3:TrackPointExtension/>
        </extensions>
      </trkpt>
      <trkpt lat="31.3960891775786876678466796875" lon="119.4877584837377071380615234375">
        <ele>7</ele>
        <time>2025-02-18T23:10:43.000Z</time>
        <extensions>
          <ns3:TrackPointExtension>
            <ns3:hr>139</ns3:hr>
          </ns3:TrackPointExtension>
        </extensions>
      </trkpt>
      <trkpt lat="31.39611105434596538543701171875" lon="119.48775756172835826873779296875">
        <ele>7</ele>
        <time>2025-02-18T23:10:44.000Z</time>
        <extensions>
          <ns3:TrackPointExtension/>
        </extensions>
      </trkpt>
      <trkpt lat="31.3961337693035602569580078125" lon="119.48775504715740680694580078125">
        <ele>7</ele>
        <time>2025-02-18T23:10:45.000Z</time>
        <extensions>
          <ns3:TrackPointExtension/>
        </extensions>
      </trkpt>
      <trkpt lat="31.39615707099437713623046875" lon="119.48775286786258220672607421875">
        <ele>7</ele>
        <time>2025-02-18T23:10:46.000Z</time>
        <extensions>
          <ns3:TrackPointExtension/>
        </extensions>
      </trkpt>
      <trkpt lat="31.39618062414228916168212890625" lon="119.48775202967226505279541015625">
        <ele>7</ele>
        <time>2025-02-18T23:10:47.000Z</time>
        <extensions>
          <ns3:TrackPointExtension/>
        </extensions>
      </trkpt>
      <trkpt lat="31.39620359055697917938232421875" lon="119.48775186203420162200927734375">
        <ele>7</ele>
        <time>2025-02-18T23:10:48.000Z</time>
        <extensions>
          <ns3:TrackPointExtension/>
        </extensions>
      </trkpt>
      <trkpt lat="31.39622538350522518157958984375" lon="119.48775219731032848358154296875">
        <ele>7</ele>
        <time>2025-02-18T23:10:49.000Z</time>
        <extensions>
          <ns3:TrackPointExtension/>
        </extensions>
      </trkpt>
      <trkpt lat="31.3962467573583126068115234375" lon="119.48775303550064563751220703125">
        <ele>6.80000019073486328125</ele>
        <time>2025-02-18T23:10:50.000Z</time>
        <extensions>
          <ns3:TrackPointExtension/>
        </extensions>
      </trkpt>
      <trkpt lat="31.3962690532207489013671875" lon="119.487754292786121368408203125">
        <ele>6.80000019073486328125</ele>
        <time>2025-02-18T23:10:51.000Z</time>
        <extensions>
          <ns3:TrackPointExtension/>
        </extensions>
      </trkpt>
      <trkpt lat="31.39629294164478778839111328125" lon="119.487755298614501953125">
        <ele>6.80000019073486328125</ele>
        <time>2025-02-18T23:10:52.000Z</time>
        <extensions>
          <ns3:TrackPointExtension>
            <ns3:hr>139</ns3:hr>
          </ns3:TrackPointExtension>
        </extensions>
      </trkpt>
      <trkpt lat="31.39631775207817554473876953125" lon="119.48775605298578739166259765625">
        <ele>6.599999904632568359375</ele>
        <time>2025-02-18T23:10:53.000Z</time>
        <extensions>
          <ns3:TrackPointExtension/>
        </extensions>
      </trkpt>
      <trkpt lat="31.39634306542575359344482421875" lon="119.487756974995136260986328125">
        <ele>6.599999904632568359375</ele>
        <time>2025-02-18T23:10:54.000Z</time>
        <extensions>
          <ns3:TrackPointExtension/>
        </extensions>
      </trkpt>
      <trkpt lat="31.39636787585914134979248046875" lon="119.4877578131854534149169921875">
        <ele>6.400000095367431640625</ele>
        <time>2025-02-18T23:10:55.000Z</time>
        <extensions>
          <ns3:TrackPointExtension>
            <ns3:hr>138</ns3:hr>
          </ns3:TrackPointExtension>
        </extensions>
      </trkpt>
      <trkpt lat="31.39639184810221195220947265625" lon="119.48775739409029483795166015625">
        <ele>6.400000095367431640625</ele>
        <time>2025-02-18T23:10:56.000Z</time>
        <extensions>
          <ns3:TrackPointExtension/>
        </extensions>
      </trkpt>
      <trkpt lat="31.39641598798334598541259765625" lon="119.48775521479547023773193359375">
        <ele>6.19999980926513671875</ele>
        <time>2025-02-18T23:10:57.000Z</time>
        <extensions>
          <ns3:TrackPointExtension/>
        </extensions>
      </trkpt>
      <trkpt lat="31.39644046314060688018798828125" lon="119.4877524487674236297607421875">
        <ele>6.19999980926513671875</ele>
        <time>2025-02-18T23:10:58.000Z</time>
        <extensions>
          <ns3:TrackPointExtension>
            <ns3:hr>138</ns3:hr>
          </ns3:TrackPointExtension>
        </extensions>
      </trkpt>
      <trkpt lat="31.39646544121205806732177734375" lon="119.48775085620582103729248046875">
        <ele>6</ele>
        <time>2025-02-18T23:10:59.000Z</time>
        <extensions>
          <ns3:TrackPointExtension/>
        </extensions>
      </trkpt>
      <trkpt lat="31.39648966491222381591796875" lon="119.48775085620582103729248046875">
        <ele>6</ele>
        <time>2025-02-18T23:11:00.000Z</time>
        <extensions>
          <ns3:TrackPointExtension/>
        </extensions>
      </trkpt>
      <trkpt lat="31.39651321806013584136962890625" lon="119.4877517782151699066162109375">
        <ele>6</ele>
        <time>2025-02-18T23:11:01.000Z</time>
        <extensions>
          <ns3:TrackPointExtension/>
        </extensions>
      </trkpt>
      <trkpt lat="31.3965354301035404205322265625" lon="119.4877524487674236297607421875">
        <ele>5.80000019073486328125</ele>
        <time>2025-02-18T23:11:02.000Z</time>
        <extensions>
          <ns3:TrackPointExtension/>
        </extensions>
      </trkpt>
      <trkpt lat="31.39655663631856441497802734375" lon="119.48775219731032848358154296875">
        <ele>5.80000019073486328125</ele>
        <time>2025-02-18T23:11:03.000Z</time>
        <extensions>
          <ns3:TrackPointExtension/>
        </extensions>
      </trkpt>
      <trkpt lat="31.396578848361968994140625" lon="119.48775186203420162200927734375">
        <ele>5.80000019073486328125</ele>
        <time>2025-02-18T23:11:04.000Z</time>
        <extensions>
          <ns3:TrackPointExtension>
            <ns3:hr>139</ns3:hr>
          </ns3:TrackPointExtension>
        </extensions>
      </trkpt>
      <trkpt lat="31.3966028206050395965576171875" lon="119.48775270022451877593994140625">
        <ele>5.80000019073486328125</ele>
        <time>2025-02-18T23:11:05.000Z</time>
        <extensions>
          <ns3:TrackPointExtension/>
        </extensions>
      </trkpt>
      <trkpt lat="31.39662737958133220672607421875" lon="119.48775471188127994537353515625">
        <ele>5.80000019073486328125</ele>
        <time>2025-02-18T23:11:06.000Z</time>
        <extensions>
          <ns3:TrackPointExtension/>
        </extensions>
      </trkpt>
      <trkpt lat="31.39665193855762481689453125" lon="119.4877568073570728302001953125">
        <ele>5.80000019073486328125</ele>
        <time>2025-02-18T23:11:07.000Z</time>
        <extensions>
          <ns3:TrackPointExtension/>
        </extensions>
      </trkpt>
      <trkpt lat="31.39667733572423458099365234375" lon="119.487757980823516845703125">
        <ele>5.80000019073486328125</ele>
        <time>2025-02-18T23:11:08.000Z</time>
        <extensions>
          <ns3:TrackPointExtension/>
        </extensions>
      </trkpt>
      <trkpt lat="31.39670331962406635284423828125" lon="119.48775823228061199188232421875">
        <ele>5.80000019073486328125</ele>
        <time>2025-02-18T23:11:09.000Z</time>
        <extensions>
          <ns3:TrackPointExtension/>
        </extensions>
      </trkpt>
      <trkpt lat="31.39673014171421527862548828125" lon="119.4877578131854534149169921875">
        <ele>5.80000019073486328125</ele>
        <time>2025-02-18T23:11:10.000Z</time>
        <extensions>
          <ns3:TrackPointExtension>
            <ns3:hr>139</ns3:hr>
          </ns3:TrackPointExtension>
        </extensions>
      </trkpt>
      <trkpt lat="31.39675679616630077362060546875" lon="119.487756304442882537841796875">
        <ele>5.80000019073486328125</ele>
        <time>2025-02-18T23:11:11.000Z</time>
        <extensions>
          <ns3:TrackPointExtension/>
        </extensions>
      </trkpt>
      <trkpt lat="31.3967825286090373992919921875" lon="119.48775303550064563751220703125">
        <ele>5.80000019073486328125</ele>
        <time>2025-02-18T23:11:12.000Z</time>
        <extensions>
          <ns3:TrackPointExtension/>
        </extensions>
      </trkpt>
      <trkpt lat="31.39680624939501285552978515625" lon="119.4877485930919647216796875">
        <ele>5.80000019073486328125</ele>
        <time>2025-02-18T23:11:13.000Z</time>
        <extensions>
          <ns3:TrackPointExtension/>
        </extensions>
      </trkpt>
      <trkpt lat="31.396828629076480865478515625" lon="119.487744905054569244384765625">
        <ele>5.599999904632568359375</ele>
        <time>2025-02-18T23:11:14.000Z</time>
        <extensions>
          <ns3:TrackPointExtension/>
        </extensions>
      </trkpt>
      <trkpt lat="31.39685100875794887542724609375" lon="119.4877432286739349365234375">
        <ele>5.80000019073486328125</ele>
        <time>2025-02-18T23:11:15.000Z</time>
        <extensions>
          <ns3:TrackPointExtension/>
        </extensions>
      </trkpt>
      <trkpt lat="31.39687322080135345458984375" lon="119.48774314485490322113037109375">
        <ele>5.80000019073486328125</ele>
        <time>2025-02-18T23:11:16.000Z</time>
        <extensions>
          <ns3:TrackPointExtension/>
        </extensions>
      </trkpt>
      <trkpt lat="31.3968958519399166107177734375" lon="119.48774364776909351348876953125">
        <ele>6</ele>
        <time>2025-02-18T23:11:17.000Z</time>
        <extensions>
          <ns3:TrackPointExtension>
            <ns3:hr>138</ns3:hr>
          </ns3:TrackPointExtension>
        </extensions>
      </trkpt>
      <trkpt lat="31.396918483078479766845703125" lon="119.4877445697784423828125">
        <ele>6.19999980926513671875</ele>
        <time>2025-02-18T23:11:18.000Z</time>
        <extensions>
          <ns3:TrackPointExtension/>
        </extensions>
      </trkpt>
      <trkpt lat="31.3969414494931697845458984375" lon="119.48774582706391811370849609375">
        <ele>6.400000095367431640625</ele>
        <time>2025-02-18T23:11:19.000Z</time>
        <extensions>
          <ns3:TrackPointExtension>
            <ns3:hr>139</ns3:hr>
          </ns3:TrackPointExtension>
        </extensions>
      </trkpt>
      <trkpt lat="31.39696433208882808685302734375" lon="119.4877470843493938446044921875">
        <ele>6.599999904632568359375</ele>
        <time>2025-02-18T23:11:20.000Z</time>
        <extensions>
          <ns3:TrackPointExtension/>
        </extensions>
      </trkpt>
      <trkpt lat="31.396987549960613250732421875" lon="119.4877484254539012908935546875">
        <ele>6.80000019073486328125</ele>
        <time>2025-02-18T23:11:21.000Z</time>
        <extensions>
          <ns3:TrackPointExtension/>
        </extensions>
      </trkpt>
      <trkpt lat="31.39701177366077899932861328125" lon="119.48774968273937702178955078125">
        <ele>7</ele>
        <time>2025-02-18T23:11:22.000Z</time>
        <extensions>
          <ns3:TrackPointExtension/>
        </extensions>
      </trkpt>
      <trkpt lat="31.3970370031893253326416015625" lon="119.48775068856775760650634765625">
        <ele>7</ele>
        <time>2025-02-18T23:11:23.000Z</time>
        <extensions>
          <ns3:TrackPointExtension/>
        </extensions>
      </trkpt>
      <trkpt lat="31.397062651813030242919921875" lon="119.4877517782151699066162109375">
        <ele>7.400000095367431640625</ele>
        <time>2025-02-18T23:11:24.000Z</time>
        <extensions>
          <ns3:TrackPointExtension/>
        </extensions>
      </trkpt>
      <trkpt lat="31.3970879651606082916259765625" lon="119.48775286786258220672607421875">
        <ele>7.599999904632568359375</ele>
        <time>2025-02-18T23:11:25.000Z</time>
        <extensions>
          <ns3:TrackPointExtension/>
        </extensions>
      </trkpt>
      <trkpt lat="31.39711327850818634033203125" lon="119.48775420896708965301513671875">
        <ele>7.80000019073486328125</ele>
        <time>2025-02-18T23:11:26.000Z</time>
        <extensions>
          <ns3:TrackPointExtension/>
        </extensions>
      </trkpt>
      <trkpt lat="31.397137753665447235107421875" lon="119.48775596916675567626953125">
        <ele>8</ele>
        <time>2025-02-18T23:11:27.000Z</time>
        <extensions>
          <ns3:TrackPointExtension>
            <ns3:hr>137</ns3:hr>
          </ns3:TrackPointExtension>
        </extensions>
      </trkpt>
      <trkpt lat="31.39716164208948612213134765625" lon="119.48775823228061199188232421875">
        <ele>8.19999980926513671875</ele>
        <time>2025-02-18T23:11:28.000Z</time>
        <extensions>
          <ns3:TrackPointExtension/>
        </extensions>
      </trkpt>
      <trkpt lat="31.39718527905642986297607421875" lon="119.48776057921350002288818359375">
        <ele>8.19999980926513671875</ele>
        <time>2025-02-18T23:11:29.000Z</time>
        <extensions>
          <ns3:TrackPointExtension/>
        </extensions>
      </trkpt>
      <trkpt lat="31.3972086645662784576416015625" lon="119.48776208795607089996337890625">
        <ele>8.3999996185302734375</ele>
        <time>2025-02-18T23:11:30.000Z</time>
        <extensions>
          <ns3:TrackPointExtension/>
        </extensions>
      </trkpt>
      <trkpt lat="31.3972314633429050445556640625" lon="119.48776259087026119232177734375">
        <ele>8.3999996185302734375</ele>
        <time>2025-02-18T23:11:31.000Z</time>
        <extensions>
          <ns3:TrackPointExtension/>
        </extensions>
      </trkpt>
      <trkpt lat="31.3972534239292144775390625" lon="119.48776208795607089996337890625">
        <ele>8.3999996185302734375</ele>
        <time>2025-02-18T23:11:32.000Z</time>
        <extensions>
          <ns3:TrackPointExtension>
            <ns3:hr>137</ns3:hr>
          </ns3:TrackPointExtension>
        </extensions>
      </trkpt>
      <trkpt lat="31.39727580361068248748779296875" lon="119.487760998308658599853515625">
        <ele>8.6000003814697265625</ele>
        <time>2025-02-18T23:11:33.000Z</time>
        <extensions>
          <ns3:TrackPointExtension>
            <ns3:hr>137</ns3:hr>
          </ns3:TrackPointExtension>
        </extensions>
      </trkpt>
      <trkpt lat="31.39729835093021392822265625" lon="119.4877591542899608612060546875">
        <ele>8.6000003814697265625</ele>
        <time>2025-02-18T23:11:34.000Z</time>
        <extensions>
          <ns3:TrackPointExtension/>
        </extensions>
      </trkpt>
      <trkpt lat="31.39732073061168193817138671875" lon="119.48775655589997768402099609375">
        <ele>8.80000019073486328125</ele>
        <time>2025-02-18T23:11:35.000Z</time>
        <extensions>
          <ns3:TrackPointExtension/>
        </extensions>
      </trkpt>
      <trkpt lat="31.3973431102931499481201171875" lon="119.48775420896708965301513671875">
        <ele>8.80000019073486328125</ele>
        <time>2025-02-18T23:11:36.000Z</time>
        <extensions>
          <ns3:TrackPointExtension/>
        </extensions>
      </trkpt>
      <trkpt lat="31.3973655737936496734619140625" lon="119.4877524487674236297607421875">
        <ele>9</ele>
        <time>2025-02-18T23:11:37.000Z</time>
        <extensions>
          <ns3:TrackPointExtension/>
        </extensions>
      </trkpt>
      <trkpt lat="31.397387869656085968017578125" lon="119.4877511076629161834716796875">
        <ele>9.19999980926513671875</ele>
        <time>2025-02-18T23:11:38.000Z</time>
        <extensions>
          <ns3:TrackPointExtension/>
        </extensions>
      </trkpt>
      <trkpt lat="31.39741075225174427032470703125" lon="119.4877494312822818756103515625">
        <ele>9.19999980926513671875</ele>
        <time>2025-02-18T23:11:39.000Z</time>
        <extensions>
          <ns3:TrackPointExtension/>
        </extensions>
      </trkpt>
      <trkpt lat="31.39743472449481487274169921875" lon="119.4877470843493938446044921875">
        <ele>9.3999996185302734375</ele>
        <time>2025-02-18T23:11:40.000Z</time>
        <extensions>
          <ns3:TrackPointExtension/>
        </extensions>
      </trkpt>
      <trkpt lat="31.39745936729013919830322265625" lon="119.487744905054569244384765625">
        <ele>9.3999996185302734375</ele>
        <time>2025-02-18T23:11:41.000Z</time>
        <extensions>
          <ns3:TrackPointExtension/>
        </extensions>
      </trkpt>
      <trkpt lat="31.39748384244740009307861328125" lon="119.4877432286739349365234375">
        <ele>9.3999996185302734375</ele>
        <time>2025-02-18T23:11:42.000Z</time>
        <extensions>
          <ns3:TrackPointExtension>
            <ns3:hr>137</ns3:hr>
          </ns3:TrackPointExtension>
        </extensions>
      </trkpt>
      <trkpt lat="31.3975077308714389801025390625" lon="119.487741887569427490234375">
        <ele>9.3999996185302734375</ele>
        <time>2025-02-18T23:11:43.000Z</time>
        <extensions>
          <ns3:TrackPointExtension>
            <ns3:hr>137</ns3:hr>
          </ns3:TrackPointExtension>
        </extensions>
      </trkpt>
      <trkpt lat="31.3975322060286998748779296875" lon="119.48774130083620548248291015625">
        <ele>9.3999996185302734375</ele>
        <time>2025-02-18T23:11:44.000Z</time>
        <extensions>
          <ns3:TrackPointExtension/>
        </extensions>
      </trkpt>
      <trkpt lat="31.39755743555724620819091796875" lon="119.48774113319814205169677734375">
        <ele>9.3999996185302734375</ele>
        <time>2025-02-18T23:11:45.000Z</time>
        <extensions>
          <ns3:TrackPointExtension/>
        </extensions>
      </trkpt>
      <trkpt lat="31.39758274890482425689697265625" lon="119.48774121701717376708984375">
        <ele>9.3999996185302734375</ele>
        <time>2025-02-18T23:11:46.000Z</time>
        <extensions>
          <ns3:TrackPointExtension/>
        </extensions>
      </trkpt>
      <trkpt lat="31.3976073078811168670654296875" lon="119.48774180375039577484130859375">
        <ele>9.3999996185302734375</ele>
        <time>2025-02-18T23:11:47.000Z</time>
        <extensions>
          <ns3:TrackPointExtension/>
        </extensions>
      </trkpt>
      <trkpt lat="31.39763086102902889251708984375" lon="119.48774264194071292877197265625">
        <ele>9.3999996185302734375</ele>
        <time>2025-02-18T23:11:48.000Z</time>
        <extensions>
          <ns3:TrackPointExtension/>
        </extensions>
      </trkpt>
      <trkpt lat="31.39765349216759204864501953125" lon="119.48774348013103008270263671875">
        <ele>9.3999996185302734375</ele>
        <time>2025-02-18T23:11:49.000Z</time>
        <extensions>
          <ns3:TrackPointExtension>
            <ns3:hr>137</ns3:hr>
          </ns3:TrackPointExtension>
        </extensions>
      </trkpt>
      <trkpt lat="31.39767729677259922027587890625" lon="119.4877440668642520904541015625">
        <ele>9.3999996185302734375</ele>
        <time>2025-02-18T23:11:50.000Z</time>
        <extensions>
          <ns3:TrackPointExtension/>
        </extensions>
      </trkpt>
      <trkpt lat="31.39770361594855785369873046875" lon="119.4877445697784423828125">
        <ele>9.3999996185302734375</ele>
        <time>2025-02-18T23:11:51.000Z</time>
        <extensions>
          <ns3:TrackPointExtension/>
        </extensions>
      </trkpt>
      <trkpt lat="31.39773144386708736419677734375" lon="119.48774482123553752899169921875">
        <ele>9.6000003814697265625</ele>
        <time>2025-02-18T23:11:52.000Z</time>
        <extensions>
          <ns3:TrackPointExtension/>
        </extensions>
      </trkpt>
      <trkpt lat="31.397758014500141143798828125" lon="119.487744905054569244384765625">
        <ele>9.6000003814697265625</ele>
        <time>2025-02-18T23:11:53.000Z</time>
        <extensions>
          <ns3:TrackPointExtension>
            <ns3:hr>138</ns3:hr>
          </ns3:TrackPointExtension>
        </extensions>
      </trkpt>
      <trkpt lat="31.397782154381275177001953125" lon="119.4877445697784423828125">
        <ele>9.6000003814697265625</ele>
        <time>2025-02-18T23:11:54.000Z</time>
        <extensions>
          <ns3:TrackPointExtension/>
        </extensions>
      </trkpt>
      <trkpt lat="31.397805623710155487060546875" lon="119.4877445697784423828125">
        <ele>9.80000019073486328125</ele>
        <time>2025-02-18T23:11:55.000Z</time>
        <extensions>
          <ns3:TrackPointExtension/>
        </extensions>
      </trkpt>
      <trkpt lat="31.397829763591289520263671875" lon="119.48774582706391811370849609375">
        <ele>9.80000019073486328125</ele>
        <time>2025-02-18T23:11:56.000Z</time>
        <extensions>
          <ns3:TrackPointExtension/>
        </extensions>
      </trkpt>
      <trkpt lat="31.397855244576930999755859375" lon="119.48774850927293300628662109375">
        <ele>10</ele>
        <time>2025-02-18T23:11:57.000Z</time>
        <extensions>
          <ns3:TrackPointExtension/>
        </extensions>
      </trkpt>
      <trkpt lat="31.3978812284767627716064453125" lon="119.487751610577106475830078125">
        <ele>10</ele>
        <time>2025-02-18T23:11:58.000Z</time>
        <extensions>
          <ns3:TrackPointExtension/>
        </extensions>
      </trkpt>
      <trkpt lat="31.39790645800530910491943359375" lon="119.48775504715740680694580078125">
        <ele>10</ele>
        <time>2025-02-18T23:11:59.000Z</time>
        <extensions>
          <ns3:TrackPointExtension>
            <ns3:hr>138</ns3:hr>
          </ns3:TrackPointExtension>
        </extensions>
      </trkpt>
      <trkpt lat="31.39792959205806255340576171875" lon="119.48775789700448513031005859375">
        <ele>10</ele>
        <time>2025-02-18T23:12:00.000Z</time>
        <extensions>
          <ns3:TrackPointExtension/>
        </extensions>
      </trkpt>
      <trkpt lat="31.3979507982730865478515625" lon="119.4877588190138339996337890625">
        <ele>10</ele>
        <time>2025-02-18T23:12:01.000Z</time>
        <extensions>
          <ns3:TrackPointExtension/>
        </extensions>
      </trkpt>
      <trkpt lat="31.39797183685004711151123046875" lon="119.48775756172835826873779296875">
        <ele>9.80000019073486328125</ele>
        <time>2025-02-18T23:12:02.000Z</time>
        <extensions>
          <ns3:TrackPointExtension/>
        </extensions>
      </trkpt>
      <trkpt lat="31.39799463562667369842529296875" lon="119.487754963338375091552734375">
        <ele>9.80000019073486328125</ele>
        <time>2025-02-18T23:12:03.000Z</time>
        <extensions>
          <ns3:TrackPointExtension/>
        </extensions>
      </trkpt>
      <trkpt lat="31.39801877550780773162841796875" lon="119.48775236494839191436767578125">
        <ele>9.6000003814697265625</ele>
        <time>2025-02-18T23:12:04.000Z</time>
        <extensions>
          <ns3:TrackPointExtension/>
        </extensions>
      </trkpt>
      <trkpt lat="31.3980435021221637725830078125" lon="119.48775119148194789886474609375">
        <ele>9.3999996185302734375</ele>
        <time>2025-02-18T23:12:05.000Z</time>
        <extensions>
          <ns3:TrackPointExtension/>
        </extensions>
      </trkpt>
      <trkpt lat="31.39806873165071010589599609375" lon="119.487752281129360198974609375">
        <ele>9.19999980926513671875</ele>
        <time>2025-02-18T23:12:06.000Z</time>
        <extensions>
          <ns3:TrackPointExtension>
            <ns3:hr>139</ns3:hr>
          </ns3:TrackPointExtension>
        </extensions>
      </trkpt>
      <trkpt lat="31.3980937935411930084228515625" lon="119.48775605298578739166259765625">
        <ele>9</ele>
        <time>2025-02-18T23:12:07.000Z</time>
        <extensions>
          <ns3:TrackPointExtension/>
        </extensions>
      </trkpt>
      <trkpt lat="31.3981182686984539031982421875" lon="119.48776133358478546142578125">
        <ele>8.80000019073486328125</ele>
        <time>2025-02-18T23:12:08.000Z</time>
        <extensions>
          <ns3:TrackPointExtension/>
        </extensions>
      </trkpt>
      <trkpt lat="31.3981417380273342132568359375" lon="119.48776694945991039276123046875">
        <ele>8.6000003814697265625</ele>
        <time>2025-02-18T23:12:09.000Z</time>
        <extensions>
          <ns3:TrackPointExtension/>
        </extensions>
      </trkpt>
      <trkpt lat="31.3981645368039608001708984375" lon="119.48777298443019390106201171875">
        <ele>8.6000003814697265625</ele>
        <time>2025-02-18T23:12:10.000Z</time>
        <extensions>
          <ns3:TrackPointExtension/>
        </extensions>
      </trkpt>
      <trkpt lat="31.39818691648542881011962890625" lon="119.48778002522885799407958984375">
        <ele>8.3999996185302734375</ele>
        <time>2025-02-18T23:12:11.000Z</time>
        <extensions>
          <ns3:TrackPointExtension/>
        </extensions>
      </trkpt>
      <trkpt lat="31.39820937998592853546142578125" lon="119.4877873174846172332763671875">
        <ele>8.19999980926513671875</ele>
        <time>2025-02-18T23:12:12.000Z</time>
        <extensions>
          <ns3:TrackPointExtension>
            <ns3:hr>141</ns3:hr>
          </ns3:TrackPointExtension>
        </extensions>
      </trkpt>
      <trkpt lat="31.398232094943523406982421875" lon="119.4877940230071544647216796875">
        <ele>8</ele>
        <time>2025-02-18T23:12:13.000Z</time>
        <extensions>
          <ns3:TrackPointExtension>
            <ns3:hr>142</ns3:hr>
          </ns3:TrackPointExtension>
        </extensions>
      </trkpt>
      <trkpt lat="31.3982550613582134246826171875" lon="119.48779963888227939605712890625">
        <ele>7.80000019073486328125</ele>
        <time>2025-02-18T23:12:14.000Z</time>
        <extensions>
          <ns3:TrackPointExtension/>
        </extensions>
      </trkpt>
      <trkpt lat="31.39827794395387172698974609375" lon="119.48780315928161144256591796875">
        <ele>7.599999904632568359375</ele>
        <time>2025-02-18T23:12:15.000Z</time>
        <extensions>
          <ns3:TrackPointExtension/>
        </extensions>
      </trkpt>
      <trkpt lat="31.3983009941875934600830078125" lon="119.48780382983386516571044921875">
        <ele>7.599999904632568359375</ele>
        <time>2025-02-18T23:12:16.000Z</time>
        <extensions>
          <ns3:TrackPointExtension/>
        </extensions>
      </trkpt>
      <trkpt lat="31.3983237929642200469970703125" lon="119.48780282400548458099365234375">
        <ele>7.400000095367431640625</ele>
        <time>2025-02-18T23:12:17.000Z</time>
        <extensions>
          <ns3:TrackPointExtension/>
        </extensions>
      </trkpt>
      <trkpt lat="31.39834701083600521087646484375" lon="119.48780232109129428863525390625">
        <ele>7.19999980926513671875</ele>
        <time>2025-02-18T23:12:18.000Z</time>
        <extensions>
          <ns3:TrackPointExtension>
            <ns3:hr>140</ns3:hr>
          </ns3:TrackPointExtension>
        </extensions>
      </trkpt>
      <trkpt lat="31.3983710668981075286865234375" lon="119.48780290782451629638671875">
        <ele>7</ele>
        <time>2025-02-18T23:12:19.000Z</time>
        <extensions>
          <ns3:TrackPointExtension/>
        </extensions>
      </trkpt>
      <trkpt lat="31.3983960449695587158203125" lon="119.48780382983386516571044921875">
        <ele>6.80000019073486328125</ele>
        <time>2025-02-18T23:12:20.000Z</time>
        <extensions>
          <ns3:TrackPointExtension/>
        </extensions>
      </trkpt>
      <trkpt lat="31.398420520126819610595703125" lon="119.4878044165670871734619140625">
        <ele>6.599999904632568359375</ele>
        <time>2025-02-18T23:12:21.000Z</time>
        <extensions>
          <ns3:TrackPointExtension/>
        </extensions>
      </trkpt>
      <trkpt lat="31.3984438218176364898681640625" lon="119.48780450038611888885498046875">
        <ele>6.400000095367431640625</ele>
        <time>2025-02-18T23:12:22.000Z</time>
        <extensions>
          <ns3:TrackPointExtension/>
        </extensions>
      </trkpt>
      <trkpt lat="31.39846620149910449981689453125" lon="119.4878040812909603118896484375">
        <ele>6.400000095367431640625</ele>
        <time>2025-02-18T23:12:23.000Z</time>
        <extensions>
          <ns3:TrackPointExtension/>
        </extensions>
      </trkpt>
      <trkpt lat="31.398488581180572509765625" lon="119.48780349455773830413818359375">
        <ele>6.19999980926513671875</ele>
        <time>2025-02-18T23:12:24.000Z</time>
        <extensions>
          <ns3:TrackPointExtension>
            <ns3:hr>140</ns3:hr>
          </ns3:TrackPointExtension>
        </extensions>
      </trkpt>
      <trkpt lat="31.39851129613816738128662109375" lon="119.48780299164354801177978515625">
        <ele>6.19999980926513671875</ele>
        <time>2025-02-18T23:12:25.000Z</time>
        <extensions>
          <ns3:TrackPointExtension/>
        </extensions>
      </trkpt>
      <trkpt lat="31.3985336758196353912353515625" lon="119.4878030754625797271728515625">
        <ele>6.19999980926513671875</ele>
        <time>2025-02-18T23:12:26.000Z</time>
        <extensions>
          <ns3:TrackPointExtension/>
        </extensions>
      </trkpt>
      <trkpt lat="31.39855639077723026275634765625" lon="119.48780366219580173492431640625">
        <ele>6</ele>
        <time>2025-02-18T23:12:27.000Z</time>
        <extensions>
          <ns3:TrackPointExtension/>
        </extensions>
      </trkpt>
      <trkpt lat="31.39858044683933258056640625" lon="119.4878037460148334503173828125">
        <ele>6</ele>
        <time>2025-02-18T23:12:28.000Z</time>
        <extensions>
          <ns3:TrackPointExtension/>
        </extensions>
      </trkpt>
      <trkpt lat="31.39860517345368862152099609375" lon="119.48780290782451629638671875">
        <ele>6.19999980926513671875</ele>
        <time>2025-02-18T23:12:29.000Z</time>
        <extensions>
          <ns3:TrackPointExtension/>
        </extensions>
      </trkpt>
      <trkpt lat="31.3986292295157909393310546875" lon="119.487801901996135711669921875">
        <ele>6.19999980926513671875</ele>
        <time>2025-02-18T23:12:30.000Z</time>
        <extensions>
          <ns3:TrackPointExtension/>
        </extensions>
      </trkpt>
      <trkpt lat="31.3986530341207981109619140625" lon="119.4878007285296916961669921875">
        <ele>6.19999980926513671875</ele>
        <time>2025-02-18T23:12:31.000Z</time>
        <extensions>
          <ns3:TrackPointExtension/>
        </extensions>
      </trkpt>
      <trkpt lat="31.39867700636386871337890625" lon="119.48779930360615253448486328125">
        <ele>6.19999980926513671875</ele>
        <time>2025-02-18T23:12:32.000Z</time>
        <extensions>
          <ns3:TrackPointExtension>
            <ns3:hr>140</ns3:hr>
          </ns3:TrackPointExtension>
        </extensions>
      </trkpt>
      <trkpt lat="31.39870123006403446197509765625" lon="119.48779762722551822662353515625">
        <ele>6.19999980926513671875</ele>
        <time>2025-02-18T23:12:33.000Z</time>
        <extensions>
          <ns3:TrackPointExtension/>
        </extensions>
      </trkpt>
      <trkpt lat="31.39872503466904163360595703125" lon="119.4877956993877887725830078125">
        <ele>6.19999980926513671875</ele>
        <time>2025-02-18T23:12:34.000Z</time>
        <extensions>
          <ns3:TrackPointExtension/>
        </extensions>
      </trkpt>
      <trkpt lat="31.39874850399792194366455078125" lon="119.48779377155005931854248046875">
        <ele>6.19999980926513671875</ele>
        <time>2025-02-18T23:12:35.000Z</time>
        <extensions>
          <ns3:TrackPointExtension/>
        </extensions>
      </trkpt>
      <trkpt lat="31.39893810264766216278076171875" lon="119.4877819530665874481201171875">
        <ele>5.599999904632568359375</ele>
        <time>2025-02-18T23:13:21.000Z</time>
        <extensions>
          <ns3:TrackPointExtension/>
        </extensions>
      </trkpt>
      <trkpt lat="31.3989507593214511871337890625" lon="119.48778186924755573272705078125">
        <ele>5.599999904632568359375</ele>
        <time>2025-02-18T23:13:22.000Z</time>
        <extensions>
          <ns3:TrackPointExtension/>
        </extensions>
      </trkpt>
      <trkpt lat="31.3989648409187793731689453125" lon="119.48778253979980945587158203125">
        <ele>5.599999904632568359375</ele>
        <time>2025-02-18T23:13:23.000Z</time>
        <extensions>
          <ns3:TrackPointExtension>
            <ns3:hr>129</ns3:hr>
          </ns3:TrackPointExtension>
        </extensions>
      </trkpt>
      <trkpt lat="31.39898437075316905975341796875" lon="119.48778371326625347137451171875">
        <ele>5.400000095367431640625</ele>
        <time>2025-02-18T23:13:24.000Z</time>
        <extensions>
          <ns3:TrackPointExtension/>
        </extensions>
      </trkpt>
      <trkpt lat="31.39900851063430309295654296875" lon="119.48778505437076091766357421875">
        <ele>5.400000095367431640625</ele>
        <time>2025-02-18T23:13:25.000Z</time>
        <extensions>
          <ns3:TrackPointExtension/>
        </extensions>
      </trkpt>
      <trkpt lat="31.3990339078009128570556640625" lon="119.4877861440181732177734375">
        <ele>5.19999980926513671875</ele>
        <time>2025-02-18T23:13:26.000Z</time>
        <extensions>
          <ns3:TrackPointExtension/>
        </extensions>
      </trkpt>
      <trkpt lat="31.3990593887865543365478515625" lon="119.48778505437076091766357421875">
        <ele>5.19999980926513671875</ele>
        <time>2025-02-18T23:13:27.000Z</time>
        <extensions>
          <ns3:TrackPointExtension/>
        </extensions>
      </trkpt>
      <trkpt lat="31.39908545650541782379150390625" lon="119.4877832941710948944091796875">
        <ele>5.19999980926513671875</ele>
        <time>2025-02-18T23:13:28.000Z</time>
        <extensions>
          <ns3:TrackPointExtension/>
        </extensions>
      </trkpt>
      <trkpt lat="31.399111859500408172607421875" lon="119.4877842999994754791259765625">
        <ele>5.19999980926513671875</ele>
        <time>2025-02-18T23:13:29.000Z</time>
        <extensions>
          <ns3:TrackPointExtension/>
        </extensions>
      </trkpt>
      <trkpt lat="31.39913826249539852142333984375" lon="119.4877874851226806640625">
        <ele>5.19999980926513671875</ele>
        <time>2025-02-18T23:13:30.000Z</time>
        <extensions>
          <ns3:TrackPointExtension/>
        </extensions>
      </trkpt>
      <trkpt lat="31.39916424639523029327392578125" lon="119.48779226280748844146728515625">
        <ele>5.19999980926513671875</ele>
        <time>2025-02-18T23:13:31.000Z</time>
        <extensions>
          <ns3:TrackPointExtension/>
        </extensions>
      </trkpt>
      <trkpt lat="31.39919023029506206512451171875" lon="119.48779729194939136505126953125">
        <ele>5.19999980926513671875</ele>
        <time>2025-02-18T23:13:32.000Z</time>
        <extensions>
          <ns3:TrackPointExtension>
            <ns3:hr>119</ns3:hr>
          </ns3:TrackPointExtension>
        </extensions>
      </trkpt>
      <trkpt lat="31.39921654947102069854736328125" lon="119.4878013990819454193115234375">
        <ele>5.19999980926513671875</ele>
        <time>2025-02-18T23:13:33.000Z</time>
        <extensions>
          <ns3:TrackPointExtension/>
        </extensions>
      </trkpt>
      <trkpt lat="31.39924303628504276275634765625" lon="119.48780567385256290435791015625">
        <ele>5</ele>
        <time>2025-02-18T23:13:34.000Z</time>
        <extensions>
          <ns3:TrackPointExtension/>
        </extensions>
      </trkpt>
      <trkpt lat="31.39926969073712825775146484375" lon="119.4878089427947998046875">
        <ele>5</ele>
        <time>2025-02-18T23:13:35.000Z</time>
        <extensions>
          <ns3:TrackPointExtension/>
        </extensions>
      </trkpt>
      <trkpt lat="31.3992964290082454681396484375" lon="119.4878104515373706817626953125">
        <ele>5</ele>
        <time>2025-02-18T23:13:36.000Z</time>
        <extensions>
          <ns3:TrackPointExtension/>
        </extensions>
      </trkpt>
      <trkpt lat="31.39932350255548954010009765625" lon="119.48781070299446582794189453125">
        <ele>5</ele>
        <time>2025-02-18T23:13:37.000Z</time>
        <extensions>
          <ns3:TrackPointExtension>
            <ns3:hr>116</ns3:hr>
          </ns3:TrackPointExtension>
        </extensions>
      </trkpt>
      <trkpt lat="31.3993509113788604736328125" lon="119.487808607518672943115234375">
        <ele>5</ele>
        <time>2025-02-18T23:13:38.000Z</time>
        <extensions>
          <ns3:TrackPointExtension/>
        </extensions>
      </trkpt>
      <trkpt lat="31.399378068745136260986328125" lon="119.48780366219580173492431640625">
        <ele>5.19999980926513671875</ele>
        <time>2025-02-18T23:13:39.000Z</time>
        <extensions>
          <ns3:TrackPointExtension/>
        </extensions>
      </trkpt>
      <trkpt lat="31.3994043879210948944091796875" lon="119.48779662139713764190673828125">
        <ele>5.19999980926513671875</ele>
        <time>2025-02-18T23:13:40.000Z</time>
        <extensions>
          <ns3:TrackPointExtension>
            <ns3:hr>116</ns3:hr>
          </ns3:TrackPointExtension>
        </extensions>
      </trkpt>
      <trkpt lat="31.39943045563995838165283203125" lon="119.48778958059847354888916015625">
        <ele>5.400000095367431640625</ele>
        <time>2025-02-18T23:13:41.000Z</time>
        <extensions>
          <ns3:TrackPointExtension/>
        </extensions>
      </trkpt>
      <trkpt lat="31.3994563557207584381103515625" lon="119.48778212070465087890625">
        <ele>5.400000095367431640625</ele>
        <time>2025-02-18T23:13:42.000Z</time>
        <extensions>
          <ns3:TrackPointExtension/>
        </extensions>
      </trkpt>
      <trkpt lat="31.3994791544973850250244140625" lon="119.48777566663920879364013671875">
        <ele>5.400000095367431640625</ele>
        <time>2025-02-18T23:13:43.000Z</time>
        <extensions>
          <ns3:TrackPointExtension/>
        </extensions>
      </trkpt>
      <trkpt lat="31.39950354583561420440673828125" lon="119.4877685420215129852294921875">
        <ele>5.599999904632568359375</ele>
        <time>2025-02-18T23:13:44.000Z</time>
        <extensions>
          <ns3:TrackPointExtension/>
        </extensions>
      </trkpt>
      <trkpt lat="31.39952818863093852996826171875" lon="119.48776242323219776153564453125">
        <ele>5.599999904632568359375</ele>
        <time>2025-02-18T23:13:45.000Z</time>
        <extensions>
          <ns3:TrackPointExtension/>
        </extensions>
      </trkpt>
      <trkpt lat="31.39955341815948486328125" lon="119.4877588190138339996337890625">
        <ele>5.80000019073486328125</ele>
        <time>2025-02-18T23:13:46.000Z</time>
        <extensions>
          <ns3:TrackPointExtension>
            <ns3:hr>118</ns3:hr>
          </ns3:TrackPointExtension>
        </extensions>
      </trkpt>
      <trkpt lat="31.39957881532609462738037109375" lon="119.487756974995136260986328125">
        <ele>5.80000019073486328125</ele>
        <time>2025-02-18T23:13:47.000Z</time>
        <extensions>
          <ns3:TrackPointExtension/>
        </extensions>
      </trkpt>
      <trkpt lat="31.39960412867367267608642578125" lon="119.487756304442882537841796875">
        <ele>6</ele>
        <time>2025-02-18T23:13:48.000Z</time>
        <extensions>
          <ns3:TrackPointExtension>
            <ns3:hr>120</ns3:hr>
          </ns3:TrackPointExtension>
        </extensions>
      </trkpt>
      <trkpt lat="31.39962944202125072479248046875" lon="119.48775588534772396087646484375">
        <ele>6</ele>
        <time>2025-02-18T23:13:49.000Z</time>
        <extensions>
          <ns3:TrackPointExtension/>
        </extensions>
      </trkpt>
      <trkpt lat="31.39965475536882877349853515625" lon="119.48775521479547023773193359375">
        <ele>6</ele>
        <time>2025-02-18T23:13:50.000Z</time>
        <extensions>
          <ns3:TrackPointExtension/>
        </extensions>
      </trkpt>
      <trkpt lat="31.39967990107834339141845703125" lon="119.48775270022451877593994140625">
        <ele>6</ele>
        <time>2025-02-18T23:13:51.000Z</time>
        <extensions>
          <ns3:TrackPointExtension/>
        </extensions>
      </trkpt>
      <trkpt lat="31.399704627692699432373046875" lon="119.487749598920345306396484375">
        <ele>6</ele>
        <time>2025-02-18T23:13:52.000Z</time>
        <extensions>
          <ns3:TrackPointExtension/>
        </extensions>
      </trkpt>
      <trkpt lat="31.39972784556448459625244140625" lon="119.48774901218712329864501953125">
        <ele>6</ele>
        <time>2025-02-18T23:13:53.000Z</time>
        <extensions>
          <ns3:TrackPointExtension/>
        </extensions>
      </trkpt>
      <trkpt lat="31.3997510634362697601318359375" lon="119.4877490960061550140380859375">
        <ele>6</ele>
        <time>2025-02-18T23:13:54.000Z</time>
        <extensions>
          <ns3:TrackPointExtension/>
        </extensions>
      </trkpt>
      <trkpt lat="31.39977713115513324737548828125" lon="119.48774733580648899078369140625">
        <ele>6</ele>
        <time>2025-02-18T23:13:55.000Z</time>
        <extensions>
          <ns3:TrackPointExtension/>
        </extensions>
      </trkpt>
      <trkpt lat="31.39980495907366275787353515625" lon="119.48774280957877635955810546875">
        <ele>6</ele>
        <time>2025-02-18T23:13:56.000Z</time>
        <extensions>
          <ns3:TrackPointExtension>
            <ns3:hr>127</ns3:hr>
          </ns3:TrackPointExtension>
        </extensions>
      </trkpt>
      <trkpt lat="31.39983236789703369140625" lon="119.48773610405623912811279296875">
        <ele>6</ele>
        <time>2025-02-18T23:13:57.000Z</time>
        <extensions>
          <ns3:TrackPointExtension/>
        </extensions>
      </trkpt>
      <trkpt lat="31.3998583517968654632568359375" lon="119.4877286441624164581298828125">
        <ele>6</ele>
        <time>2025-02-18T23:13:58.000Z</time>
        <extensions>
          <ns3:TrackPointExtension/>
        </extensions>
      </trkpt>
      <trkpt lat="31.3998828269541263580322265625" lon="119.4877231121063232421875">
        <ele>6</ele>
        <time>2025-02-18T23:13:59.000Z</time>
        <extensions>
          <ns3:TrackPointExtension/>
        </extensions>
      </trkpt>
      <trkpt lat="31.39990688301622867584228515625" lon="119.48771950788795948028564453125">
        <ele>6</ele>
        <time>2025-02-18T23:14:00.000Z</time>
        <extensions>
          <ns3:TrackPointExtension/>
        </extensions>
      </trkpt>
      <trkpt lat="31.39993169344961643218994140625" lon="119.48771707713603973388671875">
        <ele>5.80000019073486328125</ele>
        <time>2025-02-18T23:14:01.000Z</time>
        <extensions>
          <ns3:TrackPointExtension/>
        </extensions>
      </trkpt>
      <trkpt lat="31.39995734207332134246826171875" lon="119.48771431110799312591552734375">
        <ele>5.80000019073486328125</ele>
        <time>2025-02-18T23:14:02.000Z</time>
        <extensions>
          <ns3:TrackPointExtension>
            <ns3:hr>130</ns3:hr>
          </ns3:TrackPointExtension>
        </extensions>
      </trkpt>
      <trkpt lat="31.3999827392399311065673828125" lon="119.487710706889629364013671875">
        <ele>5.80000019073486328125</ele>
        <time>2025-02-18T23:14:03.000Z</time>
        <extensions>
          <ns3:TrackPointExtension/>
        </extensions>
      </trkpt>
      <trkpt lat="31.4000075496733188629150390625" lon="119.4877071864902973175048828125">
        <ele>5.599999904632568359375</ele>
        <time>2025-02-18T23:14:04.000Z</time>
        <extensions>
          <ns3:TrackPointExtension/>
        </extensions>
      </trkpt>
      <trkpt lat="31.4000326953828334808349609375" lon="119.48770408518612384796142578125">
        <ele>5.599999904632568359375</ele>
        <time>2025-02-18T23:14:05.000Z</time>
        <extensions>
          <ns3:TrackPointExtension>
            <ns3:hr>131</ns3:hr>
          </ns3:TrackPointExtension>
        </extensions>
      </trkpt>
      <trkpt lat="31.4000590145587921142578125" lon="119.48770207352936267852783203125">
        <ele>5.400000095367431640625</ele>
        <time>2025-02-18T23:14:06.000Z</time>
        <extensions>
          <ns3:TrackPointExtension/>
        </extensions>
      </trkpt>
      <trkpt lat="31.40008558519184589385986328125" lon="119.48770106770098209381103515625">
        <ele>5.400000095367431640625</ele>
        <time>2025-02-18T23:14:07.000Z</time>
        <extensions>
          <ns3:TrackPointExtension/>
        </extensions>
      </trkpt>
      <trkpt lat="31.40011173672974109649658203125" lon="119.48770006187260150909423828125">
        <ele>5.19999980926513671875</ele>
        <time>2025-02-18T23:14:08.000Z</time>
        <extensions>
          <ns3:TrackPointExtension/>
        </extensions>
      </trkpt>
      <trkpt lat="31.4001373015344142913818359375" lon="119.48769830167293548583984375">
        <ele>5.19999980926513671875</ele>
        <time>2025-02-18T23:14:09.000Z</time>
        <extensions>
          <ns3:TrackPointExtension>
            <ns3:hr>134</ns3:hr>
          </ns3:TrackPointExtension>
        </extensions>
      </trkpt>
      <trkpt lat="31.40016202814877033233642578125" lon="119.487695954740047454833984375">
        <ele>5</ele>
        <time>2025-02-18T23:14:10.000Z</time>
        <extensions>
          <ns3:TrackPointExtension/>
        </extensions>
      </trkpt>
      <trkpt lat="31.40018633566796779632568359375" lon="119.48769318871200084686279296875">
        <ele>5</ele>
        <time>2025-02-18T23:14:11.000Z</time>
        <extensions>
          <ns3:TrackPointExtension/>
        </extensions>
      </trkpt>
      <trkpt lat="31.400210559368133544921875" lon="119.48769017122685909271240234375">
        <ele>4.80000019073486328125</ele>
        <time>2025-02-18T23:14:12.000Z</time>
        <extensions>
          <ns3:TrackPointExtension/>
        </extensions>
      </trkpt>
      <trkpt lat="31.40023461543023586273193359375" lon="119.48768757283687591552734375">
        <ele>4.80000019073486328125</ele>
        <time>2025-02-18T23:14:13.000Z</time>
        <extensions>
          <ns3:TrackPointExtension/>
        </extensions>
      </trkpt>
      <trkpt lat="31.4002583362162113189697265625" lon="119.487684555351734161376953125">
        <ele>4.80000019073486328125</ele>
        <time>2025-02-18T23:14:14.000Z</time>
        <extensions>
          <ns3:TrackPointExtension>
            <ns3:hr>138</ns3:hr>
          </ns3:TrackPointExtension>
        </extensions>
      </trkpt>
      <trkpt lat="31.4002816379070281982421875" lon="119.48768111877143383026123046875">
        <ele>4.599999904632568359375</ele>
        <time>2025-02-18T23:14:15.000Z</time>
        <extensions>
          <ns3:TrackPointExtension/>
        </extensions>
      </trkpt>
      <trkpt lat="31.400304771959781646728515625" lon="119.48767776601016521453857421875">
        <ele>4.599999904632568359375</ele>
        <time>2025-02-18T23:14:16.000Z</time>
        <extensions>
          <ns3:TrackPointExtension/>
        </extensions>
      </trkpt>
      <trkpt lat="31.4003272354602813720703125" lon="119.48767575435340404510498046875">
        <ele>4.599999904632568359375</ele>
        <time>2025-02-18T23:14:17.000Z</time>
        <extensions>
          <ns3:TrackPointExtension/>
        </extensions>
      </trkpt>
      <trkpt lat="31.40034911222755908966064453125" lon="119.48767625726759433746337890625">
        <ele>4.599999904632568359375</ele>
        <time>2025-02-18T23:14:18.000Z</time>
        <extensions>
          <ns3:TrackPointExtension/>
        </extensions>
      </trkpt>
      <trkpt lat="31.40037082135677337646484375" lon="119.48767843656241893768310546875">
        <ele>4.599999904632568359375</ele>
        <time>2025-02-18T23:14:19.000Z</time>
        <extensions>
          <ns3:TrackPointExtension>
            <ns3:hr>138</ns3:hr>
          </ns3:TrackPointExtension>
        </extensions>
      </trkpt>
      <trkpt lat="31.40039370395243167877197265625" lon="119.48768028058111667633056640625">
        <ele>4.599999904632568359375</ele>
        <time>2025-02-18T23:14:20.000Z</time>
        <extensions>
          <ns3:TrackPointExtension/>
        </extensions>
      </trkpt>
      <trkpt lat="31.40041834674775600433349609375" lon="119.48768044821918010711669921875">
        <ele>4.599999904632568359375</ele>
        <time>2025-02-18T23:14:21.000Z</time>
        <extensions>
          <ns3:TrackPointExtension/>
        </extensions>
      </trkpt>
      <trkpt lat="31.40044433064758777618408203125" lon="119.48767910711467266082763671875">
        <ele>4.599999904632568359375</ele>
        <time>2025-02-18T23:14:22.000Z</time>
        <extensions>
          <ns3:TrackPointExtension/>
        </extensions>
      </trkpt>
      <trkpt lat="31.40047006309032440185546875" lon="119.487677514553070068359375">
        <ele>4.599999904632568359375</ele>
        <time>2025-02-18T23:14:23.000Z</time>
        <extensions>
          <ns3:TrackPointExtension/>
        </extensions>
      </trkpt>
      <trkpt lat="31.4004953764379024505615234375" lon="119.4876776821911334991455078125">
        <ele>4.599999904632568359375</ele>
        <time>2025-02-18T23:14:24.000Z</time>
        <extensions>
          <ns3:TrackPointExtension/>
        </extensions>
      </trkpt>
      <trkpt lat="31.40052060596644878387451171875" lon="119.487679190933704376220703125">
        <ele>4.80000019073486328125</ele>
        <time>2025-02-18T23:14:25.000Z</time>
        <extensions>
          <ns3:TrackPointExtension/>
        </extensions>
      </trkpt>
      <trkpt lat="31.400545500218868255615234375" lon="119.48768078349530696868896484375">
        <ele>4.80000019073486328125</ele>
        <time>2025-02-18T23:14:26.000Z</time>
        <extensions>
          <ns3:TrackPointExtension>
            <ns3:hr>138</ns3:hr>
          </ns3:TrackPointExtension>
        </extensions>
      </trkpt>
      <trkpt lat="31.40057022683322429656982421875" lon="119.48768162168562412261962890625">
        <ele>5</ele>
        <time>2025-02-18T23:14:27.000Z</time>
        <extensions>
          <ns3:TrackPointExtension/>
        </extensions>
      </trkpt>
      <trkpt lat="31.40059478580951690673828125" lon="119.4876813702285289764404296875">
        <ele>5</ele>
        <time>2025-02-18T23:14:28.000Z</time>
        <extensions>
          <ns3:TrackPointExtension>
            <ns3:hr>139</ns3:hr>
          </ns3:TrackPointExtension>
        </extensions>
      </trkpt>
      <trkpt lat="31.40061951242387294769287109375" lon="119.48768061585724353790283203125">
        <ele>5.19999980926513671875</ele>
        <time>2025-02-18T23:14:29.000Z</time>
        <extensions>
          <ns3:TrackPointExtension/>
        </extensions>
      </trkpt>
      <trkpt lat="31.400644741952419281005859375" lon="119.487679190933704376220703125">
        <ele>5.19999980926513671875</ele>
        <time>2025-02-18T23:14:30.000Z</time>
        <extensions>
          <ns3:TrackPointExtension/>
        </extensions>
      </trkpt>
      <trkpt lat="31.40066963620483875274658203125" lon="119.48767843656241893768310546875">
        <ele>5.400000095367431640625</ele>
        <time>2025-02-18T23:14:31.000Z</time>
        <extensions>
          <ns3:TrackPointExtension/>
        </extensions>
      </trkpt>
      <trkpt lat="31.40069402754306793212890625" lon="119.4876786880195140838623046875">
        <ele>5.400000095367431640625</ele>
        <time>2025-02-18T23:14:32.000Z</time>
        <extensions>
          <ns3:TrackPointExtension/>
        </extensions>
      </trkpt>
      <trkpt lat="31.40071808360517024993896484375" lon="119.48767944239079952239990234375">
        <ele>5.400000095367431640625</ele>
        <time>2025-02-18T23:14:33.000Z</time>
        <extensions>
          <ns3:TrackPointExtension>
            <ns3:hr>141</ns3:hr>
          </ns3:TrackPointExtension>
        </extensions>
      </trkpt>
      <trkpt lat="31.40074230730533599853515625" lon="119.4876803644001483917236328125">
        <ele>5.599999904632568359375</ele>
        <time>2025-02-18T23:14:34.000Z</time>
        <extensions>
          <ns3:TrackPointExtension/>
        </extensions>
      </trkpt>
      <trkpt lat="31.4007671177387237548828125" lon="119.48768028058111667633056640625">
        <ele>5.599999904632568359375</ele>
        <time>2025-02-18T23:14:35.000Z</time>
        <extensions>
          <ns3:TrackPointExtension/>
        </extensions>
      </trkpt>
      <trkpt lat="31.40079192817211151123046875" lon="119.48767860420048236846923828125">
        <ele>5.80000019073486328125</ele>
        <time>2025-02-18T23:14:36.000Z</time>
        <extensions>
          <ns3:TrackPointExtension/>
        </extensions>
      </trkpt>
      <trkpt lat="31.400816403329372406005859375" lon="119.48767550289630889892578125">
        <ele>5.80000019073486328125</ele>
        <time>2025-02-18T23:14:37.000Z</time>
        <extensions>
          <ns3:TrackPointExtension/>
        </extensions>
      </trkpt>
      <trkpt lat="31.40084146521985530853271484375" lon="119.48767206631600856781005859375">
        <ele>6</ele>
        <time>2025-02-18T23:14:38.000Z</time>
        <extensions>
          <ns3:TrackPointExtension>
            <ns3:hr>143</ns3:hr>
          </ns3:TrackPointExtension>
        </extensions>
      </trkpt>
      <trkpt lat="31.40086694620549678802490234375" lon="119.4876682944595813751220703125">
        <ele>6</ele>
        <time>2025-02-18T23:14:39.000Z</time>
        <extensions>
          <ns3:TrackPointExtension/>
        </extensions>
      </trkpt>
      <trkpt lat="31.40089158900082111358642578125" lon="119.48766485787928104400634765625">
        <ele>6</ele>
        <time>2025-02-18T23:14:40.000Z</time>
        <extensions>
          <ns3:TrackPointExtension/>
        </extensions>
      </trkpt>
      <trkpt lat="31.40091589652001857757568359375" lon="119.4876625947654247283935546875">
        <ele>6</ele>
        <time>2025-02-18T23:14:41.000Z</time>
        <extensions>
          <ns3:TrackPointExtension/>
        </extensions>
      </trkpt>
      <trkpt lat="31.40093944966793060302734375" lon="119.4876622594892978668212890625">
        <ele>6</ele>
        <time>2025-02-18T23:14:42.000Z</time>
        <extensions>
          <ns3:TrackPointExtension/>
        </extensions>
      </trkpt>
      <trkpt lat="31.4009627513587474822998046875" lon="119.48766368441283702850341796875">
        <ele>6</ele>
        <time>2025-02-18T23:14:43.000Z</time>
        <extensions>
          <ns3:TrackPointExtension/>
        </extensions>
      </trkpt>
      <trkpt lat="31.4009862206876277923583984375" lon="119.4876656122505664825439453125">
        <ele>6</ele>
        <time>2025-02-18T23:14:44.000Z</time>
        <extensions>
          <ns3:TrackPointExtension/>
        </extensions>
      </trkpt>
      <trkpt lat="31.40101027674973011016845703125" lon="119.48766745626926422119140625">
        <ele>6</ele>
        <time>2025-02-18T23:14:45.000Z</time>
        <extensions>
          <ns3:TrackPointExtension/>
        </extensions>
      </trkpt>
      <trkpt lat="31.4010355062782764434814453125" lon="119.48766904883086681365966796875">
        <ele>6</ele>
        <time>2025-02-18T23:14:46.000Z</time>
        <extensions>
          <ns3:TrackPointExtension/>
        </extensions>
      </trkpt>
      <trkpt lat="31.40106190927326679229736328125" lon="119.4876706413924694061279296875">
        <ele>6</ele>
        <time>2025-02-18T23:14:47.000Z</time>
        <extensions>
          <ns3:TrackPointExtension>
            <ns3:hr>147</ns3:hr>
          </ns3:TrackPointExtension>
        </extensions>
      </trkpt>
      <trkpt lat="31.40108906663954257965087890625" lon="119.487671144306659698486328125">
        <ele>6</ele>
        <time>2025-02-18T23:14:48.000Z</time>
        <extensions>
          <ns3:TrackPointExtension/>
        </extensions>
      </trkpt>
      <trkpt lat="31.40111572109162807464599609375" lon="119.48766988702118396759033203125">
        <ele>6</ele>
        <time>2025-02-18T23:14:49.000Z</time>
        <extensions>
          <ns3:TrackPointExtension>
            <ns3:hr>147</ns3:hr>
          </ns3:TrackPointExtension>
        </extensions>
      </trkpt>
      <trkpt lat="31.4011417888104915618896484375" lon="119.48766720481216907501220703125">
        <ele>6</ele>
        <time>2025-02-18T23:14:50.000Z</time>
        <extensions>
          <ns3:TrackPointExtension/>
        </extensions>
      </trkpt>
      <trkpt lat="31.40116768889129161834716796875" lon="119.487663097679615020751953125">
        <ele>5.80000019073486328125</ele>
        <time>2025-02-18T23:14:51.000Z</time>
        <extensions>
          <ns3:TrackPointExtension/>
        </extensions>
      </trkpt>
      <trkpt lat="31.40119283460080623626708984375" lon="119.48765806853771209716796875">
        <ele>5.80000019073486328125</ele>
        <time>2025-02-18T23:14:52.000Z</time>
        <extensions>
          <ns3:TrackPointExtension/>
        </extensions>
      </trkpt>
      <trkpt lat="31.4012172259390354156494140625" lon="119.4876525364816188812255859375">
        <ele>5.599999904632568359375</ele>
        <time>2025-02-18T23:14:53.000Z</time>
        <extensions>
          <ns3:TrackPointExtension/>
        </extensions>
      </trkpt>
      <trkpt lat="31.40124178491532802581787109375" lon="119.4876478426158428192138671875">
        <ele>5.599999904632568359375</ele>
        <time>2025-02-18T23:14:54.000Z</time>
        <extensions>
          <ns3:TrackPointExtension>
            <ns3:hr>147</ns3:hr>
          </ns3:TrackPointExtension>
        </extensions>
      </trkpt>
      <trkpt lat="31.40126693062484264373779296875" lon="119.487644992768764495849609375">
        <ele>5.400000095367431640625</ele>
        <time>2025-02-18T23:14:55.000Z</time>
        <extensions>
          <ns3:TrackPointExtension/>
        </extensions>
      </trkpt>
      <trkpt lat="31.40129174105823040008544921875" lon="119.48764440603554248809814453125">
        <ele>5.400000095367431640625</ele>
        <time>2025-02-18T23:14:56.000Z</time>
        <extensions>
          <ns3:TrackPointExtension/>
        </extensions>
      </trkpt>
      <trkpt lat="31.40131604857742786407470703125" lon="119.48764557950198650360107421875">
        <ele>5.19999980926513671875</ele>
        <time>2025-02-18T23:14:57.000Z</time>
        <extensions>
          <ns3:TrackPointExtension/>
        </extensions>
      </trkpt>
      <trkpt lat="31.4013399370014667510986328125" lon="119.487647004425525665283203125">
        <ele>5.19999980926513671875</ele>
        <time>2025-02-18T23:14:58.000Z</time>
        <extensions>
          <ns3:TrackPointExtension>
            <ns3:hr>147</ns3:hr>
          </ns3:TrackPointExtension>
        </extensions>
      </trkpt>
      <trkpt lat="31.40136365778744220733642578125" lon="119.4876475073397159576416015625">
        <ele>5</ele>
        <time>2025-02-18T23:14:59.000Z</time>
        <extensions>
          <ns3:TrackPointExtension/>
        </extensions>
      </trkpt>
      <trkpt lat="31.40138712711632251739501953125" lon="119.487646333873271942138671875">
        <ele>5</ele>
        <time>2025-02-18T23:15:00.000Z</time>
        <extensions>
          <ns3:TrackPointExtension/>
        </extensions>
      </trkpt>
      <trkpt lat="31.40141017735004425048828125" lon="119.487643651664257049560546875">
        <ele>5</ele>
        <time>2025-02-18T23:15:01.000Z</time>
        <extensions>
          <ns3:TrackPointExtension/>
        </extensions>
      </trkpt>
      <trkpt lat="31.40143373049795627593994140625" lon="119.48764063417911529541015625">
        <ele>5</ele>
        <time>2025-02-18T23:15:02.000Z</time>
        <extensions>
          <ns3:TrackPointExtension/>
        </extensions>
      </trkpt>
      <trkpt lat="31.40145870856940746307373046875" lon="119.48763820342719554901123046875">
        <ele>5</ele>
        <time>2025-02-18T23:15:03.000Z</time>
        <extensions>
          <ns3:TrackPointExtension/>
        </extensions>
      </trkpt>
      <trkpt lat="31.401484273374080657958984375" lon="119.4876359403133392333984375">
        <ele>5</ele>
        <time>2025-02-18T23:15:04.000Z</time>
        <extensions>
          <ns3:TrackPointExtension/>
        </extensions>
      </trkpt>
      <trkpt lat="31.4015095867216587066650390625" lon="119.48763501830399036407470703125">
        <ele>5</ele>
        <time>2025-02-18T23:15:05.000Z</time>
        <extensions>
          <ns3:TrackPointExtension/>
        </extensions>
      </trkpt>
      <trkpt lat="31.4015342295169830322265625" lon="119.4876351021230220794677734375">
        <ele>5</ele>
        <time>2025-02-18T23:15:06.000Z</time>
        <extensions>
          <ns3:TrackPointExtension/>
        </extensions>
      </trkpt>
      <trkpt lat="31.40155761502683162689208984375" lon="119.4876351021230220794677734375">
        <ele>5</ele>
        <time>2025-02-18T23:15:07.000Z</time>
        <extensions>
          <ns3:TrackPointExtension>
            <ns3:hr>146</ns3:hr>
          </ns3:TrackPointExtension>
        </extensions>
      </trkpt>
      <trkpt lat="31.401580162346363067626953125" lon="119.4876344315707683563232421875">
        <ele>5</ele>
        <time>2025-02-18T23:15:08.000Z</time>
        <extensions>
          <ns3:TrackPointExtension/>
        </extensions>
      </trkpt>
      <trkpt lat="31.401602290570735931396484375" lon="119.48763283900916576385498046875">
        <ele>5.19999980926513671875</ele>
        <time>2025-02-18T23:15:09.000Z</time>
        <extensions>
          <ns3:TrackPointExtension/>
        </extensions>
      </trkpt>
      <trkpt lat="31.401624418795108795166015625" lon="119.48763166554272174835205078125">
        <ele>5.19999980926513671875</ele>
        <time>2025-02-18T23:15:10.000Z</time>
        <extensions>
          <ns3:TrackPointExtension/>
        </extensions>
      </trkpt>
      <trkpt lat="31.4016463793814182281494140625" lon="119.48763099499046802520751953125">
        <ele>5.19999980926513671875</ele>
        <time>2025-02-18T23:15:11.000Z</time>
        <extensions>
          <ns3:TrackPointExtension>
            <ns3:hr>146</ns3:hr>
          </ns3:TrackPointExtension>
        </extensions>
      </trkpt>
      <trkpt lat="31.40166775323450565338134765625" lon="119.48762948624789714813232421875">
        <ele>5.400000095367431640625</ele>
        <time>2025-02-18T23:15:12.000Z</time>
        <extensions>
          <ns3:TrackPointExtension/>
        </extensions>
      </trkpt>
      <trkpt lat="31.40168820507824420928955078125" lon="119.48762588202953338623046875">
        <ele>5.400000095367431640625</ele>
        <time>2025-02-18T23:15:13.000Z</time>
        <extensions>
          <ns3:TrackPointExtension/>
        </extensions>
      </trkpt>
      <trkpt lat="31.401707567274570465087890625" lon="119.4876193441450595855712890625">
        <ele>5.599999904632568359375</ele>
        <time>2025-02-18T23:15:14.000Z</time>
        <extensions>
          <ns3:TrackPointExtension/>
        </extensions>
      </trkpt>
      <trkpt lat="31.401725672185420989990234375" lon="119.4876092858612537384033203125">
        <ele>5.599999904632568359375</ele>
        <time>2025-02-18T23:15:15.000Z</time>
        <extensions>
          <ns3:TrackPointExtension/>
        </extensions>
      </trkpt>
      <trkpt lat="31.4017422683537006378173828125" lon="119.4875952042639255523681640625">
        <ele>5.599999904632568359375</ele>
        <time>2025-02-18T23:15:16.000Z</time>
        <extensions>
          <ns3:TrackPointExtension>
            <ns3:hr>145</ns3:hr>
          </ns3:TrackPointExtension>
        </extensions>
      </trkpt>
      <trkpt lat="31.4017570205032825469970703125" lon="119.48757626116275787353515625">
        <ele>5.599999904632568359375</ele>
        <time>2025-02-18T23:15:17.000Z</time>
        <extensions>
          <ns3:TrackPointExtension/>
        </extensions>
      </trkpt>
      <trkpt lat="31.4017694257199764251708984375" lon="119.4875516183674335479736328125">
        <ele>5.80000019073486328125</ele>
        <time>2025-02-18T23:15:18.000Z</time>
        <extensions>
          <ns3:TrackPointExtension/>
        </extensions>
      </trkpt>
      <trkpt lat="31.401778645813465118408203125" lon="119.487521946430206298828125">
        <ele>5.80000019073486328125</ele>
        <time>2025-02-18T23:15:19.000Z</time>
        <extensions>
          <ns3:TrackPointExtension/>
        </extensions>
      </trkpt>
      <trkpt lat="31.401785351336002349853515625" lon="119.4874905981123447418212890625">
        <ele>5.80000019073486328125</ele>
        <time>2025-02-18T23:15:20.000Z</time>
        <extensions>
          <ns3:TrackPointExtension/>
        </extensions>
      </trkpt>
      <trkpt lat="31.40179105103015899658203125" lon="119.48746092617511749267578125">
        <ele>6</ele>
        <time>2025-02-18T23:15:21.000Z</time>
        <extensions>
          <ns3:TrackPointExtension/>
        </extensions>
      </trkpt>
      <trkpt lat="31.4017969183623790740966796875" lon="119.48743536137044429779052734375">
        <ele>6</ele>
        <time>2025-02-18T23:15:22.000Z</time>
        <extensions>
          <ns3:TrackPointExtension>
            <ns3:hr>144</ns3:hr>
          </ns3:TrackPointExtension>
        </extensions>
      </trkpt>
      <trkpt lat="31.40180354006588459014892578125" lon="119.4874131493270397186279296875">
        <ele>6.19999980926513671875</ele>
        <time>2025-02-18T23:15:23.000Z</time>
        <extensions>
          <ns3:TrackPointExtension/>
        </extensions>
      </trkpt>
      <trkpt lat="31.40181058086454868316650390625" lon="119.4873918592929840087890625">
        <ele>6.400000095367431640625</ele>
        <time>2025-02-18T23:15:24.000Z</time>
        <extensions>
          <ns3:TrackPointExtension/>
        </extensions>
      </trkpt>
      <trkpt lat="31.40181812457740306854248046875" lon="119.487369395792484283447265625">
        <ele>6.400000095367431640625</ele>
        <time>2025-02-18T23:15:25.000Z</time>
        <extensions>
          <ns3:TrackPointExtension/>
        </extensions>
      </trkpt>
      <trkpt lat="31.40182667411863803863525390625" lon="119.48734366334974765777587890625">
        <ele>6.599999904632568359375</ele>
        <time>2025-02-18T23:15:26.000Z</time>
        <extensions>
          <ns3:TrackPointExtension>
            <ns3:hr>144</ns3:hr>
          </ns3:TrackPointExtension>
        </extensions>
      </trkpt>
      <trkpt lat="31.40183622948825359344482421875" lon="119.48731667362153530120849609375">
        <ele>6.80000019073486328125</ele>
        <time>2025-02-18T23:15:27.000Z</time>
        <extensions>
          <ns3:TrackPointExtension/>
        </extensions>
      </trkpt>
      <trkpt lat="31.4018465392291545867919921875" lon="119.48729068972170352935791015625">
        <ele>7</ele>
        <time>2025-02-18T23:15:28.000Z</time>
        <extensions>
          <ns3:TrackPointExtension>
            <ns3:hr>144</ns3:hr>
          </ns3:TrackPointExtension>
        </extensions>
      </trkpt>
      <trkpt lat="31.40185802243649959564208984375" lon="119.48726705275475978851318359375">
        <ele>7</ele>
        <time>2025-02-18T23:15:29.000Z</time>
        <extensions>
          <ns3:TrackPointExtension/>
        </extensions>
      </trkpt>
      <trkpt lat="31.40187294222414493560791015625" lon="119.48724593035876750946044921875">
        <ele>7</ele>
        <time>2025-02-18T23:15:30.000Z</time>
        <extensions>
          <ns3:TrackPointExtension/>
        </extensions>
      </trkpt>
      <trkpt lat="31.401891969144344329833984375" lon="119.4872284121811389923095703125">
        <ele>7</ele>
        <time>2025-02-18T23:15:31.000Z</time>
        <extensions>
          <ns3:TrackPointExtension/>
        </extensions>
      </trkpt>
      <trkpt lat="31.4019142650067806243896484375" lon="119.48721575550734996795654296875">
        <ele>7</ele>
        <time>2025-02-18T23:15:32.000Z</time>
        <extensions>
          <ns3:TrackPointExtension/>
        </extensions>
      </trkpt>
      <trkpt lat="31.4019394107162952423095703125" lon="119.48720720596611499786376953125">
        <ele>7</ele>
        <time>2025-02-18T23:15:33.000Z</time>
        <extensions>
          <ns3:TrackPointExtension/>
        </extensions>
      </trkpt>
      <trkpt lat="31.40196715481579303741455078125" lon="119.48720267973840236663818359375">
        <ele>7</ele>
        <time>2025-02-18T23:15:34.000Z</time>
        <extensions>
          <ns3:TrackPointExtension/>
        </extensions>
      </trkpt>
      <trkpt lat="31.40199615620076656341552734375" lon="119.48720184154808521270751953125">
        <ele>7</ele>
        <time>2025-02-18T23:15:35.000Z</time>
        <extensions>
          <ns3:TrackPointExtension>
            <ns3:hr>144</ns3:hr>
          </ns3:TrackPointExtension>
        </extensions>
      </trkpt>
      <trkpt lat="31.402024738490581512451171875" lon="119.4872041046619415283203125">
        <ele>7</ele>
        <time>2025-02-18T23:15:36.000Z</time>
        <extensions>
          <ns3:TrackPointExtension/>
        </extensions>
      </trkpt>
      <trkpt lat="31.402051560580730438232421875" lon="119.4872082956135272979736328125">
        <ele>7</ele>
        <time>2025-02-18T23:15:37.000Z</time>
        <extensions>
          <ns3:TrackPointExtension/>
        </extensions>
      </trkpt>
      <trkpt lat="31.4020772092044353485107421875" lon="119.48721223510801792144775390625">
        <ele>7</ele>
        <time>2025-02-18T23:15:38.000Z</time>
        <extensions>
          <ns3:TrackPointExtension/>
        </extensions>
      </trkpt>
      <trkpt lat="31.40210327692329883575439453125" lon="119.487214498221874237060546875">
        <ele>7</ele>
        <time>2025-02-18T23:15:39.000Z</time>
        <extensions>
          <ns3:TrackPointExtension>
            <ns3:hr>143</ns3:hr>
          </ns3:TrackPointExtension>
        </extensions>
      </trkpt>
      <trkpt lat="31.40213060192763805389404296875" lon="119.48721525259315967559814453125">
        <ele>7</ele>
        <time>2025-02-18T23:15:40.000Z</time>
        <extensions>
          <ns3:TrackPointExtension/>
        </extensions>
      </trkpt>
      <trkpt lat="31.40215842984616756439208984375" lon="119.48721659369766712188720703125">
        <ele>7</ele>
        <time>2025-02-18T23:15:41.000Z</time>
        <extensions>
          <ns3:TrackPointExtension/>
        </extensions>
      </trkpt>
      <trkpt lat="31.40218692831695079803466796875" lon="119.4872176833450794219970703125">
        <ele>7</ele>
        <time>2025-02-18T23:15:42.000Z</time>
        <extensions>
          <ns3:TrackPointExtension/>
        </extensions>
      </trkpt>
      <trkpt lat="31.40221525914967060089111328125" lon="119.487217180430889129638671875">
        <ele>7</ele>
        <time>2025-02-18T23:15:43.000Z</time>
        <extensions>
          <ns3:TrackPointExtension>
            <ns3:hr>142</ns3:hr>
          </ns3:TrackPointExtension>
        </extensions>
      </trkpt>
      <trkpt lat="31.40224208123981952667236328125" lon="119.48721441440284252166748046875">
        <ele>7</ele>
        <time>2025-02-18T23:15:44.000Z</time>
        <extensions>
          <ns3:TrackPointExtension/>
        </extensions>
      </trkpt>
      <trkpt lat="31.40226722694933414459228515625" lon="119.48721022345125675201416015625">
        <ele>7</ele>
        <time>2025-02-18T23:15:45.000Z</time>
        <extensions>
          <ns3:TrackPointExtension/>
        </extensions>
      </trkpt>
      <trkpt lat="31.40229220502078533172607421875" lon="119.48720611631870269775390625">
        <ele>7</ele>
        <time>2025-02-18T23:15:46.000Z</time>
        <extensions>
          <ns3:TrackPointExtension/>
        </extensions>
      </trkpt>
      <trkpt lat="31.4023182727396488189697265625" lon="119.48720284737646579742431640625">
        <ele>7</ele>
        <time>2025-02-18T23:15:47.000Z</time>
        <extensions>
          <ns3:TrackPointExtension/>
        </extensions>
      </trkpt>
      <trkpt lat="31.40234501101076602935791015625" lon="119.48720117099583148956298828125">
        <ele>7</ele>
        <time>2025-02-18T23:15:48.000Z</time>
        <extensions>
          <ns3:TrackPointExtension/>
        </extensions>
      </trkpt>
      <trkpt lat="31.4023712463676929473876953125" lon="119.48719999752938747406005859375">
        <ele>6.80000019073486328125</ele>
        <time>2025-02-18T23:15:49.000Z</time>
        <extensions>
          <ns3:TrackPointExtension/>
        </extensions>
      </trkpt>
      <trkpt lat="31.40239630825817584991455078125" lon="119.4871992431581020355224609375">
        <ele>6.80000019073486328125</ele>
        <time>2025-02-18T23:15:50.000Z</time>
        <extensions>
          <ns3:TrackPointExtension>
            <ns3:hr>143</ns3:hr>
          </ns3:TrackPointExtension>
        </extensions>
      </trkpt>
      <trkpt lat="31.402420699596405029296875" lon="119.48719941079616546630859375">
        <ele>6.599999904632568359375</ele>
        <time>2025-02-18T23:15:51.000Z</time>
        <extensions>
          <ns3:TrackPointExtension/>
        </extensions>
      </trkpt>
      <trkpt lat="31.40244492329657077789306640625" lon="119.487199746072292327880859375">
        <ele>6.400000095367431640625</ele>
        <time>2025-02-18T23:15:52.000Z</time>
        <extensions>
          <ns3:TrackPointExtension/>
        </extensions>
      </trkpt>
      <trkpt lat="31.40246956609189510345458984375" lon="119.48720075190067291259765625">
        <ele>6.19999980926513671875</ele>
        <time>2025-02-18T23:15:53.000Z</time>
        <extensions>
          <ns3:TrackPointExtension/>
        </extensions>
      </trkpt>
      <trkpt lat="31.40249471180140972137451171875" lon="119.48720200918614864349365234375">
        <ele>6</ele>
        <time>2025-02-18T23:15:54.000Z</time>
        <extensions>
          <ns3:TrackPointExtension>
            <ns3:hr>143</ns3:hr>
          </ns3:TrackPointExtension>
        </extensions>
      </trkpt>
      <trkpt lat="31.4025199413299560546875" lon="119.48720301501452922821044921875">
        <ele>5.80000019073486328125</ele>
        <time>2025-02-18T23:15:55.000Z</time>
        <extensions>
          <ns3:TrackPointExtension/>
        </extensions>
      </trkpt>
      <trkpt lat="31.402545087039470672607421875" lon="119.48720284737646579742431640625">
        <ele>5.599999904632568359375</ele>
        <time>2025-02-18T23:15:56.000Z</time>
        <extensions>
          <ns3:TrackPointExtension/>
        </extensions>
      </trkpt>
      <trkpt lat="31.402569897472858428955078125" lon="119.48720100335776805877685546875">
        <ele>5.599999904632568359375</ele>
        <time>2025-02-18T23:15:57.000Z</time>
        <extensions>
          <ns3:TrackPointExtension/>
        </extensions>
      </trkpt>
      <trkpt lat="31.402594707906246185302734375" lon="119.48719848878681659698486328125">
        <ele>5.400000095367431640625</ele>
        <time>2025-02-18T23:15:58.000Z</time>
        <extensions>
          <ns3:TrackPointExtension/>
        </extensions>
      </trkpt>
      <trkpt lat="31.40262010507285594940185546875" lon="119.4871960580348968505859375">
        <ele>5.19999980926513671875</ele>
        <time>2025-02-18T23:15:59.000Z</time>
        <extensions>
          <ns3:TrackPointExtension/>
        </extensions>
      </trkpt>
      <trkpt lat="31.4026451669633388519287109375" lon="119.4871945492923259735107421875">
        <ele>5.19999980926513671875</ele>
        <time>2025-02-18T23:16:00.000Z</time>
        <extensions>
          <ns3:TrackPointExtension>
            <ns3:hr>145</ns3:hr>
          </ns3:TrackPointExtension>
        </extensions>
      </trkpt>
      <trkpt lat="31.4026701450347900390625" lon="119.4871935434639453887939453125">
        <ele>5</ele>
        <time>2025-02-18T23:16:01.000Z</time>
        <extensions>
          <ns3:TrackPointExtension/>
        </extensions>
      </trkpt>
      <trkpt lat="31.40269537456333637237548828125" lon="119.4871933758258819580078125">
        <ele>5</ele>
        <time>2025-02-18T23:16:02.000Z</time>
        <extensions>
          <ns3:TrackPointExtension/>
        </extensions>
      </trkpt>
      <trkpt lat="31.402721107006072998046875" lon="119.48719379492104053497314453125">
        <ele>4.80000019073486328125</ele>
        <time>2025-02-18T23:16:03.000Z</time>
        <extensions>
          <ns3:TrackPointExtension/>
        </extensions>
      </trkpt>
      <trkpt lat="31.40274700708687305450439453125" lon="119.4871945492923259735107421875">
        <ele>4.80000019073486328125</ele>
        <time>2025-02-18T23:16:04.000Z</time>
        <extensions>
          <ns3:TrackPointExtension/>
        </extensions>
      </trkpt>
      <trkpt lat="31.4027725718915462493896484375" lon="119.48719597421586513519287109375">
        <ele>4.599999904632568359375</ele>
        <time>2025-02-18T23:16:05.000Z</time>
        <extensions>
          <ns3:TrackPointExtension/>
        </extensions>
      </trkpt>
      <trkpt lat="31.40279746614396572113037109375" lon="119.4871982373297214508056640625">
        <ele>4.599999904632568359375</ele>
        <time>2025-02-18T23:16:06.000Z</time>
        <extensions>
          <ns3:TrackPointExtension>
            <ns3:hr>147</ns3:hr>
          </ns3:TrackPointExtension>
        </extensions>
      </trkpt>
      <trkpt lat="31.40282210893929004669189453125" lon="119.48720066808164119720458984375">
        <ele>4.400000095367431640625</ele>
        <time>2025-02-18T23:16:07.000Z</time>
        <extensions>
          <ns3:TrackPointExtension/>
        </extensions>
      </trkpt>
      <trkpt lat="31.40284650027751922607421875" lon="119.48720075190067291259765625">
        <ele>4.400000095367431640625</ele>
        <time>2025-02-18T23:16:08.000Z</time>
        <extensions>
          <ns3:TrackPointExtension/>
        </extensions>
      </trkpt>
      <trkpt lat="31.40287022106349468231201171875" lon="119.48719882406294345855712890625">
        <ele>4.400000095367431640625</ele>
        <time>2025-02-18T23:16:09.000Z</time>
        <extensions>
          <ns3:TrackPointExtension/>
        </extensions>
      </trkpt>
      <trkpt lat="31.40289318747818470001220703125" lon="119.48719563893973827362060546875">
        <ele>4.19999980926513671875</ele>
        <time>2025-02-18T23:16:10.000Z</time>
        <extensions>
          <ns3:TrackPointExtension>
            <ns3:hr>147</ns3:hr>
          </ns3:TrackPointExtension>
        </extensions>
      </trkpt>
      <trkpt lat="31.40291648916900157928466796875" lon="119.4871928729116916656494140625">
        <ele>4.19999980926513671875</ele>
        <time>2025-02-18T23:16:11.000Z</time>
        <extensions>
          <ns3:TrackPointExtension/>
        </extensions>
      </trkpt>
      <trkpt lat="31.402941383421421051025390625" lon="119.4871915318071842193603515625">
        <ele>4.19999980926513671875</ele>
        <time>2025-02-18T23:16:12.000Z</time>
        <extensions>
          <ns3:TrackPointExtension/>
        </extensions>
      </trkpt>
      <trkpt lat="31.402966864407062530517578125" lon="119.4871905259788036346435546875">
        <ele>4.400000095367431640625</ele>
        <time>2025-02-18T23:16:13.000Z</time>
        <extensions>
          <ns3:TrackPointExtension/>
        </extensions>
      </trkpt>
      <trkpt lat="31.40299175865948200225830078125" lon="119.4871895201504230499267578125">
        <ele>4.400000095367431640625</ele>
        <time>2025-02-18T23:16:14.000Z</time>
        <extensions>
          <ns3:TrackPointExtension/>
        </extensions>
      </trkpt>
      <trkpt lat="31.40301573090255260467529296875" lon="119.48718843050301074981689453125">
        <ele>4.599999904632568359375</ele>
        <time>2025-02-18T23:16:15.000Z</time>
        <extensions>
          <ns3:TrackPointExtension/>
        </extensions>
      </trkpt>
      <trkpt lat="31.40303920023143291473388671875" lon="119.48718759231269359588623046875">
        <ele>4.599999904632568359375</ele>
        <time>2025-02-18T23:16:16.000Z</time>
        <extensions>
          <ns3:TrackPointExtension>
            <ns3:hr>148</ns3:hr>
          </ns3:TrackPointExtension>
        </extensions>
      </trkpt>
      <trkpt lat="31.403062753379344940185546875" lon="119.4871861673891544342041015625">
        <ele>4.80000019073486328125</ele>
        <time>2025-02-18T23:16:17.000Z</time>
        <extensions>
          <ns3:TrackPointExtension/>
        </extensions>
      </trkpt>
      <trkpt lat="31.40308655798435211181640625" lon="119.487183988094329833984375">
        <ele>4.80000019073486328125</ele>
        <time>2025-02-18T23:16:18.000Z</time>
        <extensions>
          <ns3:TrackPointExtension/>
        </extensions>
      </trkpt>
      <trkpt lat="31.40311094932258129119873046875" lon="119.487181641161441802978515625">
        <ele>4.80000019073486328125</ele>
        <time>2025-02-18T23:16:19.000Z</time>
        <extensions>
          <ns3:TrackPointExtension/>
        </extensions>
      </trkpt>
      <trkpt lat="31.403135843575000762939453125" lon="119.48717954568564891815185546875">
        <ele>5</ele>
        <time>2025-02-18T23:16:20.000Z</time>
        <extensions>
          <ns3:TrackPointExtension/>
        </extensions>
      </trkpt>
      <trkpt lat="31.4031608216464519500732421875" lon="119.48717753402888774871826171875">
        <ele>5</ele>
        <time>2025-02-18T23:16:21.000Z</time>
        <extensions>
          <ns3:TrackPointExtension/>
        </extensions>
      </trkpt>
      <trkpt lat="31.40318538062274456024169921875" lon="119.4871751032769680023193359375">
        <ele>5</ele>
        <time>2025-02-18T23:16:22.000Z</time>
        <extensions>
          <ns3:TrackPointExtension>
            <ns3:hr>147</ns3:hr>
          </ns3:TrackPointExtension>
        </extensions>
      </trkpt>
      <trkpt lat="31.40320918522775173187255859375" lon="119.4871724210679531097412109375">
        <ele>5</ele>
        <time>2025-02-18T23:16:23.000Z</time>
        <extensions>
          <ns3:TrackPointExtension/>
        </extensions>
      </trkpt>
      <trkpt lat="31.4032329060137271881103515625" lon="119.48716982267796993255615234375">
        <ele>5</ele>
        <time>2025-02-18T23:16:24.000Z</time>
        <extensions>
          <ns3:TrackPointExtension/>
        </extensions>
      </trkpt>
      <trkpt lat="31.4032573811709880828857421875" lon="119.487168230116367340087890625">
        <ele>5.19999980926513671875</ele>
        <time>2025-02-18T23:16:25.000Z</time>
        <extensions>
          <ns3:TrackPointExtension/>
        </extensions>
      </trkpt>
      <trkpt lat="31.403282023966312408447265625" lon="119.4871665537357330322265625">
        <ele>5.400000095367431640625</ele>
        <time>2025-02-18T23:16:26.000Z</time>
        <extensions>
          <ns3:TrackPointExtension>
            <ns3:hr>147</ns3:hr>
          </ns3:TrackPointExtension>
        </extensions>
      </trkpt>
      <trkpt lat="31.4033063314855098724365234375" lon="119.487164206802845001220703125">
        <ele>5.599999904632568359375</ele>
        <time>2025-02-18T23:16:27.000Z</time>
        <extensions>
          <ns3:TrackPointExtension/>
        </extensions>
      </trkpt>
      <trkpt lat="31.4033308066427707672119140625" lon="119.4871623627841472625732421875">
        <ele>5.80000019073486328125</ele>
        <time>2025-02-18T23:16:28.000Z</time>
        <extensions>
          <ns3:TrackPointExtension/>
        </extensions>
      </trkpt>
      <trkpt lat="31.40335519798099994659423828125" lon="119.48716144077479839324951171875">
        <ele>5.80000019073486328125</ele>
        <time>2025-02-18T23:16:29.000Z</time>
        <extensions>
          <ns3:TrackPointExtension/>
        </extensions>
      </trkpt>
      <trkpt lat="31.4033800922334194183349609375" lon="119.48715993203222751617431640625">
        <ele>6</ele>
        <time>2025-02-18T23:16:30.000Z</time>
        <extensions>
          <ns3:TrackPointExtension/>
        </extensions>
      </trkpt>
      <trkpt lat="31.40340532176196575164794921875" lon="119.48715657927095890045166015625">
        <ele>6.19999980926513671875</ele>
        <time>2025-02-18T23:16:31.000Z</time>
        <extensions>
          <ns3:TrackPointExtension/>
        </extensions>
      </trkpt>
      <trkpt lat="31.4034300483763217926025390625" lon="119.48715305887162685394287109375">
        <ele>6.400000095367431640625</ele>
        <time>2025-02-18T23:16:32.000Z</time>
        <extensions>
          <ns3:TrackPointExtension>
            <ns3:hr>147</ns3:hr>
          </ns3:TrackPointExtension>
        </extensions>
      </trkpt>
      <trkpt lat="31.40345410443842411041259765625" lon="119.48715004138648509979248046875">
        <ele>6.599999904632568359375</ele>
        <time>2025-02-18T23:16:33.000Z</time>
        <extensions>
          <ns3:TrackPointExtension/>
        </extensions>
      </trkpt>
      <trkpt lat="31.4034776575863361358642578125" lon="119.487148113548755645751953125">
        <ele>6.80000019073486328125</ele>
        <time>2025-02-18T23:16:34.000Z</time>
        <extensions>
          <ns3:TrackPointExtension/>
        </extensions>
      </trkpt>
      <trkpt lat="31.403501294553279876708984375" lon="119.48714769445359706878662109375">
        <ele>7</ele>
        <time>2025-02-18T23:16:35.000Z</time>
        <extensions>
          <ns3:TrackPointExtension/>
        </extensions>
      </trkpt>
      <trkpt lat="31.40352484770119190216064453125" lon="119.48714786209166049957275390625">
        <ele>7.19999980926513671875</ele>
        <time>2025-02-18T23:16:36.000Z</time>
        <extensions>
          <ns3:TrackPointExtension>
            <ns3:hr>147</ns3:hr>
          </ns3:TrackPointExtension>
        </extensions>
      </trkpt>
      <trkpt lat="31.4035485684871673583984375" lon="119.4871486164629459381103515625">
        <ele>7.19999980926513671875</ele>
        <time>2025-02-18T23:16:37.000Z</time>
        <extensions>
          <ns3:TrackPointExtension/>
        </extensions>
      </trkpt>
      <trkpt lat="31.40357312746345996856689453125" lon="119.48714937083423137664794921875">
        <ele>7.400000095367431640625</ele>
        <time>2025-02-18T23:16:38.000Z</time>
        <extensions>
          <ns3:TrackPointExtension/>
        </extensions>
      </trkpt>
      <trkpt lat="31.40359810553491115570068359375" lon="119.4871499575674533843994140625">
        <ele>7.599999904632568359375</ele>
        <time>2025-02-18T23:16:39.000Z</time>
        <extensions>
          <ns3:TrackPointExtension>
            <ns3:hr>146</ns3:hr>
          </ns3:TrackPointExtension>
        </extensions>
      </trkpt>
      <trkpt lat="31.40362341888248920440673828125" lon="119.4871492870151996612548828125">
        <ele>7.80000019073486328125</ele>
        <time>2025-02-18T23:16:40.000Z</time>
        <extensions>
          <ns3:TrackPointExtension/>
        </extensions>
      </trkpt>
      <trkpt lat="31.40364848077297210693359375" lon="119.48714710772037506103515625">
        <ele>8</ele>
        <time>2025-02-18T23:16:41.000Z</time>
        <extensions>
          <ns3:TrackPointExtension/>
        </extensions>
      </trkpt>
      <trkpt lat="31.40367320738732814788818359375" lon="119.48714442551136016845703125">
        <ele>8.19999980926513671875</ele>
        <time>2025-02-18T23:16:42.000Z</time>
        <extensions>
          <ns3:TrackPointExtension/>
        </extensions>
      </trkpt>
      <trkpt lat="31.4036975987255573272705078125" lon="119.48714182712137699127197265625">
        <ele>8.3999996185302734375</ele>
        <time>2025-02-18T23:16:43.000Z</time>
        <extensions>
          <ns3:TrackPointExtension/>
        </extensions>
      </trkpt>
      <trkpt lat="31.4037217386066913604736328125" lon="119.487139396369457244873046875">
        <ele>8.6000003814697265625</ele>
        <time>2025-02-18T23:16:44.000Z</time>
        <extensions>
          <ns3:TrackPointExtension/>
        </extensions>
      </trkpt>
      <trkpt lat="31.40374562703073024749755859375" lon="119.48713746853172779083251953125">
        <ele>8.6000003814697265625</ele>
        <time>2025-02-18T23:16:45.000Z</time>
        <extensions>
          <ns3:TrackPointExtension/>
        </extensions>
      </trkpt>
      <trkpt lat="31.403769515454769134521484375" lon="119.4871368817985057830810546875">
        <ele>8.80000019073486328125</ele>
        <time>2025-02-18T23:16:46.000Z</time>
        <extensions>
          <ns3:TrackPointExtension>
            <ns3:hr>144</ns3:hr>
          </ns3:TrackPointExtension>
        </extensions>
      </trkpt>
      <trkpt lat="31.40379373915493488311767578125" lon="119.48713646270334720611572265625">
        <ele>9</ele>
        <time>2025-02-18T23:16:47.000Z</time>
        <extensions>
          <ns3:TrackPointExtension/>
        </extensions>
      </trkpt>
      <trkpt lat="31.40381854958832263946533203125" lon="119.487135708332061767578125">
        <ele>9.19999980926513671875</ele>
        <time>2025-02-18T23:16:48.000Z</time>
        <extensions>
          <ns3:TrackPointExtension/>
        </extensions>
      </trkpt>
      <trkpt lat="31.40384436585009098052978515625" lon="119.48713461868464946746826171875">
        <ele>9.3999996185302734375</ele>
        <time>2025-02-18T23:16:49.000Z</time>
        <extensions>
          <ns3:TrackPointExtension/>
        </extensions>
      </trkpt>
      <trkpt lat="31.40387152321636676788330078125" lon="119.487134031951427459716796875">
        <ele>9.6000003814697265625</ele>
        <time>2025-02-18T23:16:50.000Z</time>
        <extensions>
          <ns3:TrackPointExtension>
            <ns3:hr>142</ns3:hr>
          </ns3:TrackPointExtension>
        </extensions>
      </trkpt>
      <trkpt lat="31.40389851294457912445068359375" lon="119.48713310994207859039306640625">
        <ele>9.80000019073486328125</ele>
        <time>2025-02-18T23:16:51.000Z</time>
        <extensions>
          <ns3:TrackPointExtension/>
        </extensions>
      </trkpt>
      <trkpt lat="31.4039240777492523193359375" lon="119.48713160119950771331787109375">
        <ele>10</ele>
        <time>2025-02-18T23:16:52.000Z</time>
        <extensions>
          <ns3:TrackPointExtension/>
        </extensions>
      </trkpt>
      <trkpt lat="31.40394880436360836029052734375" lon="119.487129338085651397705078125">
        <ele>10</ele>
        <time>2025-02-18T23:16:53.000Z</time>
        <extensions>
          <ns3:TrackPointExtension/>
        </extensions>
      </trkpt>
      <trkpt lat="31.40397344715893268585205078125" lon="119.48712690733373165130615234375">
        <ele>10</ele>
        <time>2025-02-18T23:16:54.000Z</time>
        <extensions>
          <ns3:TrackPointExtension/>
        </extensions>
      </trkpt>
      <trkpt lat="31.40399808995425701141357421875" lon="119.48712472803890705108642578125">
        <ele>10</ele>
        <time>2025-02-18T23:16:55.000Z</time>
        <extensions>
          <ns3:TrackPointExtension>
            <ns3:hr>142</ns3:hr>
          </ns3:TrackPointExtension>
        </extensions>
      </trkpt>
      <trkpt lat="31.40402189455926418304443359375" lon="119.48712288402020931243896484375">
        <ele>10</ele>
        <time>2025-02-18T23:16:56.000Z</time>
        <extensions>
          <ns3:TrackPointExtension/>
        </extensions>
      </trkpt>
      <trkpt lat="31.404045112431049346923828125" lon="119.48712171055376529693603515625">
        <ele>10</ele>
        <time>2025-02-18T23:16:57.000Z</time>
        <extensions>
          <ns3:TrackPointExtension/>
        </extensions>
      </trkpt>
      <trkpt lat="31.404067911207675933837890625" lon="119.487120620906352996826171875">
        <ele>10</ele>
        <time>2025-02-18T23:16:58.000Z</time>
        <extensions>
          <ns3:TrackPointExtension/>
        </extensions>
      </trkpt>
      <trkpt lat="31.404090039432048797607421875" lon="119.487119279801845550537109375">
        <ele>9.80000019073486328125</ele>
        <time>2025-02-18T23:16:59.000Z</time>
        <extensions>
          <ns3:TrackPointExtension/>
        </extensions>
      </trkpt>
      <trkpt lat="31.40411191619932651519775390625" lon="119.48711701668798923492431640625">
        <ele>9.80000019073486328125</ele>
        <time>2025-02-18T23:17:00.000Z</time>
        <extensions>
          <ns3:TrackPointExtension/>
        </extensions>
      </trkpt>
      <trkpt lat="31.4041341282427310943603515625" lon="119.48711500503122806549072265625">
        <ele>9.6000003814697265625</ele>
        <time>2025-02-18T23:17:01.000Z</time>
        <extensions>
          <ns3:TrackPointExtension/>
        </extensions>
      </trkpt>
      <trkpt lat="31.40415751375257968902587890625" lon="119.487113915383815765380859375">
        <ele>9.6000003814697265625</ele>
        <time>2025-02-18T23:17:02.000Z</time>
        <extensions>
          <ns3:TrackPointExtension>
            <ns3:hr>143</ns3:hr>
          </ns3:TrackPointExtension>
        </extensions>
      </trkpt>
      <trkpt lat="31.4041817374527454376220703125" lon="119.48711358010768890380859375">
        <ele>9.3999996185302734375</ele>
        <time>2025-02-18T23:17:03.000Z</time>
        <extensions>
          <ns3:TrackPointExtension/>
        </extensions>
      </trkpt>
      <trkpt lat="31.40420612879097461700439453125" lon="119.48711399920284748077392578125">
        <ele>9.3999996185302734375</ele>
        <time>2025-02-18T23:17:04.000Z</time>
        <extensions>
          <ns3:TrackPointExtension/>
        </extensions>
      </trkpt>
      <trkpt lat="31.4042298495769500732421875" lon="119.48711500503122806549072265625">
        <ele>9.3999996185302734375</ele>
        <time>2025-02-18T23:17:05.000Z</time>
        <extensions>
          <ns3:TrackPointExtension/>
        </extensions>
      </trkpt>
      <trkpt lat="31.40425289981067180633544921875" lon="119.487116597592830657958984375">
        <ele>9.3999996185302734375</ele>
        <time>2025-02-18T23:17:06.000Z</time>
        <extensions>
          <ns3:TrackPointExtension/>
        </extensions>
      </trkpt>
      <trkpt lat="31.4042759500443935394287109375" lon="119.487117938697338104248046875">
        <ele>9.3999996185302734375</ele>
        <time>2025-02-18T23:17:07.000Z</time>
        <extensions>
          <ns3:TrackPointExtension>
            <ns3:hr>144</ns3:hr>
          </ns3:TrackPointExtension>
        </extensions>
      </trkpt>
      <trkpt lat="31.4042984135448932647705078125" lon="119.48711835779249668121337890625">
        <ele>9.3999996185302734375</ele>
        <time>2025-02-18T23:17:08.000Z</time>
        <extensions>
          <ns3:TrackPointExtension>
            <ns3:hr>144</ns3:hr>
          </ns3:TrackPointExtension>
        </extensions>
      </trkpt>
      <trkpt lat="31.40432029031217098236083984375" lon="119.48711693286895751953125">
        <ele>9.3999996185302734375</ele>
        <time>2025-02-18T23:17:09.000Z</time>
        <extensions>
          <ns3:TrackPointExtension/>
        </extensions>
      </trkpt>
      <trkpt lat="31.40434191562235355377197265625" lon="119.487113915383815765380859375">
        <ele>9.3999996185302734375</ele>
        <time>2025-02-18T23:17:10.000Z</time>
        <extensions>
          <ns3:TrackPointExtension/>
        </extensions>
      </trkpt>
      <trkpt lat="31.4043641276657581329345703125" lon="119.4871100597083568572998046875">
        <ele>9.19999980926513671875</ele>
        <time>2025-02-18T23:17:11.000Z</time>
        <extensions>
          <ns3:TrackPointExtension/>
        </extensions>
      </trkpt>
      <trkpt lat="31.404386423528194427490234375" lon="119.48710544966161251068115234375">
        <ele>9</ele>
        <time>2025-02-18T23:17:12.000Z</time>
        <extensions>
          <ns3:TrackPointExtension/>
        </extensions>
      </trkpt>
      <trkpt lat="31.4044083841145038604736328125" lon="119.48710016906261444091796875">
        <ele>8.6000003814697265625</ele>
        <time>2025-02-18T23:17:13.000Z</time>
        <extensions>
          <ns3:TrackPointExtension>
            <ns3:hr>143</ns3:hr>
          </ns3:TrackPointExtension>
        </extensions>
      </trkpt>
      <trkpt lat="31.4044298417866230010986328125" lon="119.4870949722826480865478515625">
        <ele>8.3999996185302734375</ele>
        <time>2025-02-18T23:17:14.000Z</time>
        <extensions>
          <ns3:TrackPointExtension/>
        </extensions>
      </trkpt>
      <trkpt lat="31.404450125992298126220703125" lon="119.48708952404558658599853515625">
        <ele>8.19999980926513671875</ele>
        <time>2025-02-18T23:17:15.000Z</time>
        <extensions>
          <ns3:TrackPointExtension/>
        </extensions>
      </trkpt>
      <trkpt lat="31.40446881763637065887451171875" lon="119.487083740532398223876953125">
        <ele>8</ele>
        <time>2025-02-18T23:17:16.000Z</time>
        <extensions>
          <ns3:TrackPointExtension/>
        </extensions>
      </trkpt>
      <trkpt lat="31.40448524616658687591552734375" lon="119.48707879520952701568603515625">
        <ele>8</ele>
        <time>2025-02-18T23:17:17.000Z</time>
        <extensions>
          <ns3:TrackPointExtension/>
        </extensions>
      </trkpt>
      <trkpt lat="31.4045002497732639312744140625" lon="119.4870753586292266845703125">
        <ele>7.80000019073486328125</ele>
        <time>2025-02-18T23:17:18.000Z</time>
        <extensions>
          <ns3:TrackPointExtension/>
        </extensions>
      </trkpt>
      <trkpt lat="31.40451491810381412506103515625" lon="119.4870728440582752227783203125">
        <ele>7.80000019073486328125</ele>
        <time>2025-02-18T23:17:19.000Z</time>
        <extensions>
          <ns3:TrackPointExtension/>
        </extensions>
      </trkpt>
      <trkpt lat="31.4045294187963008880615234375" lon="119.48707041330635547637939453125">
        <ele>7.599999904632568359375</ele>
        <time>2025-02-18T23:17:20.000Z</time>
        <extensions>
          <ns3:TrackPointExtension/>
        </extensions>
      </trkpt>
      <trkpt lat="31.40454509295523166656494140625" lon="119.48706856928765773773193359375">
        <ele>7.599999904632568359375</ele>
        <time>2025-02-18T23:17:21.000Z</time>
        <extensions>
          <ns3:TrackPointExtension/>
        </extensions>
      </trkpt>
      <trkpt lat="31.404564790427684783935546875" lon="119.48706789873540401458740234375">
        <ele>7.400000095367431640625</ele>
        <time>2025-02-18T23:17:22.000Z</time>
        <extensions>
          <ns3:TrackPointExtension>
            <ns3:hr>143</ns3:hr>
          </ns3:TrackPointExtension>
        </extensions>
      </trkpt>
      <trkpt lat="31.4045887626707553863525390625" lon="119.48706873692572116851806640625">
        <ele>7.19999980926513671875</ele>
        <time>2025-02-18T23:17:23.000Z</time>
        <extensions>
          <ns3:TrackPointExtension/>
        </extensions>
      </trkpt>
      <trkpt lat="31.404615081846714019775390625" lon="119.4870718382298946380615234375">
        <ele>7</ele>
        <time>2025-02-18T23:17:24.000Z</time>
        <extensions>
          <ns3:TrackPointExtension>
            <ns3:hr>142</ns3:hr>
          </ns3:TrackPointExtension>
        </extensions>
      </trkpt>
      <trkpt lat="31.4046410657465457916259765625" lon="119.4870788790285587310791015625">
        <ele>6.80000019073486328125</ele>
        <time>2025-02-18T23:17:25.000Z</time>
        <extensions>
          <ns3:TrackPointExtension/>
        </extensions>
      </trkpt>
      <trkpt lat="31.4046657085418701171875" lon="119.48708952404558658599853515625">
        <ele>6.400000095367431640625</ele>
        <time>2025-02-18T23:17:26.000Z</time>
        <extensions>
          <ns3:TrackPointExtension/>
        </extensions>
      </trkpt>
      <trkpt lat="31.40468926168978214263916015625" lon="119.48710176162421703338623046875">
        <ele>6</ele>
        <time>2025-02-18T23:17:27.000Z</time>
        <extensions>
          <ns3:TrackPointExtension/>
        </extensions>
      </trkpt>
      <trkpt lat="31.40471273101866245269775390625" lon="119.48711332865059375762939453125">
        <ele>5.599999904632568359375</ele>
        <time>2025-02-18T23:17:28.000Z</time>
        <extensions>
          <ns3:TrackPointExtension>
            <ns3:hr>139</ns3:hr>
          </ns3:TrackPointExtension>
        </extensions>
      </trkpt>
      <trkpt lat="31.4047369547188282012939453125" lon="119.48712120763957500457763671875">
        <ele>5.400000095367431640625</ele>
        <time>2025-02-18T23:17:29.000Z</time>
        <extensions>
          <ns3:TrackPointExtension/>
        </extensions>
      </trkpt>
      <trkpt lat="31.4047617651522159576416015625" lon="119.48712388984858989715576171875">
        <ele>5</ele>
        <time>2025-02-18T23:17:30.000Z</time>
        <extensions>
          <ns3:TrackPointExtension/>
        </extensions>
      </trkpt>
      <trkpt lat="31.40478716231882572174072265625" lon="119.4871221296489238739013671875">
        <ele>4.80000019073486328125</ele>
        <time>2025-02-18T23:17:31.000Z</time>
        <extensions>
          <ns3:TrackPointExtension/>
        </extensions>
      </trkpt>
      <trkpt lat="31.404813565313816070556640625" lon="119.4871184416115283966064453125">
        <ele>4.80000019073486328125</ele>
        <time>2025-02-18T23:17:32.000Z</time>
        <extensions>
          <ns3:TrackPointExtension/>
        </extensions>
      </trkpt>
      <trkpt lat="31.404840052127838134765625" lon="119.4871155917644500732421875">
        <ele>4.599999904632568359375</ele>
        <time>2025-02-18T23:17:33.000Z</time>
        <extensions>
          <ns3:TrackPointExtension/>
        </extensions>
      </trkpt>
      <trkpt lat="31.4048653654754161834716796875" lon="119.48711517266929149627685546875">
        <ele>4.400000095367431640625</ele>
        <time>2025-02-18T23:17:34.000Z</time>
        <extensions>
          <ns3:TrackPointExtension/>
        </extensions>
      </trkpt>
      <trkpt lat="31.4048895053565502166748046875" lon="119.4871157594025135040283203125">
        <ele>4.19999980926513671875</ele>
        <time>2025-02-18T23:17:35.000Z</time>
        <extensions>
          <ns3:TrackPointExtension/>
        </extensions>
      </trkpt>
      <trkpt lat="31.40491138212382793426513671875" lon="119.48711517266929149627685546875">
        <ele>4.19999980926513671875</ele>
        <time>2025-02-18T23:17:36.000Z</time>
        <extensions>
          <ns3:TrackPointExtension/>
        </extensions>
      </trkpt>
      <trkpt lat="31.4049327559769153594970703125" lon="119.48711332865059375762939453125">
        <ele>4.19999980926513671875</ele>
        <time>2025-02-18T23:17:37.000Z</time>
        <extensions>
          <ns3:TrackPointExtension>
            <ns3:hr>140</ns3:hr>
          </ns3:TrackPointExtension>
        </extensions>
      </trkpt>
      <trkpt lat="31.40495630912482738494873046875" lon="119.48711098171770572662353515625">
        <ele>4.19999980926513671875</ele>
        <time>2025-02-18T23:17:38.000Z</time>
        <extensions>
          <ns3:TrackPointExtension/>
        </extensions>
      </trkpt>
      <trkpt lat="31.4049827121198177337646484375" lon="119.48710821568965911865234375">
        <ele>4.19999980926513671875</ele>
        <time>2025-02-18T23:17:39.000Z</time>
        <extensions>
          <ns3:TrackPointExtension/>
        </extensions>
      </trkpt>
      <trkpt lat="31.40500995330512523651123046875" lon="119.48710595257580280303955078125">
        <ele>4.19999980926513671875</ele>
        <time>2025-02-18T23:17:40.000Z</time>
        <extensions>
          <ns3:TrackPointExtension/>
        </extensions>
      </trkpt>
      <trkpt lat="31.405036859214305877685546875" lon="119.48710494674742221832275390625">
        <ele>4</ele>
        <time>2025-02-18T23:17:41.000Z</time>
        <extensions>
          <ns3:TrackPointExtension/>
        </extensions>
      </trkpt>
      <trkpt lat="31.405063010752201080322265625" lon="119.4871050305664539337158203125">
        <ele>3.7999999523162841796875</ele>
        <time>2025-02-18T23:17:42.000Z</time>
        <extensions>
          <ns3:TrackPointExtension>
            <ns3:hr>142</ns3:hr>
          </ns3:TrackPointExtension>
        </extensions>
      </trkpt>
      <trkpt lat="31.40508857555687427520751953125" lon="119.487105198204517364501953125">
        <ele>3.599999904632568359375</ele>
        <time>2025-02-18T23:17:43.000Z</time>
        <extensions>
          <ns3:TrackPointExtension/>
        </extensions>
      </trkpt>
      <trkpt lat="31.4051131345331668853759765625" lon="119.4871040247380733489990234375">
        <ele>3.400000095367431640625</ele>
        <time>2025-02-18T23:17:44.000Z</time>
        <extensions>
          <ns3:TrackPointExtension/>
        </extensions>
      </trkpt>
      <trkpt lat="31.4051364362239837646484375" lon="119.48710176162421703338623046875">
        <ele>3.2000000476837158203125</ele>
        <time>2025-02-18T23:17:45.000Z</time>
        <extensions>
          <ns3:TrackPointExtension/>
        </extensions>
      </trkpt>
      <trkpt lat="31.4051594026386737823486328125" lon="119.48709891177713871002197265625">
        <ele>3.2000000476837158203125</ele>
        <time>2025-02-18T23:17:46.000Z</time>
        <extensions>
          <ns3:TrackPointExtension/>
        </extensions>
      </trkpt>
      <trkpt lat="31.40518178232014179229736328125" lon="119.4870953075587749481201171875">
        <ele>3</ele>
        <time>2025-02-18T23:17:47.000Z</time>
        <extensions>
          <ns3:TrackPointExtension>
            <ns3:hr>143</ns3:hr>
          </ns3:TrackPointExtension>
        </extensions>
      </trkpt>
      <trkpt lat="31.40520424582064151763916015625" lon="119.48709086515009403228759765625">
        <ele>3</ele>
        <time>2025-02-18T23:17:48.000Z</time>
        <extensions>
          <ns3:TrackPointExtension/>
        </extensions>
      </trkpt>
      <trkpt lat="31.4052277989685535430908203125" lon="119.4870860874652862548828125">
        <ele>3.2000000476837158203125</ele>
        <time>2025-02-18T23:17:49.000Z</time>
        <extensions>
          <ns3:TrackPointExtension/>
        </extensions>
      </trkpt>
      <trkpt lat="31.40525319613516330718994140625" lon="119.4870815612375736236572265625">
        <ele>3.2000000476837158203125</ele>
        <time>2025-02-18T23:17:50.000Z</time>
        <extensions>
          <ns3:TrackPointExtension/>
        </extensions>
      </trkpt>
      <trkpt lat="31.40527968294918537139892578125" lon="119.4870780408382415771484375">
        <ele>3.400000095367431640625</ele>
        <time>2025-02-18T23:17:51.000Z</time>
        <extensions>
          <ns3:TrackPointExtension>
            <ns3:hr>142</ns3:hr>
          </ns3:TrackPointExtension>
        </extensions>
      </trkpt>
      <trkpt lat="31.40530684031546115875244140625" lon="119.4870765320956707000732421875">
        <ele>3.2000000476837158203125</ele>
        <time>2025-02-18T23:17:52.000Z</time>
        <extensions>
          <ns3:TrackPointExtension/>
        </extensions>
      </trkpt>
      <trkpt lat="31.40533424913883209228515625" lon="119.48707728646695613861083984375">
        <ele>3.2000000476837158203125</ele>
        <time>2025-02-18T23:17:53.000Z</time>
        <extensions>
          <ns3:TrackPointExtension>
            <ns3:hr>142</ns3:hr>
          </ns3:TrackPointExtension>
        </extensions>
      </trkpt>
      <trkpt lat="31.40536266379058361053466796875" lon="119.48707896284759044647216796875">
        <ele>3.400000095367431640625</ele>
        <time>2025-02-18T23:17:54.000Z</time>
        <extensions>
          <ns3:TrackPointExtension/>
        </extensions>
      </trkpt>
      <trkpt lat="31.40539183281362056732177734375" lon="119.48708080686628818511962890625">
        <ele>3.400000095367431640625</ele>
        <time>2025-02-18T23:17:55.000Z</time>
        <extensions>
          <ns3:TrackPointExtension/>
        </extensions>
      </trkpt>
      <trkpt lat="31.40542066656053066253662109375" lon="119.48708273470401763916015625">
        <ele>3.400000095367431640625</ele>
        <time>2025-02-18T23:17:56.000Z</time>
        <extensions>
          <ns3:TrackPointExtension/>
        </extensions>
      </trkpt>
      <trkpt lat="31.40544899739325046539306640625" lon="119.4870845787227153778076171875">
        <ele>3.400000095367431640625</ele>
        <time>2025-02-18T23:17:57.000Z</time>
        <extensions>
          <ns3:TrackPointExtension/>
        </extensions>
      </trkpt>
      <trkpt lat="31.40547699294984340667724609375" lon="119.48708583600819110870361328125">
        <ele>3.400000095367431640625</ele>
        <time>2025-02-18T23:17:58.000Z</time>
        <extensions>
          <ns3:TrackPointExtension/>
        </extensions>
      </trkpt>
      <trkpt lat="31.40550482086837291717529296875" lon="119.487085752189159393310546875">
        <ele>3.599999904632568359375</ele>
        <time>2025-02-18T23:17:59.000Z</time>
        <extensions>
          <ns3:TrackPointExtension/>
        </extensions>
      </trkpt>
      <trkpt lat="31.40553164295852184295654296875" lon="119.48708407580852508544921875">
        <ele>3.599999904632568359375</ele>
        <time>2025-02-18T23:18:00.000Z</time>
        <extensions>
          <ns3:TrackPointExtension/>
        </extensions>
      </trkpt>
      <trkpt lat="31.4055573754012584686279296875" lon="119.48708164505660533905029296875">
        <ele>3.599999904632568359375</ele>
        <time>2025-02-18T23:18:01.000Z</time>
        <extensions>
          <ns3:TrackPointExtension/>
        </extensions>
      </trkpt>
      <trkpt lat="31.405582018196582794189453125" lon="119.48707879520952701568603515625">
        <ele>3.400000095367431640625</ele>
        <time>2025-02-18T23:18:02.000Z</time>
        <extensions>
          <ns3:TrackPointExtension>
            <ns3:hr>142</ns3:hr>
          </ns3:TrackPointExtension>
        </extensions>
      </trkpt>
      <trkpt lat="31.40560657717287540435791015625" lon="119.487075023353099822998046875">
        <ele>3.400000095367431640625</ele>
        <time>2025-02-18T23:18:03.000Z</time>
        <extensions>
          <ns3:TrackPointExtension/>
        </extensions>
      </trkpt>
      <trkpt lat="31.405631639063358306884765625" lon="119.4870708324015140533447265625">
        <ele>3.2000000476837158203125</ele>
        <time>2025-02-18T23:18:04.000Z</time>
        <extensions>
          <ns3:TrackPointExtension/>
        </extensions>
      </trkpt>
      <trkpt lat="31.40565753914415836334228515625" lon="119.4870678149163722991943359375">
        <ele>3</ele>
        <time>2025-02-18T23:18:05.000Z</time>
        <extensions>
          <ns3:TrackPointExtension/>
        </extensions>
      </trkpt>
      <trkpt lat="31.405683942139148712158203125" lon="119.4870658032596111297607421875">
        <ele>3</ele>
        <time>2025-02-18T23:18:06.000Z</time>
        <extensions>
          <ns3:TrackPointExtension>
            <ns3:hr>145</ns3:hr>
          </ns3:TrackPointExtension>
        </extensions>
      </trkpt>
      <trkpt lat="31.4057104289531707763671875" lon="119.487063623964786529541015625">
        <ele>2.7999999523162841796875</ele>
        <time>2025-02-18T23:18:07.000Z</time>
        <extensions>
          <ns3:TrackPointExtension/>
        </extensions>
      </trkpt>
      <trkpt lat="31.405736245214939117431640625" lon="119.4870617799460887908935546875">
        <ele>2.7999999523162841796875</ele>
        <time>2025-02-18T23:18:08.000Z</time>
        <extensions>
          <ns3:TrackPointExtension/>
        </extensions>
      </trkpt>
      <trkpt lat="31.40575996600091457366943359375" lon="119.4870611093938350677490234375">
        <ele>3</ele>
        <time>2025-02-18T23:18:09.000Z</time>
        <extensions>
          <ns3:TrackPointExtension>
            <ns3:hr>145</ns3:hr>
          </ns3:TrackPointExtension>
        </extensions>
      </trkpt>
      <trkpt lat="31.40578108839690685272216796875" lon="119.48706102557480335235595703125">
        <ele>3.2000000476837158203125</ele>
        <time>2025-02-18T23:18:10.000Z</time>
        <extensions>
          <ns3:TrackPointExtension/>
        </extensions>
      </trkpt>
      <trkpt lat="31.4057997800409793853759765625" lon="119.48706001974642276763916015625">
        <ele>3.400000095367431640625</ele>
        <time>2025-02-18T23:18:11.000Z</time>
        <extensions>
          <ns3:TrackPointExtension/>
        </extensions>
      </trkpt>
      <trkpt lat="31.40581696294248104095458984375" lon="119.48705817572772502899169921875">
        <ele>3.599999904632568359375</ele>
        <time>2025-02-18T23:18:12.000Z</time>
        <extensions>
          <ns3:TrackPointExtension/>
        </extensions>
      </trkpt>
      <trkpt lat="31.40583406202495098114013671875" lon="119.4870560802519321441650390625">
        <ele>4</ele>
        <time>2025-02-18T23:18:13.000Z</time>
        <extensions>
          <ns3:TrackPointExtension/>
        </extensions>
      </trkpt>
      <trkpt lat="31.40585283748805522918701171875" lon="119.487054236233234405517578125">
        <ele>4.19999980926513671875</ele>
        <time>2025-02-18T23:18:14.000Z</time>
        <extensions>
          <ns3:TrackPointExtension/>
        </extensions>
      </trkpt>
      <trkpt lat="31.40587278641760349273681640625" lon="119.48705323040485382080078125">
        <ele>4.400000095367431640625</ele>
        <time>2025-02-18T23:18:15.000Z</time>
        <extensions>
          <ns3:TrackPointExtension>
            <ns3:hr>145</ns3:hr>
          </ns3:TrackPointExtension>
        </extensions>
      </trkpt>
      <trkpt lat="31.40589307062327861785888671875" lon="119.48705314658582210540771484375">
        <ele>4.80000019073486328125</ele>
        <time>2025-02-18T23:18:16.000Z</time>
        <extensions>
          <ns3:TrackPointExtension/>
        </extensions>
      </trkpt>
      <trkpt lat="31.4059144444763660430908203125" lon="119.48705247603356838226318359375">
        <ele>5</ele>
        <time>2025-02-18T23:18:17.000Z</time>
        <extensions>
          <ns3:TrackPointExtension/>
        </extensions>
      </trkpt>
      <trkpt lat="31.40593707561492919921875" lon="119.4870485365390777587890625">
        <ele>5.400000095367431640625</ele>
        <time>2025-02-18T23:18:18.000Z</time>
        <extensions>
          <ns3:TrackPointExtension/>
        </extensions>
      </trkpt>
      <trkpt lat="31.40595828182995319366455078125" lon="119.487039484083652496337890625">
        <ele>5.599999904632568359375</ele>
        <time>2025-02-18T23:18:19.000Z</time>
        <extensions>
          <ns3:TrackPointExtension/>
        </extensions>
      </trkpt>
      <trkpt lat="31.405975632369518280029296875" lon="119.4870245642960071563720703125">
        <ele>5.80000019073486328125</ele>
        <time>2025-02-18T23:18:20.000Z</time>
        <extensions>
          <ns3:TrackPointExtension/>
        </extensions>
      </trkpt>
      <trkpt lat="31.40598661266267299652099609375" lon="119.4870024360716342926025390625">
        <ele>5.80000019073486328125</ele>
        <time>2025-02-18T23:18:21.000Z</time>
        <extensions>
          <ns3:TrackPointExtension/>
        </extensions>
      </trkpt>
      <trkpt lat="31.40599214471876621246337890625" lon="119.48697553016245365142822265625">
        <ele>5.80000019073486328125</ele>
        <time>2025-02-18T23:18:22.000Z</time>
        <extensions>
          <ns3:TrackPointExtension>
            <ns3:hr>146</ns3:hr>
          </ns3:TrackPointExtension>
        </extensions>
      </trkpt>
      <trkpt lat="31.4059962518513202667236328125" lon="119.486946277320384979248046875">
        <ele>5.80000019073486328125</ele>
        <time>2025-02-18T23:18:23.000Z</time>
        <extensions>
          <ns3:TrackPointExtension/>
        </extensions>
      </trkpt>
      <trkpt lat="31.4060006104409694671630859375" lon="119.4869159348309040069580078125">
        <ele>6</ele>
        <time>2025-02-18T23:18:24.000Z</time>
        <extensions>
          <ns3:TrackPointExtension/>
        </extensions>
      </trkpt>
      <trkpt lat="31.4060042984783649444580078125" lon="119.4868850894272327423095703125">
        <ele>6</ele>
        <time>2025-02-18T23:18:25.000Z</time>
        <extensions>
          <ns3:TrackPointExtension>
            <ns3:hr>146</ns3:hr>
          </ns3:TrackPointExtension>
        </extensions>
      </trkpt>
      <trkpt lat="31.40600605867803096771240234375" lon="119.48685315437614917755126953125">
        <ele>6</ele>
        <time>2025-02-18T23:18:26.000Z</time>
        <extensions>
          <ns3:TrackPointExtension/>
        </extensions>
      </trkpt>
      <trkpt lat="31.40600555576384067535400390625" lon="119.4868218898773193359375">
        <ele>6</ele>
        <time>2025-02-18T23:18:27.000Z</time>
        <extensions>
          <ns3:TrackPointExtension/>
        </extensions>
      </trkpt>
      <trkpt lat="31.406003795564174652099609375" lon="119.4867928884923458099365234375">
        <ele>6</ele>
        <time>2025-02-18T23:18:28.000Z</time>
        <extensions>
          <ns3:TrackPointExtension/>
        </extensions>
      </trkpt>
      <trkpt lat="31.4060029573738574981689453125" lon="119.486766569316387176513671875">
        <ele>6</ele>
        <time>2025-02-18T23:18:29.000Z</time>
        <extensions>
          <ns3:TrackPointExtension/>
        </extensions>
      </trkpt>
      <trkpt lat="31.40600438229739665985107421875" lon="119.48674100451171398162841796875">
        <ele>6</ele>
        <time>2025-02-18T23:18:30.000Z</time>
        <extensions>
          <ns3:TrackPointExtension/>
        </extensions>
      </trkpt>
      <trkpt lat="31.406007148325443267822265625" lon="119.4867146015167236328125">
        <ele>6</ele>
        <time>2025-02-18T23:18:31.000Z</time>
        <extensions>
          <ns3:TrackPointExtension>
            <ns3:hr>144</ns3:hr>
          </ns3:TrackPointExtension>
        </extensions>
      </trkpt>
      <trkpt lat="31.40600991435348987579345703125" lon="119.48668685741722583770751953125">
        <ele>6</ele>
        <time>2025-02-18T23:18:32.000Z</time>
        <extensions>
          <ns3:TrackPointExtension/>
        </extensions>
      </trkpt>
      <trkpt lat="31.40601209364831447601318359375" lon="119.486658275127410888671875">
        <ele>6</ele>
        <time>2025-02-18T23:18:33.000Z</time>
        <extensions>
          <ns3:TrackPointExtension/>
        </extensions>
      </trkpt>
      <trkpt lat="31.40601393766701221466064453125" lon="119.4866302795708179473876953125">
        <ele>6</ele>
        <time>2025-02-18T23:18:34.000Z</time>
        <extensions>
          <ns3:TrackPointExtension>
            <ns3:hr>145</ns3:hr>
          </ns3:TrackPointExtension>
        </extensions>
      </trkpt>
      <trkpt lat="31.40601561404764652252197265625" lon="119.4866031222045421600341796875">
        <ele>6</ele>
        <time>2025-02-18T23:18:35.000Z</time>
        <extensions>
          <ns3:TrackPointExtension/>
        </extensions>
      </trkpt>
      <trkpt lat="31.40601796098053455352783203125" lon="119.48657705448567867279052734375">
        <ele>6</ele>
        <time>2025-02-18T23:18:36.000Z</time>
        <extensions>
          <ns3:TrackPointExtension/>
        </extensions>
      </trkpt>
      <trkpt lat="31.406021229922771453857421875" lon="119.48655165731906890869140625">
        <ele>6</ele>
        <time>2025-02-18T23:18:37.000Z</time>
        <extensions>
          <ns3:TrackPointExtension/>
        </extensions>
      </trkpt>
      <trkpt lat="31.40602449886500835418701171875" lon="119.4865260086953639984130859375">
        <ele>6</ele>
        <time>2025-02-18T23:18:38.000Z</time>
        <extensions>
          <ns3:TrackPointExtension/>
        </extensions>
      </trkpt>
      <trkpt lat="31.40602785162627696990966796875" lon="119.4864975102245807647705078125">
        <ele>6</ele>
        <time>2025-02-18T23:18:39.000Z</time>
        <extensions>
          <ns3:TrackPointExtension/>
        </extensions>
      </trkpt>
      <trkpt lat="31.40603162348270416259765625" lon="119.48646716773509979248046875">
        <ele>6</ele>
        <time>2025-02-18T23:18:40.000Z</time>
        <extensions>
          <ns3:TrackPointExtension/>
        </extensions>
      </trkpt>
      <trkpt lat="31.40603564679622650146484375" lon="119.4864371605217456817626953125">
        <ele>6</ele>
        <time>2025-02-18T23:18:41.000Z</time>
        <extensions>
          <ns3:TrackPointExtension>
            <ns3:hr>145</ns3:hr>
          </ns3:TrackPointExtension>
        </extensions>
      </trkpt>
      <trkpt lat="31.40603908337652683258056640625" lon="119.48640882968902587890625">
        <ele>6.19999980926513671875</ele>
        <time>2025-02-18T23:18:42.000Z</time>
        <extensions>
          <ns3:TrackPointExtension/>
        </extensions>
      </trkpt>
      <trkpt lat="31.40604176558554172515869140625" lon="119.4863815046846866607666015625">
        <ele>6.400000095367431640625</ele>
        <time>2025-02-18T23:18:43.000Z</time>
        <extensions>
          <ns3:TrackPointExtension/>
        </extensions>
      </trkpt>
      <trkpt lat="31.406043358147144317626953125" lon="119.4863540120422840118408203125">
        <ele>6.400000095367431640625</ele>
        <time>2025-02-18T23:18:44.000Z</time>
        <extensions>
          <ns3:TrackPointExtension/>
        </extensions>
      </trkpt>
      <trkpt lat="31.40604411251842975616455078125" lon="119.486325681209564208984375">
        <ele>6.599999904632568359375</ele>
        <time>2025-02-18T23:18:45.000Z</time>
        <extensions>
          <ns3:TrackPointExtension/>
        </extensions>
      </trkpt>
      <trkpt lat="31.4060448668897151947021484375" lon="119.486296512186527252197265625">
        <ele>6.599999904632568359375</ele>
        <time>2025-02-18T23:18:46.000Z</time>
        <extensions>
          <ns3:TrackPointExtension>
            <ns3:hr>144</ns3:hr>
          </ns3:TrackPointExtension>
        </extensions>
      </trkpt>
      <trkpt lat="31.40604662708938121795654296875" lon="119.48626709170639514923095703125">
        <ele>6.80000019073486328125</ele>
        <time>2025-02-18T23:18:47.000Z</time>
        <extensions>
          <ns3:TrackPointExtension/>
        </extensions>
      </trkpt>
      <trkpt lat="31.406049393117427825927734375" lon="119.48623859323561191558837890625">
        <ele>6.80000019073486328125</ele>
        <time>2025-02-18T23:18:48.000Z</time>
        <extensions>
          <ns3:TrackPointExtension/>
        </extensions>
      </trkpt>
      <trkpt lat="31.4060519076883792877197265625" lon="119.4862111844122409820556640625">
        <ele>7</ele>
        <time>2025-02-18T23:18:49.000Z</time>
        <extensions>
          <ns3:TrackPointExtension/>
        </extensions>
      </trkpt>
      <trkpt lat="31.40605308115482330322265625" lon="119.4861840270459651947021484375">
        <ele>7</ele>
        <time>2025-02-18T23:18:50.000Z</time>
        <extensions>
          <ns3:TrackPointExtension/>
        </extensions>
      </trkpt>
      <trkpt lat="31.40605333261191844940185546875" lon="119.4861567020416259765625">
        <ele>7.19999980926513671875</ele>
        <time>2025-02-18T23:18:51.000Z</time>
        <extensions>
          <ns3:TrackPointExtension>
            <ns3:hr>144</ns3:hr>
          </ns3:TrackPointExtension>
        </extensions>
      </trkpt>
      <trkpt lat="31.4060535840690135955810546875" lon="119.48612778447568416595458984375">
        <ele>7.19999980926513671875</ele>
        <time>2025-02-18T23:18:52.000Z</time>
        <extensions>
          <ns3:TrackPointExtension/>
        </extensions>
      </trkpt>
      <trkpt lat="31.406054086983203887939453125" lon="119.48609844781458377838134765625">
        <ele>7.400000095367431640625</ele>
        <time>2025-02-18T23:18:53.000Z</time>
        <extensions>
          <ns3:TrackPointExtension/>
        </extensions>
      </trkpt>
      <trkpt lat="31.40605484135448932647705078125" lon="119.48607061989605426788330078125">
        <ele>7.400000095367431640625</ele>
        <time>2025-02-18T23:18:54.000Z</time>
        <extensions>
          <ns3:TrackPointExtension/>
        </extensions>
      </trkpt>
      <trkpt lat="31.40605584718286991119384765625" lon="119.48604446835815906524658203125">
        <ele>7.599999904632568359375</ele>
        <time>2025-02-18T23:18:55.000Z</time>
        <extensions>
          <ns3:TrackPointExtension/>
        </extensions>
      </trkpt>
      <trkpt lat="31.40605769120156764984130859375" lon="119.48601923882961273193359375">
        <ele>7.599999904632568359375</ele>
        <time>2025-02-18T23:18:56.000Z</time>
        <extensions>
          <ns3:TrackPointExtension/>
        </extensions>
      </trkpt>
      <trkpt lat="31.40606112778186798095703125" lon="119.4859944283962249755859375">
        <ele>7.80000019073486328125</ele>
        <time>2025-02-18T23:18:57.000Z</time>
        <extensions>
          <ns3:TrackPointExtension>
            <ns3:hr>145</ns3:hr>
          </ns3:TrackPointExtension>
        </extensions>
      </trkpt>
      <trkpt lat="31.4060653187334537506103515625" lon="119.48596970178186893463134765625">
        <ele>7.80000019073486328125</ele>
        <time>2025-02-18T23:18:58.000Z</time>
        <extensions>
          <ns3:TrackPointExtension>
            <ns3:hr>145</ns3:hr>
          </ns3:TrackPointExtension>
        </extensions>
      </trkpt>
      <trkpt lat="31.40606917440891265869140625" lon="119.48594422079622745513916015625">
        <ele>8</ele>
        <time>2025-02-18T23:18:59.000Z</time>
        <extensions>
          <ns3:TrackPointExtension/>
        </extensions>
      </trkpt>
      <trkpt lat="31.40607261098921298980712890625" lon="119.4859181530773639678955078125">
        <ele>8</ele>
        <time>2025-02-18T23:19:00.000Z</time>
        <extensions>
          <ns3:TrackPointExtension/>
        </extensions>
      </trkpt>
      <trkpt lat="31.40607546083629131317138671875" lon="119.4858913309872150421142578125">
        <ele>8</ele>
        <time>2025-02-18T23:19:01.000Z</time>
        <extensions>
          <ns3:TrackPointExtension/>
        </extensions>
      </trkpt>
      <trkpt lat="31.4060777239501476287841796875" lon="119.48586501181125640869140625">
        <ele>8</ele>
        <time>2025-02-18T23:19:02.000Z</time>
        <extensions>
          <ns3:TrackPointExtension/>
        </extensions>
      </trkpt>
      <trkpt lat="31.406079567968845367431640625" lon="119.4858403690159320831298828125">
        <ele>8</ele>
        <time>2025-02-18T23:19:03.000Z</time>
        <extensions>
          <ns3:TrackPointExtension/>
        </extensions>
      </trkpt>
      <trkpt lat="31.4060817472636699676513671875" lon="119.48581664822995662689208984375">
        <ele>8</ele>
        <time>2025-02-18T23:19:04.000Z</time>
        <extensions>
          <ns3:TrackPointExtension/>
        </extensions>
      </trkpt>
      <trkpt lat="31.40608484856784343719482421875" lon="119.48579250834882259368896484375">
        <ele>8</ele>
        <time>2025-02-18T23:19:05.000Z</time>
        <extensions>
          <ns3:TrackPointExtension/>
        </extensions>
      </trkpt>
      <trkpt lat="31.4060881175100803375244140625" lon="119.48576786555349826812744140625">
        <ele>8</ele>
        <time>2025-02-18T23:19:06.000Z</time>
        <extensions>
          <ns3:TrackPointExtension/>
        </extensions>
      </trkpt>
      <trkpt lat="31.4060911349952220916748046875" lon="119.4857428036630153656005859375">
        <ele>8</ele>
        <time>2025-02-18T23:19:07.000Z</time>
        <extensions>
          <ns3:TrackPointExtension>
            <ns3:hr>147</ns3:hr>
          </ns3:TrackPointExtension>
        </extensions>
      </trkpt>
      <trkpt lat="31.40609457157552242279052734375" lon="119.48571723885834217071533203125">
        <ele>8</ele>
        <time>2025-02-18T23:19:08.000Z</time>
        <extensions>
          <ns3:TrackPointExtension>
            <ns3:hr>147</ns3:hr>
          </ns3:TrackPointExtension>
        </extensions>
      </trkpt>
      <trkpt lat="31.4060998521745204925537109375" lon="119.485691674053668975830078125">
        <ele>8</ele>
        <time>2025-02-18T23:19:09.000Z</time>
        <extensions>
          <ns3:TrackPointExtension/>
        </extensions>
      </trkpt>
      <trkpt lat="31.40610764734447002410888671875" lon="119.48566661216318607330322265625">
        <ele>7.80000019073486328125</ele>
        <time>2025-02-18T23:19:10.000Z</time>
        <extensions>
          <ns3:TrackPointExtension/>
        </extensions>
      </trkpt>
      <trkpt lat="31.40611770562827587127685546875" lon="119.4856430590152740478515625">
        <ele>7.80000019073486328125</ele>
        <time>2025-02-18T23:19:11.000Z</time>
        <extensions>
          <ns3:TrackPointExtension/>
        </extensions>
      </trkpt>
      <trkpt lat="31.40612860210239887237548828125" lon="119.48562218807637691497802734375">
        <ele>7.599999904632568359375</ele>
        <time>2025-02-18T23:19:12.000Z</time>
        <extensions>
          <ns3:TrackPointExtension/>
        </extensions>
      </trkpt>
      <trkpt lat="31.40614000149071216583251953125" lon="119.485603161156177520751953125">
        <ele>7.599999904632568359375</ele>
        <time>2025-02-18T23:19:13.000Z</time>
        <extensions>
          <ns3:TrackPointExtension/>
        </extensions>
      </trkpt>
      <trkpt lat="31.40615341253578662872314453125" lon="119.4855838827788829803466796875">
        <ele>7.400000095367431640625</ele>
        <time>2025-02-18T23:19:14.000Z</time>
        <extensions>
          <ns3:TrackPointExtension/>
        </extensions>
      </trkpt>
      <trkpt lat="31.40616900287568569183349609375" lon="119.48556301183998584747314453125">
        <ele>7.400000095367431640625</ele>
        <time>2025-02-18T23:19:15.000Z</time>
        <extensions>
          <ns3:TrackPointExtension/>
        </extensions>
      </trkpt>
      <trkpt lat="31.40618559904396533966064453125" lon="119.4855396263301372528076171875">
        <ele>7.400000095367431640625</ele>
        <time>2025-02-18T23:19:16.000Z</time>
        <extensions>
          <ns3:TrackPointExtension/>
        </extensions>
      </trkpt>
      <trkpt lat="31.40620135702192783355712890625" lon="119.48551221750676631927490234375">
        <ele>7.19999980926513671875</ele>
        <time>2025-02-18T23:19:17.000Z</time>
        <extensions>
          <ns3:TrackPointExtension>
            <ns3:hr>144</ns3:hr>
          </ns3:TrackPointExtension>
        </extensions>
      </trkpt>
      <trkpt lat="31.4062135107815265655517578125" lon="119.485481120645999908447265625">
        <ele>7</ele>
        <time>2025-02-18T23:19:18.000Z</time>
        <extensions>
          <ns3:TrackPointExtension/>
        </extensions>
      </trkpt>
      <trkpt lat="31.40621979720890522003173828125" lon="119.48545019142329692840576171875">
        <ele>7</ele>
        <time>2025-02-18T23:19:19.000Z</time>
        <extensions>
          <ns3:TrackPointExtension/>
        </extensions>
      </trkpt>
      <trkpt lat="31.4062213897705078125" lon="119.4854212738573551177978515625">
        <ele>6.80000019073486328125</ele>
        <time>2025-02-18T23:19:20.000Z</time>
        <extensions>
          <ns3:TrackPointExtension>
            <ns3:hr>142</ns3:hr>
          </ns3:TrackPointExtension>
        </extensions>
      </trkpt>
      <trkpt lat="31.406221054494380950927734375" lon="119.48539336211979389190673828125">
        <ele>6.80000019073486328125</ele>
        <time>2025-02-18T23:19:21.000Z</time>
        <extensions>
          <ns3:TrackPointExtension/>
        </extensions>
      </trkpt>
      <trkpt lat="31.40622164122760295867919921875" lon="119.4853652827441692352294921875">
        <ele>6.599999904632568359375</ele>
        <time>2025-02-18T23:19:22.000Z</time>
        <extensions>
          <ns3:TrackPointExtension/>
        </extensions>
      </trkpt>
      <trkpt lat="31.40622348524630069732666015625" lon="119.4853371195495128631591796875">
        <ele>6.400000095367431640625</ele>
        <time>2025-02-18T23:19:23.000Z</time>
        <extensions>
          <ns3:TrackPointExtension/>
        </extensions>
      </trkpt>
      <trkpt lat="31.4062254130840301513671875" lon="119.48530753143131732940673828125">
        <ele>6.400000095367431640625</ele>
        <time>2025-02-18T23:19:24.000Z</time>
        <extensions>
          <ns3:TrackPointExtension/>
        </extensions>
      </trkpt>
      <trkpt lat="31.40622650273144245147705078125" lon="119.48527651838958263397216796875">
        <ele>6.599999904632568359375</ele>
        <time>2025-02-18T23:19:25.000Z</time>
        <extensions>
          <ns3:TrackPointExtension/>
        </extensions>
      </trkpt>
      <trkpt lat="31.40622650273144245147705078125" lon="119.4852449186146259307861328125">
        <ele>6.80000019073486328125</ele>
        <time>2025-02-18T23:19:26.000Z</time>
        <extensions>
          <ns3:TrackPointExtension/>
        </extensions>
      </trkpt>
      <trkpt lat="31.4062259159982204437255859375" lon="119.485212899744510650634765625">
        <ele>7</ele>
        <time>2025-02-18T23:19:27.000Z</time>
        <extensions>
          <ns3:TrackPointExtension>
            <ns3:hr>142</ns3:hr>
          </ns3:TrackPointExtension>
        </extensions>
      </trkpt>
      <trkpt lat="31.40622583217918872833251953125" lon="119.48518012650310993194580078125">
        <ele>7.19999980926513671875</ele>
        <time>2025-02-18T23:19:28.000Z</time>
        <extensions>
          <ns3:TrackPointExtension>
            <ns3:hr>141</ns3:hr>
          </ns3:TrackPointExtension>
        </extensions>
      </trkpt>
      <trkpt lat="31.40622667036950588226318359375" lon="119.48514726944267749786376953125">
        <ele>7.400000095367431640625</ele>
        <time>2025-02-18T23:19:29.000Z</time>
        <extensions>
          <ns3:TrackPointExtension/>
        </extensions>
      </trkpt>
      <trkpt lat="31.40622734092175960540771484375" lon="119.48511491529643535614013671875">
        <ele>7.599999904632568359375</ele>
        <time>2025-02-18T23:19:30.000Z</time>
        <extensions>
          <ns3:TrackPointExtension/>
        </extensions>
      </trkpt>
      <trkpt lat="31.40622675418853759765625" lon="119.48508323170244693756103515625">
        <ele>7.80000019073486328125</ele>
        <time>2025-02-18T23:19:31.000Z</time>
        <extensions>
          <ns3:TrackPointExtension/>
        </extensions>
      </trkpt>
      <trkpt lat="31.40622474253177642822265625" lon="119.485052637755870819091796875">
        <ele>8.19999980926513671875</ele>
        <time>2025-02-18T23:19:32.000Z</time>
        <extensions>
          <ns3:TrackPointExtension/>
        </extensions>
      </trkpt>
      <trkpt lat="31.40622206032276153564453125" lon="119.4850222952663898468017578125">
        <ele>8.19999980926513671875</ele>
        <time>2025-02-18T23:19:33.000Z</time>
        <extensions>
          <ns3:TrackPointExtension>
            <ns3:hr>143</ns3:hr>
          </ns3:TrackPointExtension>
        </extensions>
      </trkpt>
      <trkpt lat="31.40622071921825408935546875" lon="119.4849924556910991668701171875">
        <ele>8.19999980926513671875</ele>
        <time>2025-02-18T23:19:34.000Z</time>
        <extensions>
          <ns3:TrackPointExtension/>
        </extensions>
      </trkpt>
      <trkpt lat="31.40622080303728580474853515625" lon="119.48496286757290363311767578125">
        <ele>8.19999980926513671875</ele>
        <time>2025-02-18T23:19:35.000Z</time>
        <extensions>
          <ns3:TrackPointExtension/>
        </extensions>
      </trkpt>
      <trkpt lat="31.4062215574085712432861328125" lon="119.4849334470927715301513671875">
        <ele>8.19999980926513671875</ele>
        <time>2025-02-18T23:19:36.000Z</time>
        <extensions>
          <ns3:TrackPointExtension/>
        </extensions>
      </trkpt>
      <trkpt lat="31.40622247941792011260986328125" lon="119.4849039427936077117919921875">
        <ele>8.19999980926513671875</ele>
        <time>2025-02-18T23:19:37.000Z</time>
        <extensions>
          <ns3:TrackPointExtension/>
        </extensions>
      </trkpt>
      <trkpt lat="31.40622398816049098968505859375" lon="119.48487460613250732421875">
        <ele>8.19999980926513671875</ele>
        <time>2025-02-18T23:19:38.000Z</time>
        <extensions>
          <ns3:TrackPointExtension/>
        </extensions>
      </trkpt>
      <trkpt lat="31.40622608363628387451171875" lon="119.48484552092850208282470703125">
        <ele>8.19999980926513671875</ele>
        <time>2025-02-18T23:19:39.000Z</time>
        <extensions>
          <ns3:TrackPointExtension/>
        </extensions>
      </trkpt>
      <trkpt lat="31.40622834675014019012451171875" lon="119.48481735773384571075439453125">
        <ele>8.19999980926513671875</ele>
        <time>2025-02-18T23:19:40.000Z</time>
        <extensions>
          <ns3:TrackPointExtension>
            <ns3:hr>144</ns3:hr>
          </ns3:TrackPointExtension>
        </extensions>
      </trkpt>
      <trkpt lat="31.40623119659721851348876953125" lon="119.48478952981531620025634765625">
        <ele>8.19999980926513671875</ele>
        <time>2025-02-18T23:19:41.000Z</time>
        <extensions>
          <ns3:TrackPointExtension/>
        </extensions>
      </trkpt>
      <trkpt lat="31.406235136091709136962890625" lon="119.48476052843034267425537109375">
        <ele>8.19999980926513671875</ele>
        <time>2025-02-18T23:19:42.000Z</time>
        <extensions>
          <ns3:TrackPointExtension/>
        </extensions>
      </trkpt>
      <trkpt lat="31.4062406681478023529052734375" lon="119.48473018594086170196533203125">
        <ele>8.19999980926513671875</ele>
        <time>2025-02-18T23:19:43.000Z</time>
        <extensions>
          <ns3:TrackPointExtension>
            <ns3:hr>144</ns3:hr>
          </ns3:TrackPointExtension>
        </extensions>
      </trkpt>
      <trkpt lat="31.40624678693711757659912109375" lon="119.484698586165904998779296875">
        <ele>8.19999980926513671875</ele>
        <time>2025-02-18T23:19:44.000Z</time>
        <extensions>
          <ns3:TrackPointExtension/>
        </extensions>
      </trkpt>
      <trkpt lat="31.4062522351741790771484375" lon="119.48466715402901172637939453125">
        <ele>8.19999980926513671875</ele>
        <time>2025-02-18T23:19:45.000Z</time>
        <extensions>
          <ns3:TrackPointExtension/>
        </extensions>
      </trkpt>
      <trkpt lat="31.40625650994479656219482421875" lon="119.48463547043502330780029296875">
        <ele>8</ele>
        <time>2025-02-18T23:19:46.000Z</time>
        <extensions>
          <ns3:TrackPointExtension/>
        </extensions>
      </trkpt>
      <trkpt lat="31.40625986270606517791748046875" lon="119.48460437357425689697265625">
        <ele>8</ele>
        <time>2025-02-18T23:19:47.000Z</time>
        <extensions>
          <ns3:TrackPointExtension/>
        </extensions>
      </trkpt>
      <trkpt lat="31.40626254491508007049560546875" lon="119.48457445017993450164794921875">
        <ele>8</ele>
        <time>2025-02-18T23:19:48.000Z</time>
        <extensions>
          <ns3:TrackPointExtension/>
        </extensions>
      </trkpt>
      <trkpt lat="31.40626472420990467071533203125" lon="119.48454536497592926025390625">
        <ele>8</ele>
        <time>2025-02-18T23:19:49.000Z</time>
        <extensions>
          <ns3:TrackPointExtension/>
        </extensions>
      </trkpt>
      <trkpt lat="31.4062664844095706939697265625" lon="119.48451720178127288818359375">
        <ele>8</ele>
        <time>2025-02-18T23:19:50.000Z</time>
        <extensions>
          <ns3:TrackPointExtension/>
        </extensions>
      </trkpt>
      <trkpt lat="31.40626790933310985565185546875" lon="119.48448903858661651611328125">
        <ele>8</ele>
        <time>2025-02-18T23:19:51.000Z</time>
        <extensions>
          <ns3:TrackPointExtension/>
        </extensions>
      </trkpt>
      <trkpt lat="31.40626975335180759429931640625" lon="119.4844613783061504364013671875">
        <ele>8</ele>
        <time>2025-02-18T23:19:52.000Z</time>
        <extensions>
          <ns3:TrackPointExtension>
            <ns3:hr>147</ns3:hr>
          </ns3:TrackPointExtension>
        </extensions>
      </trkpt>
      <trkpt lat="31.40627168118953704833984375" lon="119.48443413712084293365478515625">
        <ele>8</ele>
        <time>2025-02-18T23:19:53.000Z</time>
        <extensions>
          <ns3:TrackPointExtension/>
        </extensions>
      </trkpt>
      <trkpt lat="31.4062736928462982177734375" lon="119.48440697975456714630126953125">
        <ele>8</ele>
        <time>2025-02-18T23:19:54.000Z</time>
        <extensions>
          <ns3:TrackPointExtension>
            <ns3:hr>147</ns3:hr>
          </ns3:TrackPointExtension>
        </extensions>
      </trkpt>
      <trkpt lat="31.40627570450305938720703125" lon="119.48437982238829135894775390625">
        <ele>8</ele>
        <time>2025-02-18T23:19:55.000Z</time>
        <extensions>
          <ns3:TrackPointExtension/>
        </extensions>
      </trkpt>
      <trkpt lat="31.40627779997885227203369140625" lon="119.48435300029814243316650390625">
        <ele>8</ele>
        <time>2025-02-18T23:19:56.000Z</time>
        <extensions>
          <ns3:TrackPointExtension/>
        </extensions>
      </trkpt>
      <trkpt lat="31.4062795601785182952880859375" lon="119.4843265973031520843505859375">
        <ele>8</ele>
        <time>2025-02-18T23:19:57.000Z</time>
        <extensions>
          <ns3:TrackPointExtension/>
        </extensions>
      </trkpt>
      <trkpt lat="31.40627981163561344146728515625" lon="119.4842997752130031585693359375">
        <ele>8</ele>
        <time>2025-02-18T23:19:58.000Z</time>
        <extensions>
          <ns3:TrackPointExtension/>
        </extensions>
      </trkpt>
      <trkpt lat="31.406279392540454864501953125" lon="119.4842719472944736480712890625">
        <ele>8</ele>
        <time>2025-02-18T23:19:59.000Z</time>
        <extensions>
          <ns3:TrackPointExtension>
            <ns3:hr>148</ns3:hr>
          </ns3:TrackPointExtension>
        </extensions>
      </trkpt>
      <trkpt lat="31.4062792249023914337158203125" lon="119.48424286209046840667724609375">
        <ele>8</ele>
        <time>2025-02-18T23:20:00.000Z</time>
        <extensions>
          <ns3:TrackPointExtension/>
        </extensions>
      </trkpt>
      <trkpt lat="31.406279392540454864501953125" lon="119.48421352542936801910400390625">
        <ele>8</ele>
        <time>2025-02-18T23:20:01.000Z</time>
        <extensions>
          <ns3:TrackPointExtension/>
        </extensions>
      </trkpt>
      <trkpt lat="31.40627997927367687225341796875" lon="119.484184272587299346923828125">
        <ele>8</ele>
        <time>2025-02-18T23:20:02.000Z</time>
        <extensions>
          <ns3:TrackPointExtension/>
        </extensions>
      </trkpt>
      <trkpt lat="31.4062822423875331878662109375" lon="119.484155438840389251708984375">
        <ele>8</ele>
        <time>2025-02-18T23:20:03.000Z</time>
        <extensions>
          <ns3:TrackPointExtension/>
        </extensions>
      </trkpt>
      <trkpt lat="31.4062872715294361114501953125" lon="119.4841276109218597412109375">
        <ele>8</ele>
        <time>2025-02-18T23:20:04.000Z</time>
        <extensions>
          <ns3:TrackPointExtension/>
        </extensions>
      </trkpt>
      <trkpt lat="31.40629473142325878143310546875" lon="119.4841012917459011077880859375">
        <ele>7.80000019073486328125</ele>
        <time>2025-02-18T23:20:05.000Z</time>
        <extensions>
          <ns3:TrackPointExtension>
            <ns3:hr>148</ns3:hr>
          </ns3:TrackPointExtension>
        </extensions>
      </trkpt>
      <trkpt lat="31.4063031971454620361328125" lon="119.484075643122196197509765625">
        <ele>7.80000019073486328125</ele>
        <time>2025-02-18T23:20:06.000Z</time>
        <extensions>
          <ns3:TrackPointExtension/>
        </extensions>
      </trkpt>
      <trkpt lat="31.40631115995347499847412109375" lon="119.48404856957495212554931640625">
        <ele>7.80000019073486328125</ele>
        <time>2025-02-18T23:20:07.000Z</time>
        <extensions>
          <ns3:TrackPointExtension/>
        </extensions>
      </trkpt>
      <trkpt lat="31.4063181169331073760986328125" lon="119.4840198196470737457275390625">
        <ele>7.80000019073486328125</ele>
        <time>2025-02-18T23:20:08.000Z</time>
        <extensions>
          <ns3:TrackPointExtension>
            <ns3:hr>148</ns3:hr>
          </ns3:TrackPointExtension>
        </extensions>
      </trkpt>
      <trkpt lat="31.40632356517016887664794921875" lon="119.48399023152887821197509765625">
        <ele>7.599999904632568359375</ele>
        <time>2025-02-18T23:20:09.000Z</time>
        <extensions>
          <ns3:TrackPointExtension/>
        </extensions>
      </trkpt>
      <trkpt lat="31.40632792375981807708740234375" lon="119.48396055959165096282958984375">
        <ele>7.599999904632568359375</ele>
        <time>2025-02-18T23:20:10.000Z</time>
        <extensions>
          <ns3:TrackPointExtension/>
        </extensions>
      </trkpt>
      <trkpt lat="31.40633203089237213134765625" lon="119.48393072001636028289794921875">
        <ele>7.80000019073486328125</ele>
        <time>2025-02-18T23:20:11.000Z</time>
        <extensions>
          <ns3:TrackPointExtension/>
        </extensions>
      </trkpt>
      <trkpt lat="31.40633563511073589324951171875" lon="119.4839021377265453338623046875">
        <ele>7.80000019073486328125</ele>
        <time>2025-02-18T23:20:12.000Z</time>
        <extensions>
          <ns3:TrackPointExtension/>
        </extensions>
      </trkpt>
      <trkpt lat="31.4063380658626556396484375" lon="119.4838753156363964080810546875">
        <ele>8</ele>
        <time>2025-02-18T23:20:13.000Z</time>
        <extensions>
          <ns3:TrackPointExtension>
            <ns3:hr>149</ns3:hr>
          </ns3:TrackPointExtension>
        </extensions>
      </trkpt>
      <trkpt lat="31.40633932314813137054443359375" lon="119.4838488288223743438720703125">
        <ele>8</ele>
        <time>2025-02-18T23:20:14.000Z</time>
        <extensions>
          <ns3:TrackPointExtension/>
        </extensions>
      </trkpt>
      <trkpt lat="31.4063407480716705322265625" lon="119.48382250964641571044921875">
        <ele>8.19999980926513671875</ele>
        <time>2025-02-18T23:20:15.000Z</time>
        <extensions>
          <ns3:TrackPointExtension/>
        </extensions>
      </trkpt>
      <trkpt lat="31.4063435979187488555908203125" lon="119.4837963581085205078125">
        <ele>8.19999980926513671875</ele>
        <time>2025-02-18T23:20:16.000Z</time>
        <extensions>
          <ns3:TrackPointExtension/>
        </extensions>
      </trkpt>
      <trkpt lat="31.40634736977517604827880859375" lon="119.4837700389325618743896484375">
        <ele>8.3999996185302734375</ele>
        <time>2025-02-18T23:20:17.000Z</time>
        <extensions>
          <ns3:TrackPointExtension/>
        </extensions>
      </trkpt>
      <trkpt lat="31.40635105781257152557373046875" lon="119.48374263010919094085693359375">
        <ele>8.3999996185302734375</ele>
        <time>2025-02-18T23:20:18.000Z</time>
        <extensions>
          <ns3:TrackPointExtension/>
        </extensions>
      </trkpt>
      <trkpt lat="31.40635390765964984893798828125" lon="119.48371496982872486114501953125">
        <ele>8.3999996185302734375</ele>
        <time>2025-02-18T23:20:19.000Z</time>
        <extensions>
          <ns3:TrackPointExtension>
            <ns3:hr>151</ns3:hr>
          </ns3:TrackPointExtension>
        </extensions>
      </trkpt>
      <trkpt lat="31.40635617077350616455078125" lon="119.4836877286434173583984375">
        <ele>8.6000003814697265625</ele>
        <time>2025-02-18T23:20:20.000Z</time>
        <extensions>
          <ns3:TrackPointExtension/>
        </extensions>
      </trkpt>
      <trkpt lat="31.40635843388736248016357421875" lon="119.48365914635360240936279296875">
        <ele>8.6000003814697265625</ele>
        <time>2025-02-18T23:20:21.000Z</time>
        <extensions>
          <ns3:TrackPointExtension/>
        </extensions>
      </trkpt>
      <trkpt lat="31.40636195428669452667236328125" lon="119.4836287200450897216796875">
        <ele>8.80000019073486328125</ele>
        <time>2025-02-18T23:20:22.000Z</time>
        <extensions>
          <ns3:TrackPointExtension/>
        </extensions>
      </trkpt>
      <trkpt lat="31.406366564333438873291015625" lon="119.48359678499400615692138671875">
        <ele>9</ele>
        <time>2025-02-18T23:20:23.000Z</time>
        <extensions>
          <ns3:TrackPointExtension/>
        </extensions>
      </trkpt>
      <trkpt lat="31.406371593475341796875" lon="119.48356493376195430755615234375">
        <ele>9.19999980926513671875</ele>
        <time>2025-02-18T23:20:24.000Z</time>
        <extensions>
          <ns3:TrackPointExtension>
            <ns3:hr>152</ns3:hr>
          </ns3:TrackPointExtension>
        </extensions>
      </trkpt>
      <trkpt lat="31.40637653879821300506591796875" lon="119.4835340045392513275146484375">
        <ele>9.3999996185302734375</ele>
        <time>2025-02-18T23:20:25.000Z</time>
        <extensions>
          <ns3:TrackPointExtension/>
        </extensions>
      </trkpt>
      <trkpt lat="31.406380645930767059326171875" lon="119.48350332677364349365234375">
        <ele>9.6000003814697265625</ele>
        <time>2025-02-18T23:20:26.000Z</time>
        <extensions>
          <ns3:TrackPointExtension/>
        </extensions>
      </trkpt>
      <trkpt lat="31.40638374723494052886962890625" lon="119.4834729842841625213623046875">
        <ele>9.80000019073486328125</ele>
        <time>2025-02-18T23:20:27.000Z</time>
        <extensions>
          <ns3:TrackPointExtension/>
        </extensions>
      </trkpt>
      <trkpt lat="31.4063858427107334136962890625" lon="119.48344289325177669525146484375">
        <ele>10</ele>
        <time>2025-02-18T23:20:28.000Z</time>
        <extensions>
          <ns3:TrackPointExtension/>
        </extensions>
      </trkpt>
      <trkpt lat="31.406387351453304290771484375" lon="119.48341288603842258453369140625">
        <ele>10</ele>
        <time>2025-02-18T23:20:29.000Z</time>
        <extensions>
          <ns3:TrackPointExtension/>
        </extensions>
      </trkpt>
      <trkpt lat="31.40638877637684345245361328125" lon="119.48338304646313190460205078125">
        <ele>10.19999980926513671875</ele>
        <time>2025-02-18T23:20:30.000Z</time>
        <extensions>
          <ns3:TrackPointExtension/>
        </extensions>
      </trkpt>
      <trkpt lat="31.40638969838619232177734375" lon="119.48335538618266582489013671875">
        <ele>10.19999980926513671875</ele>
        <time>2025-02-18T23:20:31.000Z</time>
        <extensions>
          <ns3:TrackPointExtension/>
        </extensions>
      </trkpt>
      <trkpt lat="31.40639145858585834503173828125" lon="119.4833301566541194915771484375">
        <ele>10.3999996185302734375</ele>
        <time>2025-02-18T23:20:32.000Z</time>
        <extensions>
          <ns3:TrackPointExtension>
            <ns3:hr>151</ns3:hr>
          </ns3:TrackPointExtension>
        </extensions>
      </trkpt>
      <trkpt lat="31.40639598481357097625732421875" lon="119.48330660350620746612548828125">
        <ele>10.3999996185302734375</ele>
        <time>2025-02-18T23:20:33.000Z</time>
        <extensions>
          <ns3:TrackPointExtension/>
        </extensions>
      </trkpt>
      <trkpt lat="31.40640419907867908477783203125" lon="119.483284391462802886962890625">
        <ele>10.3999996185302734375</ele>
        <time>2025-02-18T23:20:34.000Z</time>
        <extensions>
          <ns3:TrackPointExtension/>
        </extensions>
      </trkpt>
      <trkpt lat="31.406415514647960662841796875" lon="119.48326217941939830780029296875">
        <ele>10.3999996185302734375</ele>
        <time>2025-02-18T23:20:35.000Z</time>
        <extensions>
          <ns3:TrackPointExtension/>
        </extensions>
      </trkpt>
      <trkpt lat="31.40642859041690826416015625" lon="119.48324047029018402099609375">
        <ele>10.3999996185302734375</ele>
        <time>2025-02-18T23:20:36.000Z</time>
        <extensions>
          <ns3:TrackPointExtension/>
        </extensions>
      </trkpt>
      <trkpt lat="31.4064435102045536041259765625" lon="119.48321976698935031890869140625">
        <ele>10.3999996185302734375</ele>
        <time>2025-02-18T23:20:37.000Z</time>
        <extensions>
          <ns3:TrackPointExtension>
            <ns3:hr>150</ns3:hr>
          </ns3:TrackPointExtension>
        </extensions>
      </trkpt>
      <trkpt lat="31.40646119602024555206298828125" lon="119.48320023715496063232421875">
        <ele>10.6000003814697265625</ele>
        <time>2025-02-18T23:20:38.000Z</time>
        <extensions>
          <ns3:TrackPointExtension/>
        </extensions>
      </trkpt>
      <trkpt lat="31.4064829051494598388671875" lon="119.4831806235015392303466796875">
        <ele>10.6000003814697265625</ele>
        <time>2025-02-18T23:20:39.000Z</time>
        <extensions>
          <ns3:TrackPointExtension/>
        </extensions>
      </trkpt>
      <trkpt lat="31.406508386135101318359375" lon="119.4831615127623081207275390625">
        <ele>10.6000003814697265625</ele>
        <time>2025-02-18T23:20:40.000Z</time>
        <extensions>
          <ns3:TrackPointExtension/>
        </extensions>
      </trkpt>
      <trkpt lat="31.4065370522439479827880859375" lon="119.48314399458467960357666015625">
        <ele>10.6000003814697265625</ele>
        <time>2025-02-18T23:20:41.000Z</time>
        <extensions>
          <ns3:TrackPointExtension>
            <ns3:hr>149</ns3:hr>
          </ns3:TrackPointExtension>
        </extensions>
      </trkpt>
      <trkpt lat="31.4065665565431118011474609375" lon="119.48312991298735141754150390625">
        <ele>10.6000003814697265625</ele>
        <time>2025-02-18T23:20:42.000Z</time>
        <extensions>
          <ns3:TrackPointExtension/>
        </extensions>
      </trkpt>
      <trkpt lat="31.4065953902900218963623046875" lon="119.48312086053192615509033203125">
        <ele>10.6000003814697265625</ele>
        <time>2025-02-18T23:20:43.000Z</time>
        <extensions>
          <ns3:TrackPointExtension/>
        </extensions>
      </trkpt>
      <trkpt lat="31.40662305057048797607421875" lon="119.48311700485646724700927734375">
        <ele>10.6000003814697265625</ele>
        <time>2025-02-18T23:20:44.000Z</time>
        <extensions>
          <ns3:TrackPointExtension/>
        </extensions>
      </trkpt>
      <trkpt lat="31.40664945356547832489013671875" lon="119.483117759227752685546875">
        <ele>10.3999996185302734375</ele>
        <time>2025-02-18T23:20:45.000Z</time>
        <extensions>
          <ns3:TrackPointExtension>
            <ns3:hr>147</ns3:hr>
          </ns3:TrackPointExtension>
        </extensions>
      </trkpt>
      <trkpt lat="31.40667560510337352752685546875" lon="119.48312220163643360137939453125">
        <ele>10.3999996185302734375</ele>
        <time>2025-02-18T23:20:46.000Z</time>
        <extensions>
          <ns3:TrackPointExtension/>
        </extensions>
      </trkpt>
      <trkpt lat="31.40670192427933216094970703125" lon="119.4831289909780025482177734375">
        <ele>10.19999980926513671875</ele>
        <time>2025-02-18T23:20:47.000Z</time>
        <extensions>
          <ns3:TrackPointExtension/>
        </extensions>
      </trkpt>
      <trkpt lat="31.40672790817916393280029296875" lon="119.48313561268150806427001953125">
        <ele>10</ele>
        <time>2025-02-18T23:20:48.000Z</time>
        <extensions>
          <ns3:TrackPointExtension/>
        </extensions>
      </trkpt>
      <trkpt lat="31.40675338916480541229248046875" lon="119.48314013890922069549560546875">
        <ele>10</ele>
        <time>2025-02-18T23:20:49.000Z</time>
        <extensions>
          <ns3:TrackPointExtension/>
        </extensions>
      </trkpt>
      <trkpt lat="31.40677954070270061492919921875" lon="119.48314298875629901885986328125">
        <ele>9.80000019073486328125</ele>
        <time>2025-02-18T23:20:50.000Z</time>
        <extensions>
          <ns3:TrackPointExtension/>
        </extensions>
      </trkpt>
      <trkpt lat="31.4068059436976909637451171875" lon="119.4831464253365993499755859375">
        <ele>9.6000003814697265625</ele>
        <time>2025-02-18T23:20:51.000Z</time>
        <extensions>
          <ns3:TrackPointExtension/>
        </extensions>
      </trkpt>
      <trkpt lat="31.40683234669268131256103515625" lon="119.4831524603068828582763671875">
        <ele>9.6000003814697265625</ele>
        <time>2025-02-18T23:20:52.000Z</time>
        <extensions>
          <ns3:TrackPointExtension>
            <ns3:hr>147</ns3:hr>
          </ns3:TrackPointExtension>
        </extensions>
      </trkpt>
      <trkpt lat="31.4068582467734813690185546875" lon="119.48315924964845180511474609375">
        <ele>9.6000003814697265625</ele>
        <time>2025-02-18T23:20:53.000Z</time>
        <extensions>
          <ns3:TrackPointExtension/>
        </extensions>
      </trkpt>
      <trkpt lat="31.406884230673313140869140625" lon="119.48316394351422786712646484375">
        <ele>9.6000003814697265625</ele>
        <time>2025-02-18T23:20:54.000Z</time>
        <extensions>
          <ns3:TrackPointExtension/>
        </extensions>
      </trkpt>
      <trkpt lat="31.40690979547798633575439453125" lon="119.4831645302474498748779296875">
        <ele>9.80000019073486328125</ele>
        <time>2025-02-18T23:20:55.000Z</time>
        <extensions>
          <ns3:TrackPointExtension/>
        </extensions>
      </trkpt>
      <trkpt lat="31.4069343544542789459228515625" lon="119.4831615127623081207275390625">
        <ele>9.6000003814697265625</ele>
        <time>2025-02-18T23:20:56.000Z</time>
        <extensions>
          <ns3:TrackPointExtension>
            <ns3:hr>147</ns3:hr>
          </ns3:TrackPointExtension>
        </extensions>
      </trkpt>
      <trkpt lat="31.4069588296115398406982421875" lon="119.4831578247249126434326171875">
        <ele>9.6000003814697265625</ele>
        <time>2025-02-18T23:20:57.000Z</time>
        <extensions>
          <ns3:TrackPointExtension/>
        </extensions>
      </trkpt>
      <trkpt lat="31.40698271803557872772216796875" lon="119.4831551425158977508544921875">
        <ele>9.3999996185302734375</ele>
        <time>2025-02-18T23:20:58.000Z</time>
        <extensions>
          <ns3:TrackPointExtension/>
        </extensions>
      </trkpt>
      <trkpt lat="31.40700635500252246856689453125" lon="119.48315371759235858917236328125">
        <ele>9.3999996185302734375</ele>
        <time>2025-02-18T23:20:59.000Z</time>
        <extensions>
          <ns3:TrackPointExtension/>
        </extensions>
      </trkpt>
      <trkpt lat="31.40703099779784679412841796875" lon="119.4831541366875171661376953125">
        <ele>9.19999980926513671875</ele>
        <time>2025-02-18T23:21:00.000Z</time>
        <extensions>
          <ns3:TrackPointExtension/>
        </extensions>
      </trkpt>
      <trkpt lat="31.40705622732639312744140625" lon="119.4831561483442783355712890625">
        <ele>9.19999980926513671875</ele>
        <time>2025-02-18T23:21:01.000Z</time>
        <extensions>
          <ns3:TrackPointExtension/>
        </extensions>
      </trkpt>
      <trkpt lat="31.40708028338849544525146484375" lon="119.483159668743610382080078125">
        <ele>9.19999980926513671875</ele>
        <time>2025-02-18T23:21:02.000Z</time>
        <extensions>
          <ns3:TrackPointExtension>
            <ns3:hr>147</ns3:hr>
          </ns3:TrackPointExtension>
        </extensions>
      </trkpt>
      <trkpt lat="31.4071040041744709014892578125" lon="119.48316444642841815948486328125">
        <ele>9</ele>
        <time>2025-02-18T23:21:03.000Z</time>
        <extensions>
          <ns3:TrackPointExtension/>
        </extensions>
      </trkpt>
      <trkpt lat="31.40712839551270008087158203125" lon="119.48316930793225765228271484375">
        <ele>9</ele>
        <time>2025-02-18T23:21:04.000Z</time>
        <extensions>
          <ns3:TrackPointExtension/>
        </extensions>
      </trkpt>
      <trkpt lat="31.4071539603173732757568359375" lon="119.4831722415983676910400390625">
        <ele>9</ele>
        <time>2025-02-18T23:21:05.000Z</time>
        <extensions>
          <ns3:TrackPointExtension/>
        </extensions>
      </trkpt>
      <trkpt lat="31.40718069858849048614501953125" lon="119.4831727445125579833984375">
        <ele>9</ele>
        <time>2025-02-18T23:21:06.000Z</time>
        <extensions>
          <ns3:TrackPointExtension/>
        </extensions>
      </trkpt>
      <trkpt lat="31.40720768831670284271240234375" lon="119.4831722415983676910400390625">
        <ele>9</ele>
        <time>2025-02-18T23:21:07.000Z</time>
        <extensions>
          <ns3:TrackPointExtension>
            <ns3:hr>148</ns3:hr>
          </ns3:TrackPointExtension>
        </extensions>
      </trkpt>
      <trkpt lat="31.4072354324162006378173828125" lon="119.483171738684177398681640625">
        <ele>9</ele>
        <time>2025-02-18T23:21:08.000Z</time>
        <extensions>
          <ns3:TrackPointExtension>
            <ns3:hr>148</ns3:hr>
          </ns3:TrackPointExtension>
        </extensions>
      </trkpt>
      <trkpt lat="31.4072639308869838714599609375" lon="119.48317115195095539093017578125">
        <ele>9</ele>
        <time>2025-02-18T23:21:09.000Z</time>
        <extensions>
          <ns3:TrackPointExtension/>
        </extensions>
      </trkpt>
      <trkpt lat="31.40729301609098911285400390625" lon="119.4831705652177333831787109375">
        <ele>9</ele>
        <time>2025-02-18T23:21:10.000Z</time>
        <extensions>
          <ns3:TrackPointExtension/>
        </extensions>
      </trkpt>
      <trkpt lat="31.40732201747596263885498046875" lon="119.483170397579669952392578125">
        <ele>9</ele>
        <time>2025-02-18T23:21:11.000Z</time>
        <extensions>
          <ns3:TrackPointExtension/>
        </extensions>
      </trkpt>
      <trkpt lat="31.40735085122287273406982421875" lon="119.483171068131923675537109375">
        <ele>9</ele>
        <time>2025-02-18T23:21:12.000Z</time>
        <extensions>
          <ns3:TrackPointExtension/>
        </extensions>
      </trkpt>
      <trkpt lat="31.407378427684307098388671875" lon="119.48317249305546283721923828125">
        <ele>9</ele>
        <time>2025-02-18T23:21:13.000Z</time>
        <extensions>
          <ns3:TrackPointExtension/>
        </extensions>
      </trkpt>
      <trkpt lat="31.4074040763080120086669921875" lon="119.48317450471222400665283203125">
        <ele>9</ele>
        <time>2025-02-18T23:21:14.000Z</time>
        <extensions>
          <ns3:TrackPointExtension/>
        </extensions>
      </trkpt>
      <trkpt lat="31.40742897056043148040771484375" lon="119.48317735455930233001708984375">
        <ele>8.80000019073486328125</ele>
        <time>2025-02-18T23:21:15.000Z</time>
        <extensions>
          <ns3:TrackPointExtension>
            <ns3:hr>148</ns3:hr>
          </ns3:TrackPointExtension>
        </extensions>
      </trkpt>
      <trkpt lat="31.40745378099381923675537109375" lon="119.48317970149219036102294921875">
        <ele>8.80000019073486328125</ele>
        <time>2025-02-18T23:21:16.000Z</time>
        <extensions>
          <ns3:TrackPointExtension/>
        </extensions>
      </trkpt>
      <trkpt lat="31.4074780046939849853515625" lon="119.4831792823970317840576171875">
        <ele>8.6000003814697265625</ele>
        <time>2025-02-18T23:21:17.000Z</time>
        <extensions>
          <ns3:TrackPointExtension/>
        </extensions>
      </trkpt>
      <trkpt lat="31.407501138746738433837890625" lon="119.4831776060163974761962890625">
        <ele>8.6000003814697265625</ele>
        <time>2025-02-18T23:21:18.000Z</time>
        <extensions>
          <ns3:TrackPointExtension>
            <ns3:hr>149</ns3:hr>
          </ns3:TrackPointExtension>
        </extensions>
      </trkpt>
      <trkpt lat="31.407525278627872467041015625" lon="119.48317768983542919158935546875">
        <ele>8.6000003814697265625</ele>
        <time>2025-02-18T23:21:19.000Z</time>
        <extensions>
          <ns3:TrackPointExtension/>
        </extensions>
      </trkpt>
      <trkpt lat="31.40755201689898967742919921875" lon="119.4831806235015392303466796875">
        <ele>8.3999996185302734375</ele>
        <time>2025-02-18T23:21:20.000Z</time>
        <extensions>
          <ns3:TrackPointExtension/>
        </extensions>
      </trkpt>
      <trkpt lat="31.40758034773170948028564453125" lon="119.4831846468150615692138671875">
        <ele>8.3999996185302734375</ele>
        <time>2025-02-18T23:21:21.000Z</time>
        <extensions>
          <ns3:TrackPointExtension/>
        </extensions>
      </trkpt>
      <trkpt lat="31.4076085947453975677490234375" lon="119.483187831938266754150390625">
        <ele>8.19999980926513671875</ele>
        <time>2025-02-18T23:21:22.000Z</time>
        <extensions>
          <ns3:TrackPointExtension/>
        </extensions>
      </trkpt>
      <trkpt lat="31.4076362550258636474609375" lon="119.48319017887115478515625">
        <ele>8.19999980926513671875</ele>
        <time>2025-02-18T23:21:23.000Z</time>
        <extensions>
          <ns3:TrackPointExtension/>
        </extensions>
      </trkpt>
      <trkpt lat="31.40766349621117115020751953125" lon="119.4831916876137256622314453125">
        <ele>8</ele>
        <time>2025-02-18T23:21:24.000Z</time>
        <extensions>
          <ns3:TrackPointExtension/>
        </extensions>
      </trkpt>
      <trkpt lat="31.40768998302519321441650390625" lon="119.48319294489920139312744140625">
        <ele>7.80000019073486328125</ele>
        <time>2025-02-18T23:21:25.000Z</time>
        <extensions>
          <ns3:TrackPointExtension/>
        </extensions>
      </trkpt>
      <trkpt lat="31.4077158831059932708740234375" lon="119.48319495655596256256103515625">
        <ele>7.599999904632568359375</ele>
        <time>2025-02-18T23:21:26.000Z</time>
        <extensions>
          <ns3:TrackPointExtension/>
        </extensions>
      </trkpt>
      <trkpt lat="31.40774128027260303497314453125" lon="119.483198225498199462890625">
        <ele>7.400000095367431640625</ele>
        <time>2025-02-18T23:21:27.000Z</time>
        <extensions>
          <ns3:TrackPointExtension>
            <ns3:hr>148</ns3:hr>
          </ns3:TrackPointExtension>
        </extensions>
      </trkpt>
      <trkpt lat="31.4077665098011493682861328125" lon="119.483201242983341217041015625">
        <ele>7.19999980926513671875</ele>
        <time>2025-02-18T23:21:28.000Z</time>
        <extensions>
          <ns3:TrackPointExtension/>
        </extensions>
      </trkpt>
      <trkpt lat="31.40779140405356884002685546875" lon="119.48320266790688037872314453125">
        <ele>7.19999980926513671875</ele>
        <time>2025-02-18T23:21:29.000Z</time>
        <extensions>
          <ns3:TrackPointExtension/>
        </extensions>
      </trkpt>
      <trkpt lat="31.4078159630298614501953125" lon="119.48320233263075351715087890625">
        <ele>7.19999980926513671875</ele>
        <time>2025-02-18T23:21:30.000Z</time>
        <extensions>
          <ns3:TrackPointExtension/>
        </extensions>
      </trkpt>
      <trkpt lat="31.40784018673002719879150390625" lon="119.4832007400691509246826171875">
        <ele>7.19999980926513671875</ele>
        <time>2025-02-18T23:21:31.000Z</time>
        <extensions>
          <ns3:TrackPointExtension/>
        </extensions>
      </trkpt>
      <trkpt lat="31.40786516480147838592529296875" lon="119.48319965042173862457275390625">
        <ele>7.19999980926513671875</ele>
        <time>2025-02-18T23:21:32.000Z</time>
        <extensions>
          <ns3:TrackPointExtension>
            <ns3:hr>149</ns3:hr>
          </ns3:TrackPointExtension>
        </extensions>
      </trkpt>
      <trkpt lat="31.4078912325203418731689453125" lon="119.48319965042173862457275390625">
        <ele>7.19999980926513671875</ele>
        <time>2025-02-18T23:21:33.000Z</time>
        <extensions>
          <ns3:TrackPointExtension/>
        </extensions>
      </trkpt>
      <trkpt lat="31.40791830606758594512939453125" lon="119.48320048861205577850341796875">
        <ele>7.19999980926513671875</ele>
        <time>2025-02-18T23:21:34.000Z</time>
        <extensions>
          <ns3:TrackPointExtension/>
        </extensions>
      </trkpt>
      <trkpt lat="31.407945714890956878662109375" lon="119.4832022488117218017578125">
        <ele>7.19999980926513671875</ele>
        <time>2025-02-18T23:21:36.000Z</time>
        <extensions>
          <ns3:TrackPointExtension/>
        </extensions>
      </trkpt>
      <trkpt lat="31.40797354280948638916015625" lon="119.4832049310207366943359375">
        <ele>7.19999980926513671875</ele>
        <time>2025-02-18T23:21:37.000Z</time>
        <extensions>
          <ns3:TrackPointExtension>
            <ns3:hr>149</ns3:hr>
          </ns3:TrackPointExtension>
        </extensions>
      </trkpt>
      <trkpt lat="31.40800170600414276123046875" lon="119.483207277953624725341796875">
        <ele>7.19999980926513671875</ele>
        <time>2025-02-18T23:21:38.000Z</time>
        <extensions>
          <ns3:TrackPointExtension>
            <ns3:hr>149</ns3:hr>
          </ns3:TrackPointExtension>
        </extensions>
      </trkpt>
      <trkpt lat="31.4080293662846088409423828125" lon="119.48320870287716388702392578125">
        <ele>7.19999980926513671875</ele>
        <time>2025-02-18T23:21:39.000Z</time>
        <extensions>
          <ns3:TrackPointExtension/>
        </extensions>
      </trkpt>
      <trkpt lat="31.408056356012821197509765625" lon="119.48320970870554447174072265625">
        <ele>7.19999980926513671875</ele>
        <time>2025-02-18T23:21:40.000Z</time>
        <extensions>
          <ns3:TrackPointExtension/>
        </extensions>
      </trkpt>
      <trkpt lat="31.40808259136974811553955078125" lon="119.48321138508617877960205078125">
        <ele>7</ele>
        <time>2025-02-18T23:21:41.000Z</time>
        <extensions>
          <ns3:TrackPointExtension/>
        </extensions>
      </trkpt>
      <trkpt lat="31.40810857526957988739013671875" lon="119.48321389965713024139404296875">
        <ele>7</ele>
        <time>2025-02-18T23:21:42.000Z</time>
        <extensions>
          <ns3:TrackPointExtension/>
        </extensions>
      </trkpt>
      <trkpt lat="31.40813455916941165924072265625" lon="119.48321591131389141082763671875">
        <ele>6.80000019073486328125</ele>
        <time>2025-02-18T23:21:43.000Z</time>
        <extensions>
          <ns3:TrackPointExtension/>
        </extensions>
      </trkpt>
      <trkpt lat="31.40816129744052886962890625" lon="119.4832158274948596954345703125">
        <ele>6.80000019073486328125</ele>
        <time>2025-02-18T23:21:44.000Z</time>
        <extensions>
          <ns3:TrackPointExtension/>
        </extensions>
      </trkpt>
      <trkpt lat="31.40818853862583637237548828125" lon="119.48321406729519367218017578125">
        <ele>6.599999904632568359375</ele>
        <time>2025-02-18T23:21:45.000Z</time>
        <extensions>
          <ns3:TrackPointExtension/>
        </extensions>
      </trkpt>
      <trkpt lat="31.40821628272533416748046875" lon="119.48321306146681308746337890625">
        <ele>6.599999904632568359375</ele>
        <time>2025-02-18T23:21:46.000Z</time>
        <extensions>
          <ns3:TrackPointExtension/>
        </extensions>
      </trkpt>
      <trkpt lat="31.40824402682483196258544921875" lon="119.4832144863903522491455078125">
        <ele>6.599999904632568359375</ele>
        <time>2025-02-18T23:21:47.000Z</time>
        <extensions>
          <ns3:TrackPointExtension>
            <ns3:hr>150</ns3:hr>
          </ns3:TrackPointExtension>
        </extensions>
      </trkpt>
      <trkpt lat="31.4082711003720760345458984375" lon="119.48321792297065258026123046875">
        <ele>6.80000019073486328125</ele>
        <time>2025-02-18T23:21:48.000Z</time>
        <extensions>
          <ns3:TrackPointExtension/>
        </extensions>
      </trkpt>
      <trkpt lat="31.40829750336706638336181640625" lon="119.4832218624651432037353515625">
        <ele>6.80000019073486328125</ele>
        <time>2025-02-18T23:21:49.000Z</time>
        <extensions>
          <ns3:TrackPointExtension/>
        </extensions>
      </trkpt>
      <trkpt lat="31.40832415781915187835693359375" lon="119.48322529904544353485107421875">
        <ele>6.80000019073486328125</ele>
        <time>2025-02-18T23:21:50.000Z</time>
        <extensions>
          <ns3:TrackPointExtension>
            <ns3:hr>150</ns3:hr>
          </ns3:TrackPointExtension>
        </extensions>
      </trkpt>
      <trkpt lat="31.40835181809961795806884765625" lon="119.4832278974354267120361328125">
        <ele>7</ele>
        <time>2025-02-18T23:21:51.000Z</time>
        <extensions>
          <ns3:TrackPointExtension/>
        </extensions>
      </trkpt>
      <trkpt lat="31.4083793945610523223876953125" lon="119.48322965763509273529052734375">
        <ele>7</ele>
        <time>2025-02-18T23:21:52.000Z</time>
        <extensions>
          <ns3:TrackPointExtension/>
        </extensions>
      </trkpt>
      <trkpt lat="31.40840562991797924041748046875" lon="119.483231417834758758544921875">
        <ele>7</ele>
        <time>2025-02-18T23:21:53.000Z</time>
        <extensions>
          <ns3:TrackPointExtension/>
        </extensions>
      </trkpt>
      <trkpt lat="31.40842976979911327362060546875" lon="119.4832342676818370819091796875">
        <ele>7</ele>
        <time>2025-02-18T23:21:54.000Z</time>
        <extensions>
          <ns3:TrackPointExtension/>
        </extensions>
      </trkpt>
      <trkpt lat="31.40845256857573986053466796875" lon="119.48323778808116912841796875">
        <ele>7</ele>
        <time>2025-02-18T23:21:55.000Z</time>
        <extensions>
          <ns3:TrackPointExtension/>
        </extensions>
      </trkpt>
      <trkpt lat="31.40847570262849330902099609375" lon="119.483241476118564605712890625">
        <ele>7</ele>
        <time>2025-02-18T23:21:56.000Z</time>
        <extensions>
          <ns3:TrackPointExtension/>
        </extensions>
      </trkpt>
      <trkpt lat="31.40850034542381763458251953125" lon="119.4832456670701503753662109375">
        <ele>7</ele>
        <time>2025-02-18T23:21:57.000Z</time>
        <extensions>
          <ns3:TrackPointExtension>
            <ns3:hr>152</ns3:hr>
          </ns3:TrackPointExtension>
        </extensions>
      </trkpt>
      <trkpt lat="31.4085255749523639678955078125" lon="119.48325128294527530670166015625">
        <ele>7</ele>
        <time>2025-02-18T23:21:58.000Z</time>
        <extensions>
          <ns3:TrackPointExtension/>
        </extensions>
      </trkpt>
      <trkpt lat="31.40855113975703716278076171875" lon="119.4832570664584636688232421875">
        <ele>7</ele>
        <time>2025-02-18T23:21:59.000Z</time>
        <extensions>
          <ns3:TrackPointExtension>
            <ns3:hr>152</ns3:hr>
          </ns3:TrackPointExtension>
        </extensions>
      </trkpt>
      <trkpt lat="31.4085768721997737884521484375" lon="119.48325949721038341522216796875">
        <ele>7</ele>
        <time>2025-02-18T23:22:00.000Z</time>
        <extensions>
          <ns3:TrackPointExtension/>
        </extensions>
      </trkpt>
      <trkpt lat="31.40860327519476413726806640625" lon="119.48325849138200283050537109375">
        <ele>7</ele>
        <time>2025-02-18T23:22:01.000Z</time>
        <extensions>
          <ns3:TrackPointExtension/>
        </extensions>
      </trkpt>
      <trkpt lat="31.40862942673265933990478515625" lon="119.4832560606300830841064453125">
        <ele>7</ele>
        <time>2025-02-18T23:22:02.000Z</time>
        <extensions>
          <ns3:TrackPointExtension/>
        </extensions>
      </trkpt>
      <trkpt lat="31.40865524299442768096923828125" lon="119.4832547195255756378173828125">
        <ele>7</ele>
        <time>2025-02-18T23:22:03.000Z</time>
        <extensions>
          <ns3:TrackPointExtension/>
        </extensions>
      </trkpt>
      <trkpt lat="31.40868189744651317596435546875" lon="119.4832557253539562225341796875">
        <ele>7</ele>
        <time>2025-02-18T23:22:04.000Z</time>
        <extensions>
          <ns3:TrackPointExtension/>
        </extensions>
      </trkpt>
      <trkpt lat="31.408708803355693817138671875" lon="119.48325782082974910736083984375">
        <ele>7</ele>
        <time>2025-02-18T23:22:05.000Z</time>
        <extensions>
          <ns3:TrackPointExtension>
            <ns3:hr>152</ns3:hr>
          </ns3:TrackPointExtension>
        </extensions>
      </trkpt>
      <trkpt lat="31.4087351225316524505615234375" lon="119.4832590781152248382568359375">
        <ele>7</ele>
        <time>2025-02-18T23:22:06.000Z</time>
        <extensions>
          <ns3:TrackPointExtension/>
        </extensions>
      </trkpt>
      <trkpt lat="31.4087606035172939300537109375" lon="119.48325882665812969207763671875">
        <ele>7</ele>
        <time>2025-02-18T23:22:07.000Z</time>
        <extensions>
          <ns3:TrackPointExtension/>
        </extensions>
      </trkpt>
      <trkpt lat="31.40878633596003055572509765625" lon="119.4832580722868442535400390625">
        <ele>7</ele>
        <time>2025-02-18T23:22:08.000Z</time>
        <extensions>
          <ns3:TrackPointExtension/>
        </extensions>
      </trkpt>
      <trkpt lat="31.40881181694567203521728515625" lon="119.4832574017345905303955078125">
        <ele>7.19999980926513671875</ele>
        <time>2025-02-18T23:22:09.000Z</time>
        <extensions>
          <ns3:TrackPointExtension/>
        </extensions>
      </trkpt>
      <trkpt lat="31.40883662737905979156494140625" lon="119.483258239924907684326171875">
        <ele>7.400000095367431640625</ele>
        <time>2025-02-18T23:22:10.000Z</time>
        <extensions>
          <ns3:TrackPointExtension/>
        </extensions>
      </trkpt>
      <trkpt lat="31.40886110253632068634033203125" lon="119.48326100595295429229736328125">
        <ele>7.599999904632568359375</ele>
        <time>2025-02-18T23:22:11.000Z</time>
        <extensions>
          <ns3:TrackPointExtension>
            <ns3:hr>154</ns3:hr>
          </ns3:TrackPointExtension>
        </extensions>
      </trkpt>
      <trkpt lat="31.408885158598423004150390625" lon="119.48326435871422290802001953125">
        <ele>7.80000019073486328125</ele>
        <time>2025-02-18T23:22:12.000Z</time>
        <extensions>
          <ns3:TrackPointExtension/>
        </extensions>
      </trkpt>
      <trkpt lat="31.40890904702246189117431640625" lon="119.4832664541900157928466796875">
        <ele>8</ele>
        <time>2025-02-18T23:22:13.000Z</time>
        <extensions>
          <ns3:TrackPointExtension/>
        </extensions>
      </trkpt>
      <trkpt lat="31.40893243253231048583984375" lon="119.48326670564711093902587890625">
        <ele>8.19999980926513671875</ele>
        <time>2025-02-18T23:22:14.000Z</time>
        <extensions>
          <ns3:TrackPointExtension/>
        </extensions>
      </trkpt>
      <trkpt lat="31.4089557342231273651123046875" lon="119.48326771147549152374267578125">
        <ele>8.19999980926513671875</ele>
        <time>2025-02-18T23:22:15.000Z</time>
        <extensions>
          <ns3:TrackPointExtension/>
        </extensions>
      </trkpt>
      <trkpt lat="31.4089775271713733673095703125" lon="119.48327575810253620147705078125">
        <ele>8.3999996185302734375</ele>
        <time>2025-02-18T23:22:16.000Z</time>
        <extensions>
          <ns3:TrackPointExtension>
            <ns3:hr>152</ns3:hr>
          </ns3:TrackPointExtension>
        </extensions>
      </trkpt>
      <trkpt lat="31.4089952968060970306396484375" lon="119.48329587467014789581298828125">
        <ele>8.6000003814697265625</ele>
        <time>2025-02-18T23:22:17.000Z</time>
        <extensions>
          <ns3:TrackPointExtension/>
        </extensions>
      </trkpt>
      <trkpt lat="31.409007199108600616455078125" lon="119.4833257980644702911376953125">
        <ele>8.6000003814697265625</ele>
        <time>2025-02-18T23:22:18.000Z</time>
        <extensions>
          <ns3:TrackPointExtension/>
        </extensions>
      </trkpt>
      <trkpt lat="31.40901415608823299407958984375" lon="119.483358822762966156005859375">
        <ele>8.80000019073486328125</ele>
        <time>2025-02-18T23:22:19.000Z</time>
        <extensions>
          <ns3:TrackPointExtension/>
        </extensions>
      </trkpt>
      <trkpt lat="31.4090204425156116485595703125" lon="119.48338991962373256683349609375">
        <ele>9</ele>
        <time>2025-02-18T23:22:20.000Z</time>
        <extensions>
          <ns3:TrackPointExtension>
            <ns3:hr>152</ns3:hr>
          </ns3:TrackPointExtension>
        </extensions>
      </trkpt>
      <trkpt lat="31.40903091989457607269287109375" lon="119.4834173284471035003662109375">
        <ele>9.19999980926513671875</ele>
        <time>2025-02-18T23:22:21.000Z</time>
        <extensions>
          <ns3:TrackPointExtension/>
        </extensions>
      </trkpt>
      <trkpt lat="31.40904718078672885894775390625" lon="119.48344071395695209503173828125">
        <ele>9.3999996185302734375</ele>
        <time>2025-02-18T23:22:22.000Z</time>
        <extensions>
          <ns3:TrackPointExtension/>
        </extensions>
      </trkpt>
      <trkpt lat="31.40906830318272113800048828125" lon="119.483461081981658935546875">
        <ele>9.6000003814697265625</ele>
        <time>2025-02-18T23:22:23.000Z</time>
        <extensions>
          <ns3:TrackPointExtension/>
        </extensions>
      </trkpt>
      <trkpt lat="31.4090908505022525787353515625" lon="119.48348094709217548370361328125">
        <ele>9.6000003814697265625</ele>
        <time>2025-02-18T23:22:24.000Z</time>
        <extensions>
          <ns3:TrackPointExtension/>
        </extensions>
      </trkpt>
      <trkpt lat="31.409111134707927703857421875" lon="119.48350257240235805511474609375">
        <ele>9.80000019073486328125</ele>
        <time>2025-02-18T23:22:25.000Z</time>
        <extensions>
          <ns3:TrackPointExtension/>
        </extensions>
      </trkpt>
      <trkpt lat="31.40912848524749279022216796875" lon="119.48352872394025325775146484375">
        <ele>9.80000019073486328125</ele>
        <time>2025-02-18T23:22:26.000Z</time>
        <extensions>
          <ns3:TrackPointExtension/>
        </extensions>
      </trkpt>
      <trkpt lat="31.40914139337837696075439453125" lon="119.4835598208010196685791015625">
        <ele>10</ele>
        <time>2025-02-18T23:22:27.000Z</time>
        <extensions>
          <ns3:TrackPointExtension>
            <ns3:hr>151</ns3:hr>
          </ns3:TrackPointExtension>
        </extensions>
      </trkpt>
      <trkpt lat="31.40914835035800933837890625" lon="119.483593516051769256591796875">
        <ele>10.19999980926513671875</ele>
        <time>2025-02-18T23:22:28.000Z</time>
        <extensions>
          <ns3:TrackPointExtension/>
        </extensions>
      </trkpt>
      <trkpt lat="31.4091508649289608001708984375" lon="119.4836272113025188446044921875">
        <ele>10.6000003814697265625</ele>
        <time>2025-02-18T23:22:29.000Z</time>
        <extensions>
          <ns3:TrackPointExtension/>
        </extensions>
      </trkpt>
      <trkpt lat="31.40915111638605594635009765625" lon="119.48366015218198299407958984375">
        <ele>10.80000019073486328125</ele>
        <time>2025-02-18T23:22:30.000Z</time>
        <extensions>
          <ns3:TrackPointExtension/>
        </extensions>
      </trkpt>
      <trkpt lat="31.4091498591005802154541015625" lon="119.48369183577597141265869140625">
        <ele>10.80000019073486328125</ele>
        <time>2025-02-18T23:22:31.000Z</time>
        <extensions>
          <ns3:TrackPointExtension/>
        </extensions>
      </trkpt>
      <trkpt lat="31.409147679805755615234375" lon="119.4837225973606109619140625">
        <ele>11</ele>
        <time>2025-02-18T23:22:32.000Z</time>
        <extensions>
          <ns3:TrackPointExtension>
            <ns3:hr>150</ns3:hr>
          </ns3:TrackPointExtension>
        </extensions>
      </trkpt>
      <trkpt lat="31.40914558432996273040771484375" lon="119.48375302366912364959716796875">
        <ele>11</ele>
        <time>2025-02-18T23:22:33.000Z</time>
        <extensions>
          <ns3:TrackPointExtension/>
        </extensions>
      </trkpt>
      <trkpt lat="31.40914323739707469940185546875" lon="119.4837837852537631988525390625">
        <ele>11.19999980926513671875</ele>
        <time>2025-02-18T23:22:34.000Z</time>
        <extensions>
          <ns3:TrackPointExtension/>
        </extensions>
      </trkpt>
      <trkpt lat="31.409140639007091522216796875" lon="119.48381521739065647125244140625">
        <ele>11.3999996185302734375</ele>
        <time>2025-02-18T23:22:35.000Z</time>
        <extensions>
          <ns3:TrackPointExtension>
            <ns3:hr>150</ns3:hr>
          </ns3:TrackPointExtension>
        </extensions>
      </trkpt>
      <trkpt lat="31.4091382920742034912109375" lon="119.48384572751820087432861328125">
        <ele>11.3999996185302734375</ele>
        <time>2025-02-18T23:22:36.000Z</time>
        <extensions>
          <ns3:TrackPointExtension/>
        </extensions>
      </trkpt>
      <trkpt lat="31.40913686715066432952880859375" lon="119.48387456126511096954345703125">
        <ele>11.6000003814697265625</ele>
        <time>2025-02-18T23:22:37.000Z</time>
        <extensions>
          <ns3:TrackPointExtension/>
        </extensions>
      </trkpt>
      <trkpt lat="31.40913602896034717559814453125" lon="119.4839018024504184722900390625">
        <ele>11.6000003814697265625</ele>
        <time>2025-02-18T23:22:38.000Z</time>
        <extensions>
          <ns3:TrackPointExtension/>
        </extensions>
      </trkpt>
      <trkpt lat="31.4091347716748714447021484375" lon="119.4839291274547576904296875">
        <ele>11.80000019073486328125</ele>
        <time>2025-02-18T23:22:39.000Z</time>
        <extensions>
          <ns3:TrackPointExtension/>
        </extensions>
      </trkpt>
      <trkpt lat="31.40913284383714199066162109375" lon="119.4839574582874774932861328125">
        <ele>11.6000003814697265625</ele>
        <time>2025-02-18T23:22:40.000Z</time>
        <extensions>
          <ns3:TrackPointExtension/>
        </extensions>
      </trkpt>
      <trkpt lat="31.40912999399006366729736328125" lon="119.4839881360530853271484375">
        <ele>11.6000003814697265625</ele>
        <time>2025-02-18T23:22:41.000Z</time>
        <extensions>
          <ns3:TrackPointExtension/>
        </extensions>
      </trkpt>
      <trkpt lat="31.409126557409763336181640625" lon="119.484020657837390899658203125">
        <ele>11.3999996185302734375</ele>
        <time>2025-02-18T23:22:42.000Z</time>
        <extensions>
          <ns3:TrackPointExtension>
            <ns3:hr>150</ns3:hr>
          </ns3:TrackPointExtension>
        </extensions>
      </trkpt>
      <trkpt lat="31.4091223664581775665283203125" lon="119.48405276052653789520263671875">
        <ele>11.3999996185302734375</ele>
        <time>2025-02-18T23:22:43.000Z</time>
        <extensions>
          <ns3:TrackPointExtension>
            <ns3:hr>151</ns3:hr>
          </ns3:TrackPointExtension>
        </extensions>
      </trkpt>
      <trkpt lat="31.409117169678211212158203125" lon="119.48408360593020915985107421875">
        <ele>11.19999980926513671875</ele>
        <time>2025-02-18T23:22:44.000Z</time>
        <extensions>
          <ns3:TrackPointExtension/>
        </extensions>
      </trkpt>
      <trkpt lat="31.40911121852695941925048828125" lon="119.48411327786743640899658203125">
        <ele>11.19999980926513671875</ele>
        <time>2025-02-18T23:22:45.000Z</time>
        <extensions>
          <ns3:TrackPointExtension/>
        </extensions>
      </trkpt>
      <trkpt lat="31.40910484828054904937744140625" lon="119.48414169251918792724609375">
        <ele>11</ele>
        <time>2025-02-18T23:22:46.000Z</time>
        <extensions>
          <ns3:TrackPointExtension/>
        </extensions>
      </trkpt>
      <trkpt lat="31.40909898094832897186279296875" lon="119.4841678440570831298828125">
        <ele>11</ele>
        <time>2025-02-18T23:22:47.000Z</time>
        <extensions>
          <ns3:TrackPointExtension/>
        </extensions>
      </trkpt>
      <trkpt lat="31.409094035625457763671875" lon="119.48419374413788318634033203125">
        <ele>11</ele>
        <time>2025-02-18T23:22:48.000Z</time>
        <extensions>
          <ns3:TrackPointExtension>
            <ns3:hr>152</ns3:hr>
          </ns3:TrackPointExtension>
        </extensions>
      </trkpt>
      <trkpt lat="31.40909009613096714019775390625" lon="119.48422173969447612762451171875">
        <ele>10.80000019073486328125</ele>
        <time>2025-02-18T23:22:49.000Z</time>
        <extensions>
          <ns3:TrackPointExtension/>
        </extensions>
      </trkpt>
      <trkpt lat="31.40908657573163509368896484375" lon="119.48425308801233768463134765625">
        <ele>10.3999996185302734375</ele>
        <time>2025-02-18T23:22:50.000Z</time>
        <extensions>
          <ns3:TrackPointExtension/>
        </extensions>
      </trkpt>
      <trkpt lat="31.40908322297036647796630859375" lon="119.4842853583395481109619140625">
        <ele>10.19999980926513671875</ele>
        <time>2025-02-18T23:22:51.000Z</time>
        <extensions>
          <ns3:TrackPointExtension/>
        </extensions>
      </trkpt>
      <trkpt lat="31.4090801216661930084228515625" lon="119.48431595228612422943115234375">
        <ele>9.80000019073486328125</ele>
        <time>2025-02-18T23:22:52.000Z</time>
        <extensions>
          <ns3:TrackPointExtension/>
        </extensions>
      </trkpt>
      <trkpt lat="31.40907685272395610809326171875" lon="119.48434461839497089385986328125">
        <ele>9.3999996185302734375</ele>
        <time>2025-02-18T23:22:53.000Z</time>
        <extensions>
          <ns3:TrackPointExtension/>
        </extensions>
      </trkpt>
      <trkpt lat="31.4090730808675289154052734375" lon="119.48437294922769069671630859375">
        <ele>9.19999980926513671875</ele>
        <time>2025-02-18T23:22:54.000Z</time>
        <extensions>
          <ns3:TrackPointExtension/>
        </extensions>
      </trkpt>
      <trkpt lat="31.409069560468196868896484375" lon="119.484402872622013092041015625">
        <ele>8.80000019073486328125</ele>
        <time>2025-02-18T23:22:55.000Z</time>
        <extensions>
          <ns3:TrackPointExtension/>
        </extensions>
      </trkpt>
      <trkpt lat="31.4090660400688648223876953125" lon="119.48443380184471607208251953125">
        <ele>8.6000003814697265625</ele>
        <time>2025-02-18T23:22:56.000Z</time>
        <extensions>
          <ns3:TrackPointExtension/>
        </extensions>
      </trkpt>
      <trkpt lat="31.4090620167553424835205078125" lon="119.48446464724838733673095703125">
        <ele>8.19999980926513671875</ele>
        <time>2025-02-18T23:22:57.000Z</time>
        <extensions>
          <ns3:TrackPointExtension>
            <ns3:hr>155</ns3:hr>
          </ns3:TrackPointExtension>
        </extensions>
      </trkpt>
      <trkpt lat="31.40905774198472499847412109375" lon="119.4844949059188365936279296875">
        <ele>8</ele>
        <time>2025-02-18T23:22:58.000Z</time>
        <extensions>
          <ns3:TrackPointExtension/>
        </extensions>
      </trkpt>
      <trkpt lat="31.40905321575701236724853515625" lon="119.48452499695122241973876953125">
        <ele>7.599999904632568359375</ele>
        <time>2025-02-18T23:22:59.000Z</time>
        <extensions>
          <ns3:TrackPointExtension>
            <ns3:hr>155</ns3:hr>
          </ns3:TrackPointExtension>
        </extensions>
      </trkpt>
      <trkpt lat="31.4090486057102680206298828125" lon="119.484555758535861968994140625">
        <ele>7.400000095367431640625</ele>
        <time>2025-02-18T23:23:00.000Z</time>
        <extensions>
          <ns3:TrackPointExtension/>
        </extensions>
      </trkpt>
      <trkpt lat="31.409044079482555389404296875" lon="119.484588615596294403076171875">
        <ele>7.19999980926513671875</ele>
        <time>2025-02-18T23:23:01.000Z</time>
        <extensions>
          <ns3:TrackPointExtension/>
        </extensions>
      </trkpt>
      <trkpt lat="31.4090415649116039276123046875" lon="119.4846223108470439910888671875">
        <ele>6.80000019073486328125</ele>
        <time>2025-02-18T23:23:02.000Z</time>
        <extensions>
          <ns3:TrackPointExtension/>
        </extensions>
      </trkpt>
      <trkpt lat="31.40904148109257221221923828125" lon="119.4846551679074764251708984375">
        <ele>6.599999904632568359375</ele>
        <time>2025-02-18T23:23:03.000Z</time>
        <extensions>
          <ns3:TrackPointExtension/>
        </extensions>
      </trkpt>
      <trkpt lat="31.4090408943593502044677734375" lon="119.48468609713017940521240234375">
        <ele>6.400000095367431640625</ele>
        <time>2025-02-18T23:23:04.000Z</time>
        <extensions>
          <ns3:TrackPointExtension/>
        </extensions>
      </trkpt>
      <trkpt lat="31.40903779305517673492431640625" lon="119.48471476323902606964111328125">
        <ele>6.19999980926513671875</ele>
        <time>2025-02-18T23:23:05.000Z</time>
        <extensions>
          <ns3:TrackPointExtension/>
        </extensions>
      </trkpt>
      <trkpt lat="31.40903293155133724212646484375" lon="119.4847430102527141571044921875">
        <ele>6</ele>
        <time>2025-02-18T23:23:06.000Z</time>
        <extensions>
          <ns3:TrackPointExtension/>
        </extensions>
      </trkpt>
      <trkpt lat="31.4090278185904026031494140625" lon="119.484771676361560821533203125">
        <ele>6</ele>
        <time>2025-02-18T23:23:07.000Z</time>
        <extensions>
          <ns3:TrackPointExtension>
            <ns3:hr>157</ns3:hr>
          </ns3:TrackPointExtension>
        </extensions>
      </trkpt>
      <trkpt lat="31.4090234600007534027099609375" lon="119.4848010130226612091064453125">
        <ele>6</ele>
        <time>2025-02-18T23:23:08.000Z</time>
        <extensions>
          <ns3:TrackPointExtension/>
        </extensions>
      </trkpt>
      <trkpt lat="31.40902069397270679473876953125" lon="119.4848315231502056121826171875">
        <ele>6</ele>
        <time>2025-02-18T23:23:09.000Z</time>
        <extensions>
          <ns3:TrackPointExtension/>
        </extensions>
      </trkpt>
      <trkpt lat="31.409018933773040771484375" lon="119.48486345820128917694091796875">
        <ele>6</ele>
        <time>2025-02-18T23:23:10.000Z</time>
        <extensions>
          <ns3:TrackPointExtension/>
        </extensions>
      </trkpt>
      <trkpt lat="31.4090164192020893096923828125" lon="119.48489530943334102630615234375">
        <ele>6</ele>
        <time>2025-02-18T23:23:11.000Z</time>
        <extensions>
          <ns3:TrackPointExtension>
            <ns3:hr>156</ns3:hr>
          </ns3:TrackPointExtension>
        </extensions>
      </trkpt>
      <trkpt lat="31.409011892974376678466796875" lon="119.4849269092082977294921875">
        <ele>6</ele>
        <time>2025-02-18T23:23:12.000Z</time>
        <extensions>
          <ns3:TrackPointExtension/>
        </extensions>
      </trkpt>
      <trkpt lat="31.409006528556346893310546875" lon="119.48495917953550815582275390625">
        <ele>6</ele>
        <time>2025-02-18T23:23:13.000Z</time>
        <extensions>
          <ns3:TrackPointExtension/>
        </extensions>
      </trkpt>
      <trkpt lat="31.4090023376047611236572265625" lon="119.48499186895787715911865234375">
        <ele>6</ele>
        <time>2025-02-18T23:23:14.000Z</time>
        <extensions>
          <ns3:TrackPointExtension/>
        </extensions>
      </trkpt>
      <trkpt lat="31.408999823033809661865234375" lon="119.4850233010947704315185546875">
        <ele>6</ele>
        <time>2025-02-18T23:23:15.000Z</time>
        <extensions>
          <ns3:TrackPointExtension/>
        </extensions>
      </trkpt>
      <trkpt lat="31.40899806283414363861083984375" lon="119.485054649412631988525390625">
        <ele>6</ele>
        <time>2025-02-18T23:23:16.000Z</time>
        <extensions>
          <ns3:TrackPointExtension>
            <ns3:hr>156</ns3:hr>
          </ns3:TrackPointExtension>
        </extensions>
      </trkpt>
      <trkpt lat="31.4089959673583507537841796875" lon="119.4850870035588741302490234375">
        <ele>6</ele>
        <time>2025-02-18T23:23:17.000Z</time>
        <extensions>
          <ns3:TrackPointExtension/>
        </extensions>
      </trkpt>
      <trkpt lat="31.40899219550192356109619140625" lon="119.48511927388608455657958984375">
        <ele>6</ele>
        <time>2025-02-18T23:23:18.000Z</time>
        <extensions>
          <ns3:TrackPointExtension/>
        </extensions>
      </trkpt>
      <trkpt lat="31.40898699872195720672607421875" lon="119.48515154421329498291015625">
        <ele>6</ele>
        <time>2025-02-18T23:23:19.000Z</time>
        <extensions>
          <ns3:TrackPointExtension/>
        </extensions>
      </trkpt>
      <trkpt lat="31.40898163430392742156982421875" lon="119.4851828925311565399169921875">
        <ele>6</ele>
        <time>2025-02-18T23:23:20.000Z</time>
        <extensions>
          <ns3:TrackPointExtension/>
        </extensions>
      </trkpt>
      <trkpt lat="31.40897643752396106719970703125" lon="119.48521398939192295074462890625">
        <ele>6</ele>
        <time>2025-02-18T23:23:21.000Z</time>
        <extensions>
          <ns3:TrackPointExtension/>
        </extensions>
      </trkpt>
      <trkpt lat="31.40897174365818500518798828125" lon="119.4852449186146259307861328125">
        <ele>6</ele>
        <time>2025-02-18T23:23:22.000Z</time>
        <extensions>
          <ns3:TrackPointExtension>
            <ns3:hr>156</ns3:hr>
          </ns3:TrackPointExtension>
        </extensions>
      </trkpt>
      <trkpt lat="31.40896721743047237396240234375" lon="119.48527618311345577239990234375">
        <ele>6.19999980926513671875</ele>
        <time>2025-02-18T23:23:23.000Z</time>
        <extensions>
          <ns3:TrackPointExtension>
            <ns3:hr>157</ns3:hr>
          </ns3:TrackPointExtension>
        </extensions>
      </trkpt>
      <trkpt lat="31.40896327793598175048828125" lon="119.4853079505264759063720703125">
        <ele>6.400000095367431640625</ele>
        <time>2025-02-18T23:23:24.000Z</time>
        <extensions>
          <ns3:TrackPointExtension/>
        </extensions>
      </trkpt>
      <trkpt lat="31.4089597575366497039794921875" lon="119.48534038849174976348876953125">
        <ele>6.19999980926513671875</ele>
        <time>2025-02-18T23:23:25.000Z</time>
        <extensions>
          <ns3:TrackPointExtension/>
        </extensions>
      </trkpt>
      <trkpt lat="31.40895657241344451904296875" lon="119.48537291027605533599853515625">
        <ele>6</ele>
        <time>2025-02-18T23:23:26.000Z</time>
        <extensions>
          <ns3:TrackPointExtension/>
        </extensions>
      </trkpt>
      <trkpt lat="31.4089537225663661956787109375" lon="119.48540392331779003143310546875">
        <ele>5.80000019073486328125</ele>
        <time>2025-02-18T23:23:27.000Z</time>
        <extensions>
          <ns3:TrackPointExtension/>
        </extensions>
      </trkpt>
      <trkpt lat="31.4089505374431610107421875" lon="119.48543242178857326507568359375">
        <ele>5.599999904632568359375</ele>
        <time>2025-02-18T23:23:28.000Z</time>
        <extensions>
          <ns3:TrackPointExtension/>
        </extensions>
      </trkpt>
      <trkpt lat="31.40894676558673381805419921875" lon="119.48545865714550018310546875">
        <ele>5.400000095367431640625</ele>
        <time>2025-02-18T23:23:29.000Z</time>
        <extensions>
          <ns3:TrackPointExtension>
            <ns3:hr>157</ns3:hr>
          </ns3:TrackPointExtension>
        </extensions>
      </trkpt>
      <trkpt lat="31.4089426584541797637939453125" lon="119.48548413813114166259765625">
        <ele>5.19999980926513671875</ele>
        <time>2025-02-18T23:23:30.000Z</time>
        <extensions>
          <ns3:TrackPointExtension/>
        </extensions>
      </trkpt>
      <trkpt lat="31.4089382998645305633544921875" lon="119.4855097867548465728759765625">
        <ele>5</ele>
        <time>2025-02-18T23:23:31.000Z</time>
        <extensions>
          <ns3:TrackPointExtension/>
        </extensions>
      </trkpt>
      <trkpt lat="31.40893377363681793212890625" lon="119.48553786613047122955322265625">
        <ele>4.599999904632568359375</ele>
        <time>2025-02-18T23:23:32.000Z</time>
        <extensions>
          <ns3:TrackPointExtension/>
        </extensions>
      </trkpt>
      <trkpt lat="31.40892866067588329315185546875" lon="119.48556871153414249420166015625">
        <ele>4.400000095367431640625</ele>
        <time>2025-02-18T23:23:33.000Z</time>
        <extensions>
          <ns3:TrackPointExtension/>
        </extensions>
      </trkpt>
      <trkpt lat="31.40892312861979007720947265625" lon="119.4856013171374797821044921875">
        <ele>4</ele>
        <time>2025-02-18T23:23:34.000Z</time>
        <extensions>
          <ns3:TrackPointExtension/>
        </extensions>
      </trkpt>
      <trkpt lat="31.40891826711595058441162109375" lon="119.4856328330934047698974609375">
        <ele>3.599999904632568359375</ele>
        <time>2025-02-18T23:23:35.000Z</time>
        <extensions>
          <ns3:TrackPointExtension/>
        </extensions>
      </trkpt>
      <trkpt lat="31.408913992345333099365234375" lon="119.48566191829741001129150390625">
        <ele>3.400000095367431640625</ele>
        <time>2025-02-18T23:23:36.000Z</time>
        <extensions>
          <ns3:TrackPointExtension>
            <ns3:hr>156</ns3:hr>
          </ns3:TrackPointExtension>
        </extensions>
      </trkpt>
      <trkpt lat="31.4089101366698741912841796875" lon="119.48569041676819324493408203125">
        <ele>3</ele>
        <time>2025-02-18T23:23:37.000Z</time>
        <extensions>
          <ns3:TrackPointExtension/>
        </extensions>
      </trkpt>
      <trkpt lat="31.40890636481344699859619140625" lon="119.485719501972198486328125">
        <ele>2.7999999523162841796875</ele>
        <time>2025-02-18T23:23:38.000Z</time>
        <extensions>
          <ns3:TrackPointExtension/>
        </extensions>
      </trkpt>
      <trkpt lat="31.4089027605950832366943359375" lon="119.485750012099742889404296875">
        <ele>2.400000095367431640625</ele>
        <time>2025-02-18T23:23:39.000Z</time>
        <extensions>
          <ns3:TrackPointExtension>
            <ns3:hr>156</ns3:hr>
          </ns3:TrackPointExtension>
        </extensions>
      </trkpt>
      <trkpt lat="31.40889915637671947479248046875" lon="119.4857810251414775848388671875">
        <ele>2.2000000476837158203125</ele>
        <time>2025-02-18T23:23:40.000Z</time>
        <extensions>
          <ns3:TrackPointExtension/>
        </extensions>
      </trkpt>
      <trkpt lat="31.4088960550725460052490234375" lon="119.48581178672611713409423828125">
        <ele>2</ele>
        <time>2025-02-18T23:23:41.000Z</time>
        <extensions>
          <ns3:TrackPointExtension/>
        </extensions>
      </trkpt>
      <trkpt lat="31.4088930375874042510986328125" lon="119.48584129102528095245361328125">
        <ele>1.7999999523162841796875</ele>
        <time>2025-02-18T23:23:42.000Z</time>
        <extensions>
          <ns3:TrackPointExtension/>
        </extensions>
      </trkpt>
      <trkpt lat="31.40888909809291362762451171875" lon="119.485870040953159332275390625">
        <ele>1.60000002384185791015625</ele>
        <time>2025-02-18T23:23:43.000Z</time>
        <extensions>
          <ns3:TrackPointExtension>
            <ns3:hr>155</ns3:hr>
          </ns3:TrackPointExtension>
        </extensions>
      </trkpt>
      <trkpt lat="31.408885158598423004150390625" lon="119.48589912615716457366943359375">
        <ele>1.60000002384185791015625</ele>
        <time>2025-02-18T23:23:44.000Z</time>
        <extensions>
          <ns3:TrackPointExtension/>
        </extensions>
      </trkpt>
      <trkpt lat="31.4088819734752178192138671875" lon="119.48593013919889926910400390625">
        <ele>1.60000002384185791015625</ele>
        <time>2025-02-18T23:23:45.000Z</time>
        <extensions>
          <ns3:TrackPointExtension/>
        </extensions>
      </trkpt>
      <trkpt lat="31.40887971036136150360107421875" lon="119.48596282862126827239990234375">
        <ele>1.60000002384185791015625</ele>
        <time>2025-02-18T23:23:46.000Z</time>
        <extensions>
          <ns3:TrackPointExtension/>
        </extensions>
      </trkpt>
      <trkpt lat="31.4088779501616954803466796875" lon="119.48599568568170070648193359375">
        <ele>1.60000002384185791015625</ele>
        <time>2025-02-18T23:23:47.000Z</time>
        <extensions>
          <ns3:TrackPointExtension/>
        </extensions>
      </trkpt>
      <trkpt lat="31.40887535177171230316162109375" lon="119.48602753691375255584716796875">
        <ele>1.39999997615814208984375</ele>
        <time>2025-02-18T23:23:48.000Z</time>
        <extensions>
          <ns3:TrackPointExtension>
            <ns3:hr>157</ns3:hr>
          </ns3:TrackPointExtension>
        </extensions>
      </trkpt>
      <trkpt lat="31.40887166373431682586669921875" lon="119.48605821467936038970947265625">
        <ele>1.39999997615814208984375</ele>
        <time>2025-02-18T23:23:49.000Z</time>
        <extensions>
          <ns3:TrackPointExtension/>
        </extensions>
      </trkpt>
      <trkpt lat="31.408867724239826202392578125" lon="119.48608855716884136199951171875">
        <ele>1.2000000476837158203125</ele>
        <time>2025-02-18T23:23:50.000Z</time>
        <extensions>
          <ns3:TrackPointExtension/>
        </extensions>
      </trkpt>
      <trkpt lat="31.408863700926303863525390625" lon="119.48611940257251262664794921875">
        <ele>1.2000000476837158203125</ele>
        <time>2025-02-18T23:23:51.000Z</time>
        <extensions>
          <ns3:TrackPointExtension/>
        </extensions>
      </trkpt>
      <trkpt lat="31.40885942615568637847900390625" lon="119.4861504994332790374755859375">
        <ele>1</ele>
        <time>2025-02-18T23:23:52.000Z</time>
        <extensions>
          <ns3:TrackPointExtension/>
        </extensions>
      </trkpt>
      <trkpt lat="31.408854983747005462646484375" lon="119.486179836094379425048828125">
        <ele>1.2000000476837158203125</ele>
        <time>2025-02-18T23:23:53.000Z</time>
        <extensions>
          <ns3:TrackPointExtension/>
        </extensions>
      </trkpt>
      <trkpt lat="31.40885037370026111602783203125" lon="119.4862071610987186431884765625">
        <ele>1.39999997615814208984375</ele>
        <time>2025-02-18T23:23:54.000Z</time>
        <extensions>
          <ns3:TrackPointExtension/>
        </extensions>
      </trkpt>
      <trkpt lat="31.40884584747254848480224609375" lon="119.4862329773604869842529296875">
        <ele>1.60000002384185791015625</ele>
        <time>2025-02-18T23:23:55.000Z</time>
        <extensions>
          <ns3:TrackPointExtension/>
        </extensions>
      </trkpt>
      <trkpt lat="31.40884115360677242279052734375" lon="119.4862584583461284637451171875">
        <ele>1.7999999523162841796875</ele>
        <time>2025-02-18T23:23:56.000Z</time>
        <extensions>
          <ns3:TrackPointExtension>
            <ns3:hr>157</ns3:hr>
          </ns3:TrackPointExtension>
        </extensions>
      </trkpt>
      <trkpt lat="31.40883662737905979156494140625" lon="119.4862839393317699432373046875">
        <ele>2.2000000476837158203125</ele>
        <time>2025-02-18T23:23:57.000Z</time>
        <extensions>
          <ns3:TrackPointExtension/>
        </extensions>
      </trkpt>
      <trkpt lat="31.408831514418125152587890625" lon="119.486309923231601715087890625">
        <ele>2.400000095367431640625</ele>
        <time>2025-02-18T23:23:58.000Z</time>
        <extensions>
          <ns3:TrackPointExtension/>
        </extensions>
      </trkpt>
      <trkpt lat="31.40882514417171478271484375" lon="119.48633682914078235626220703125">
        <ele>2.7999999523162841796875</ele>
        <time>2025-02-18T23:23:59.000Z</time>
        <extensions>
          <ns3:TrackPointExtension/>
        </extensions>
      </trkpt>
      <trkpt lat="31.4088182710111141204833984375" lon="119.48636515997350215911865234375">
        <ele>3.2000000476837158203125</ele>
        <time>2025-02-18T23:24:00.000Z</time>
        <extensions>
          <ns3:TrackPointExtension>
            <ns3:hr>157</ns3:hr>
          </ns3:TrackPointExtension>
        </extensions>
      </trkpt>
      <trkpt lat="31.4088119007647037506103515625" lon="119.4863945804536342620849609375">
        <ele>3.400000095367431640625</ele>
        <time>2025-02-18T23:24:01.000Z</time>
        <extensions>
          <ns3:TrackPointExtension/>
        </extensions>
      </trkpt>
      <trkpt lat="31.4088062010705471038818359375" lon="119.48642450384795665740966796875">
        <ele>3.7999999523162841796875</ele>
        <time>2025-02-18T23:24:02.000Z</time>
        <extensions>
          <ns3:TrackPointExtension/>
        </extensions>
      </trkpt>
      <trkpt lat="31.40880092047154903411865234375" lon="119.48645467869937419891357421875">
        <ele>4.19999980926513671875</ele>
        <time>2025-02-18T23:24:03.000Z</time>
        <extensions>
          <ns3:TrackPointExtension/>
        </extensions>
      </trkpt>
      <trkpt lat="31.40879689715802669525146484375" lon="119.4864840991795063018798828125">
        <ele>4.19999980926513671875</ele>
        <time>2025-02-18T23:24:04.000Z</time>
        <extensions>
          <ns3:TrackPointExtension/>
        </extensions>
      </trkpt>
      <trkpt lat="31.4087941311299800872802734375" lon="119.4865132682025432586669921875">
        <ele>4.400000095367431640625</ele>
        <time>2025-02-18T23:24:05.000Z</time>
        <extensions>
          <ns3:TrackPointExtension/>
        </extensions>
      </trkpt>
      <trkpt lat="31.4087917841970920562744140625" lon="119.48654168285429477691650390625">
        <ele>4.400000095367431640625</ele>
        <time>2025-02-18T23:24:06.000Z</time>
        <extensions>
          <ns3:TrackPointExtension/>
        </extensions>
      </trkpt>
      <trkpt lat="31.40878893435001373291015625" lon="119.48656976222991943359375">
        <ele>4.400000095367431640625</ele>
        <time>2025-02-18T23:24:07.000Z</time>
        <extensions>
          <ns3:TrackPointExtension>
            <ns3:hr>156</ns3:hr>
          </ns3:TrackPointExtension>
        </extensions>
      </trkpt>
      <trkpt lat="31.40878600068390369415283203125" lon="119.48659817688167095184326171875">
        <ele>4.599999904632568359375</ele>
        <time>2025-02-18T23:24:08.000Z</time>
        <extensions>
          <ns3:TrackPointExtension/>
        </extensions>
      </trkpt>
      <trkpt lat="31.40878415666520595550537109375" lon="119.48662650771439075469970703125">
        <ele>4.599999904632568359375</ele>
        <time>2025-02-18T23:24:09.000Z</time>
        <extensions>
          <ns3:TrackPointExtension>
            <ns3:hr>155</ns3:hr>
          </ns3:TrackPointExtension>
        </extensions>
      </trkpt>
      <trkpt lat="31.40878331847488880157470703125" lon="119.486652910709381103515625">
        <ele>4.80000019073486328125</ele>
        <time>2025-02-18T23:24:10.000Z</time>
        <extensions>
          <ns3:TrackPointExtension/>
        </extensions>
      </trkpt>
      <trkpt lat="31.40878147445619106292724609375" lon="119.48667638003826141357421875">
        <ele>4.80000019073486328125</ele>
        <time>2025-02-18T23:24:11.000Z</time>
        <extensions>
          <ns3:TrackPointExtension/>
        </extensions>
      </trkpt>
      <trkpt lat="31.40877711586654186248779296875" lon="119.48669976554811000823974609375">
        <ele>5</ele>
        <time>2025-02-18T23:24:12.000Z</time>
        <extensions>
          <ns3:TrackPointExtension/>
        </extensions>
      </trkpt>
      <trkpt lat="31.408769823610782623291015625" lon="119.48672465980052947998046875">
        <ele>5</ele>
        <time>2025-02-18T23:24:13.000Z</time>
        <extensions>
          <ns3:TrackPointExtension/>
        </extensions>
      </trkpt>
      <trkpt lat="31.40875951386988162994384765625" lon="119.48675139807164669036865234375">
        <ele>5.19999980926513671875</ele>
        <time>2025-02-18T23:24:14.000Z</time>
        <extensions>
          <ns3:TrackPointExtension/>
        </extensions>
      </trkpt>
      <trkpt lat="31.4087465219199657440185546875" lon="119.4867778010666370391845703125">
        <ele>5.400000095367431640625</ele>
        <time>2025-02-18T23:24:15.000Z</time>
        <extensions>
          <ns3:TrackPointExtension/>
        </extensions>
      </trkpt>
      <trkpt lat="31.4087314344942569732666015625" lon="119.48680286295711994171142578125">
        <ele>5.400000095367431640625</ele>
        <time>2025-02-18T23:24:16.000Z</time>
        <extensions>
          <ns3:TrackPointExtension>
            <ns3:hr>155</ns3:hr>
          </ns3:TrackPointExtension>
        </extensions>
      </trkpt>
      <trkpt lat="31.40871492214500904083251953125" lon="119.48682733811438083648681640625">
        <ele>5.599999904632568359375</ele>
        <time>2025-02-18T23:24:17.000Z</time>
        <extensions>
          <ns3:TrackPointExtension/>
        </extensions>
      </trkpt>
      <trkpt lat="31.40869664959609508514404296875" lon="119.486853070557117462158203125">
        <ele>5.599999904632568359375</ele>
        <time>2025-02-18T23:24:18.000Z</time>
        <extensions>
          <ns3:TrackPointExtension/>
        </extensions>
      </trkpt>
      <trkpt lat="31.4086777903139591217041015625" lon="119.4868795573711395263671875">
        <ele>5.80000019073486328125</ele>
        <time>2025-02-18T23:24:19.000Z</time>
        <extensions>
          <ns3:TrackPointExtension>
            <ns3:hr>153</ns3:hr>
          </ns3:TrackPointExtension>
        </extensions>
      </trkpt>
      <trkpt lat="31.40865993686020374298095703125" lon="119.48690478689968585968017578125">
        <ele>6</ele>
        <time>2025-02-18T23:24:20.000Z</time>
        <extensions>
          <ns3:TrackPointExtension/>
        </extensions>
      </trkpt>
      <trkpt lat="31.40864434652030467987060546875" lon="119.48692792095243930816650390625">
        <ele>6</ele>
        <time>2025-02-18T23:24:21.000Z</time>
        <extensions>
          <ns3:TrackPointExtension/>
        </extensions>
      </trkpt>
      <trkpt lat="31.4086311869323253631591796875" lon="119.4869494624435901641845703125">
        <ele>6.19999980926513671875</ele>
        <time>2025-02-18T23:24:22.000Z</time>
        <extensions>
          <ns3:TrackPointExtension/>
        </extensions>
      </trkpt>
      <trkpt lat="31.40861853025853633880615234375" lon="119.486969746649265289306640625">
        <ele>6.19999980926513671875</ele>
        <time>2025-02-18T23:24:23.000Z</time>
        <extensions>
          <ns3:TrackPointExtension/>
        </extensions>
      </trkpt>
      <trkpt lat="31.4086026884615421295166015625" lon="119.486987181007862091064453125">
        <ele>6.19999980926513671875</ele>
        <time>2025-02-18T23:24:24.000Z</time>
        <extensions>
          <ns3:TrackPointExtension/>
        </extensions>
      </trkpt>
      <trkpt lat="31.40858148224651813507080078125" lon="119.48700184933841228485107421875">
        <ele>6.400000095367431640625</ele>
        <time>2025-02-18T23:24:25.000Z</time>
        <extensions>
          <ns3:TrackPointExtension/>
        </extensions>
      </trkpt>
      <trkpt lat="31.40855491161346435546875" lon="119.48701190762221813201904296875">
        <ele>6.19999980926513671875</ele>
        <time>2025-02-18T23:24:26.000Z</time>
        <extensions>
          <ns3:TrackPointExtension/>
        </extensions>
      </trkpt>
      <trkpt lat="31.40852465294301509857177734375" lon="119.48701542802155017852783203125">
        <ele>6.19999980926513671875</ele>
        <time>2025-02-18T23:24:27.000Z</time>
        <extensions>
          <ns3:TrackPointExtension>
            <ns3:hr>152</ns3:hr>
          </ns3:TrackPointExtension>
        </extensions>
      </trkpt>
      <trkpt lat="31.4084940589964389801025390625" lon="119.4870136678218841552734375">
        <ele>6.19999980926513671875</ele>
        <time>2025-02-18T23:24:28.000Z</time>
        <extensions>
          <ns3:TrackPointExtension/>
        </extensions>
      </trkpt>
      <trkpt lat="31.4084648899734020233154296875" lon="119.48700972832739353179931640625">
        <ele>6.19999980926513671875</ele>
        <time>2025-02-18T23:24:29.000Z</time>
        <extensions>
          <ns3:TrackPointExtension/>
        </extensions>
      </trkpt>
      <trkpt lat="31.40843748115003108978271484375" lon="119.48700671084225177764892578125">
        <ele>6.19999980926513671875</ele>
        <time>2025-02-18T23:24:30.000Z</time>
        <extensions>
          <ns3:TrackPointExtension>
            <ns3:hr>152</ns3:hr>
          </ns3:TrackPointExtension>
        </extensions>
      </trkpt>
      <trkpt lat="31.408411078155040740966796875" lon="119.487005285918712615966796875">
        <ele>6.19999980926513671875</ele>
        <time>2025-02-18T23:24:31.000Z</time>
        <extensions>
          <ns3:TrackPointExtension/>
        </extensions>
      </trkpt>
      <trkpt lat="31.40838526189327239990234375" lon="119.48700436390936374664306640625">
        <ele>6.19999980926513671875</ele>
        <time>2025-02-18T23:24:32.000Z</time>
        <extensions>
          <ns3:TrackPointExtension/>
        </extensions>
      </trkpt>
      <trkpt lat="31.40836003236472606658935546875" lon="119.48700386099517345428466796875">
        <ele>6.19999980926513671875</ele>
        <time>2025-02-18T23:24:33.000Z</time>
        <extensions>
          <ns3:TrackPointExtension/>
        </extensions>
      </trkpt>
      <trkpt lat="31.40833522193133831024169921875" lon="119.48700495064258575439453125">
        <ele>6.19999980926513671875</ele>
        <time>2025-02-18T23:24:34.000Z</time>
        <extensions>
          <ns3:TrackPointExtension/>
        </extensions>
      </trkpt>
      <trkpt lat="31.40831057913601398468017578125" lon="119.48700687848031520843505859375">
        <ele>6.19999980926513671875</ele>
        <time>2025-02-18T23:24:35.000Z</time>
        <extensions>
          <ns3:TrackPointExtension/>
        </extensions>
      </trkpt>
      <trkpt lat="31.40828560106456279754638671875" lon="119.4870083034038543701171875">
        <ele>6.19999980926513671875</ele>
        <time>2025-02-18T23:24:36.000Z</time>
        <extensions>
          <ns3:TrackPointExtension/>
        </extensions>
      </trkpt>
      <trkpt lat="31.40825978480279445648193359375" lon="119.48700889013707637786865234375">
        <ele>6.19999980926513671875</ele>
        <time>2025-02-18T23:24:37.000Z</time>
        <extensions>
          <ns3:TrackPointExtension>
            <ns3:hr>152</ns3:hr>
          </ns3:TrackPointExtension>
        </extensions>
      </trkpt>
      <trkpt lat="31.40823329798877239227294921875" lon="119.48700897395610809326171875">
        <ele>6</ele>
        <time>2025-02-18T23:24:38.000Z</time>
        <extensions>
          <ns3:TrackPointExtension/>
        </extensions>
      </trkpt>
      <trkpt lat="31.40820689499378204345703125" lon="119.48700939305126667022705078125">
        <ele>6</ele>
        <time>2025-02-18T23:24:39.000Z</time>
        <extensions>
          <ns3:TrackPointExtension/>
        </extensions>
      </trkpt>
      <trkpt lat="31.40818015672266483306884765625" lon="119.48700989596545696258544921875">
        <ele>6</ele>
        <time>2025-02-18T23:24:40.000Z</time>
        <extensions>
          <ns3:TrackPointExtension/>
        </extensions>
      </trkpt>
      <trkpt lat="31.40815316699445247650146484375" lon="119.487010650336742401123046875">
        <ele>6</ele>
        <time>2025-02-18T23:24:41.000Z</time>
        <extensions>
          <ns3:TrackPointExtension/>
        </extensions>
      </trkpt>
      <trkpt lat="31.40812617726624011993408203125" lon="119.48701241053640842437744140625">
        <ele>6</ele>
        <time>2025-02-18T23:24:42.000Z</time>
        <extensions>
          <ns3:TrackPointExtension>
            <ns3:hr>154</ns3:hr>
          </ns3:TrackPointExtension>
        </extensions>
      </trkpt>
      <trkpt lat="31.40809901989996433258056640625" lon="119.48701475746929645538330078125">
        <ele>6</ele>
        <time>2025-02-18T23:24:43.000Z</time>
        <extensions>
          <ns3:TrackPointExtension/>
        </extensions>
      </trkpt>
      <trkpt lat="31.40807085670530796051025390625" lon="119.48701710440218448638916015625">
        <ele>6</ele>
        <time>2025-02-18T23:24:44.000Z</time>
        <extensions>
          <ns3:TrackPointExtension/>
        </extensions>
      </trkpt>
      <trkpt lat="31.40804152004420757293701171875" lon="119.48701861314475536346435546875">
        <ele>6</ele>
        <time>2025-02-18T23:24:45.000Z</time>
        <extensions>
          <ns3:TrackPointExtension>
            <ns3:hr>154</ns3:hr>
          </ns3:TrackPointExtension>
        </extensions>
      </trkpt>
      <trkpt lat="31.408010758459568023681640625" lon="119.4870195351541042327880859375">
        <ele>6</ele>
        <time>2025-02-18T23:24:46.000Z</time>
        <extensions>
          <ns3:TrackPointExtension/>
        </extensions>
      </trkpt>
      <trkpt lat="31.40797982923686504364013671875" lon="119.487020038068294525146484375">
        <ele>6</ele>
        <time>2025-02-18T23:24:47.000Z</time>
        <extensions>
          <ns3:TrackPointExtension/>
        </extensions>
      </trkpt>
      <trkpt lat="31.40794965438544750213623046875" lon="119.48701995424926280975341796875">
        <ele>6.19999980926513671875</ele>
        <time>2025-02-18T23:24:48.000Z</time>
        <extensions>
          <ns3:TrackPointExtension/>
        </extensions>
      </trkpt>
      <trkpt lat="31.4079204015433788299560546875" lon="119.4870202057063579559326171875">
        <ele>6.400000095367431640625</ele>
        <time>2025-02-18T23:24:49.000Z</time>
        <extensions>
          <ns3:TrackPointExtension/>
        </extensions>
      </trkpt>
      <trkpt lat="31.40789098106324672698974609375" lon="119.4870217144489288330078125">
        <ele>6.400000095367431640625</ele>
        <time>2025-02-18T23:24:50.000Z</time>
        <extensions>
          <ns3:TrackPointExtension>
            <ns3:hr>154</ns3:hr>
          </ns3:TrackPointExtension>
        </extensions>
      </trkpt>
      <trkpt lat="31.4078617282211780548095703125" lon="119.4870238937437534332275390625">
        <ele>6.599999904632568359375</ele>
        <time>2025-02-18T23:24:51.000Z</time>
        <extensions>
          <ns3:TrackPointExtension/>
        </extensions>
      </trkpt>
      <trkpt lat="31.40783297829329967498779296875" lon="119.48702565394341945648193359375">
        <ele>6.599999904632568359375</ele>
        <time>2025-02-18T23:24:52.000Z</time>
        <extensions>
          <ns3:TrackPointExtension/>
        </extensions>
      </trkpt>
      <trkpt lat="31.40780481509864330291748046875" lon="119.48702699504792690277099609375">
        <ele>6.80000019073486328125</ele>
        <time>2025-02-18T23:24:53.000Z</time>
        <extensions>
          <ns3:TrackPointExtension/>
        </extensions>
      </trkpt>
      <trkpt lat="31.40777681954205036163330078125" lon="119.48702909052371978759765625">
        <ele>6.80000019073486328125</ele>
        <time>2025-02-18T23:24:54.000Z</time>
        <extensions>
          <ns3:TrackPointExtension/>
        </extensions>
      </trkpt>
      <trkpt lat="31.4077489078044891357421875" lon="119.48703177273273468017578125">
        <ele>7</ele>
        <time>2025-02-18T23:24:55.000Z</time>
        <extensions>
          <ns3:TrackPointExtension/>
        </extensions>
      </trkpt>
      <trkpt lat="31.40772133134305477142333984375" lon="119.48703386820852756500244140625">
        <ele>7.19999980926513671875</ele>
        <time>2025-02-18T23:24:56.000Z</time>
        <extensions>
          <ns3:TrackPointExtension/>
        </extensions>
      </trkpt>
      <trkpt lat="31.4076940901577472686767578125" lon="119.4870349578559398651123046875">
        <ele>7.19999980926513671875</ele>
        <time>2025-02-18T23:24:57.000Z</time>
        <extensions>
          <ns3:TrackPointExtension>
            <ns3:hr>156</ns3:hr>
          </ns3:TrackPointExtension>
        </extensions>
      </trkpt>
      <trkpt lat="31.40766751952469348907470703125" lon="119.48703554458916187286376953125">
        <ele>7.19999980926513671875</ele>
        <time>2025-02-18T23:24:58.000Z</time>
        <extensions>
          <ns3:TrackPointExtension/>
        </extensions>
      </trkpt>
      <trkpt lat="31.40764153562486171722412109375" lon="119.4870359636843204498291015625">
        <ele>7</ele>
        <time>2025-02-18T23:24:59.000Z</time>
        <extensions>
          <ns3:TrackPointExtension>
            <ns3:hr>157</ns3:hr>
          </ns3:TrackPointExtension>
        </extensions>
      </trkpt>
      <trkpt lat="31.407615803182125091552734375" lon="119.4870366342365741729736328125">
        <ele>7</ele>
        <time>2025-02-18T23:25:00.000Z</time>
        <extensions>
          <ns3:TrackPointExtension/>
        </extensions>
      </trkpt>
      <trkpt lat="31.40758906491100788116455078125" lon="119.4870376400649547576904296875">
        <ele>6.80000019073486328125</ele>
        <time>2025-02-18T23:25:01.000Z</time>
        <extensions>
          <ns3:TrackPointExtension/>
        </extensions>
      </trkpt>
      <trkpt lat="31.40756140463054180145263671875" lon="119.48703856207430362701416015625">
        <ele>6.80000019073486328125</ele>
        <time>2025-02-18T23:25:02.000Z</time>
        <extensions>
          <ns3:TrackPointExtension/>
        </extensions>
      </trkpt>
      <trkpt lat="31.40753340907394886016845703125" lon="119.487039484083652496337890625">
        <ele>6.599999904632568359375</ele>
        <time>2025-02-18T23:25:03.000Z</time>
        <extensions>
          <ns3:TrackPointExtension/>
        </extensions>
      </trkpt>
      <trkpt lat="31.40750541351735591888427734375" lon="119.48704090900719165802001953125">
        <ele>6.599999904632568359375</ele>
        <time>2025-02-18T23:25:04.000Z</time>
        <extensions>
          <ns3:TrackPointExtension>
            <ns3:hr>158</ns3:hr>
          </ns3:TrackPointExtension>
        </extensions>
      </trkpt>
      <trkpt lat="31.40747733414173126220703125" lon="119.48704342357814311981201171875">
        <ele>6.400000095367431640625</ele>
        <time>2025-02-18T23:25:05.000Z</time>
        <extensions>
          <ns3:TrackPointExtension/>
        </extensions>
      </trkpt>
      <trkpt lat="31.4074490033090114593505859375" lon="119.48704660870134830474853515625">
        <ele>6.400000095367431640625</ele>
        <time>2025-02-18T23:25:06.000Z</time>
        <extensions>
          <ns3:TrackPointExtension/>
        </extensions>
      </trkpt>
      <trkpt lat="31.40742025338113307952880859375" lon="119.4870497100055217742919921875">
        <ele>6.19999980926513671875</ele>
        <time>2025-02-18T23:25:07.000Z</time>
        <extensions>
          <ns3:TrackPointExtension/>
        </extensions>
      </trkpt>
      <trkpt lat="31.4073920063674449920654296875" lon="119.48705163784325122833251953125">
        <ele>6.19999980926513671875</ele>
        <time>2025-02-18T23:25:08.000Z</time>
        <extensions>
          <ns3:TrackPointExtension/>
        </extensions>
      </trkpt>
      <trkpt lat="31.40736476518213748931884765625" lon="119.48705230839550495147705078125">
        <ele>6</ele>
        <time>2025-02-18T23:25:09.000Z</time>
        <extensions>
          <ns3:TrackPointExtension>
            <ns3:hr>159</ns3:hr>
          </ns3:TrackPointExtension>
        </extensions>
      </trkpt>
      <trkpt lat="31.4073373563587665557861328125" lon="119.48705264367163181304931640625">
        <ele>6</ele>
        <time>2025-02-18T23:25:10.000Z</time>
        <extensions>
          <ns3:TrackPointExtension/>
        </extensions>
      </trkpt>
      <trkpt lat="31.4073088578879833221435546875" lon="119.48705323040485382080078125">
        <ele>5.80000019073486328125</ele>
        <time>2025-02-18T23:25:11.000Z</time>
        <extensions>
          <ns3:TrackPointExtension/>
        </extensions>
      </trkpt>
      <trkpt lat="31.40727926976978778839111328125" lon="119.4870540685951709747314453125">
        <ele>5.80000019073486328125</ele>
        <time>2025-02-18T23:25:12.000Z</time>
        <extensions>
          <ns3:TrackPointExtension/>
        </extensions>
      </trkpt>
      <trkpt lat="31.4072501845657825469970703125" lon="119.48705448769032955169677734375">
        <ele>5.599999904632568359375</ele>
        <time>2025-02-18T23:25:13.000Z</time>
        <extensions>
          <ns3:TrackPointExtension/>
        </extensions>
      </trkpt>
      <trkpt lat="31.40722252428531646728515625" lon="119.48705432005226612091064453125">
        <ele>5.599999904632568359375</ele>
        <time>2025-02-18T23:25:14.000Z</time>
        <extensions>
          <ns3:TrackPointExtension/>
        </extensions>
      </trkpt>
      <trkpt lat="31.4071951992809772491455078125" lon="119.487054236233234405517578125">
        <ele>5.400000095367431640625</ele>
        <time>2025-02-18T23:25:15.000Z</time>
        <extensions>
          <ns3:TrackPointExtension>
            <ns3:hr>159</ns3:hr>
          </ns3:TrackPointExtension>
        </extensions>
      </trkpt>
      <trkpt lat="31.40716745518147945404052734375" lon="119.4870554096996784210205078125">
        <ele>5.400000095367431640625</ele>
        <time>2025-02-18T23:25:16.000Z</time>
        <extensions>
          <ns3:TrackPointExtension/>
        </extensions>
      </trkpt>
      <trkpt lat="31.4071398787200450897216796875" lon="119.48705750517547130584716796875">
        <ele>5.599999904632568359375</ele>
        <time>2025-02-18T23:25:17.000Z</time>
        <extensions>
          <ns3:TrackPointExtension/>
        </extensions>
      </trkpt>
      <trkpt lat="31.407112218439579010009765625" lon="119.487058930099010467529296875">
        <ele>5.80000019073486328125</ele>
        <time>2025-02-18T23:25:18.000Z</time>
        <extensions>
          <ns3:TrackPointExtension/>
        </extensions>
      </trkpt>
      <trkpt lat="31.407084055244922637939453125" lon="119.48705918155610561370849609375">
        <ele>5.80000019073486328125</ele>
        <time>2025-02-18T23:25:19.000Z</time>
        <extensions>
          <ns3:TrackPointExtension/>
        </extensions>
      </trkpt>
      <trkpt lat="31.40705580823123455047607421875" lon="119.48705918155610561370849609375">
        <ele>6</ele>
        <time>2025-02-18T23:25:20.000Z</time>
        <extensions>
          <ns3:TrackPointExtension/>
        </extensions>
      </trkpt>
      <trkpt lat="31.4070275612175464630126953125" lon="119.48705901391804218292236328125">
        <ele>6</ele>
        <time>2025-02-18T23:25:21.000Z</time>
        <extensions>
          <ns3:TrackPointExtension>
            <ns3:hr>158</ns3:hr>
          </ns3:TrackPointExtension>
        </extensions>
      </trkpt>
      <trkpt lat="31.4070000685751438140869140625" lon="119.48705884627997875213623046875">
        <ele>6.19999980926513671875</ele>
        <time>2025-02-18T23:25:22.000Z</time>
        <extensions>
          <ns3:TrackPointExtension/>
        </extensions>
      </trkpt>
      <trkpt lat="31.4069729112088680267333984375" lon="119.487059600651264190673828125">
        <ele>6.19999980926513671875</ele>
        <time>2025-02-18T23:25:23.000Z</time>
        <extensions>
          <ns3:TrackPointExtension/>
        </extensions>
      </trkpt>
      <trkpt lat="31.4069470949470996856689453125" lon="119.48706203140318393707275390625">
        <ele>6.400000095367431640625</ele>
        <time>2025-02-18T23:25:24.000Z</time>
        <extensions>
          <ns3:TrackPointExtension/>
        </extensions>
      </trkpt>
      <trkpt lat="31.40692211687564849853515625" lon="119.48706530034542083740234375">
        <ele>6.400000095367431640625</ele>
        <time>2025-02-18T23:25:25.000Z</time>
        <extensions>
          <ns3:TrackPointExtension/>
        </extensions>
      </trkpt>
      <trkpt lat="31.40689688734710216522216796875" lon="119.4870688207447528839111328125">
        <ele>6.599999904632568359375</ele>
        <time>2025-02-18T23:25:26.000Z</time>
        <extensions>
          <ns3:TrackPointExtension>
            <ns3:hr>159</ns3:hr>
          </ns3:TrackPointExtension>
        </extensions>
      </trkpt>
      <trkpt lat="31.406872160732746124267578125" lon="119.4870725087821483612060546875">
        <ele>6.80000019073486328125</ele>
        <time>2025-02-18T23:25:27.000Z</time>
        <extensions>
          <ns3:TrackPointExtension/>
        </extensions>
      </trkpt>
    </trkseg>
  </trk>
</gpx>
